Local Site Name,Date,County,Ozone,PM2.5
Bryson City,2024-01-01,Swain,,43.0
Bryson City,2024-01-02,Swain,,21.0
Bryson City,2024-01-03,Swain,,34.0
Bryson City,2024-01-04,Swain,,31.0
Bryson City,2024-01-05,Swain,,45.0
Bryson City,2024-01-06,Swain,,16.0
Bryson City,2024-01-07,Swain,,8.0
Bryson City,2024-01-08,Swain,,17.0
Bryson City,2024-01-09,Swain,,8.0
Bryson City,2024-01-10,Swain,,20.0
Bryson City,2024-01-11,Swain,,32.0
Bryson City,2024-01-12,Swain,,33.0
Bryson City,2024-01-13,Swain,,13.0
Bryson City,2024-01-14,Swain,,36.0
Bryson City,2024-01-15,Swain,,43.0
Bryson City,2024-01-16,Swain,,14.0
Bryson City,2024-01-17,Swain,,12.0
Bryson City,2024-01-18,Swain,,32.0
Bryson City,2024-01-19,Swain,,22.0
Bryson City,2024-01-20,Swain,,12.0
Bryson City,2024-01-21,Swain,,30.0
Bryson City,2024-01-22,Swain,,34.0
Bryson City,2024-01-23,Swain,,48.0
Bryson City,2024-01-24,Swain,,32.0
Bryson City,2024-01-25,Swain,,10.0
Bryson City,2024-01-26,Swain,,12.0
Bryson City,2024-01-27,Swain,,17.0
Bryson City,2024-01-28,Swain,,0.0
Bryson City,2024-01-29,Swain,,4.0
Bryson City,2024-01-30,Swain,,9.0
Bryson City,2024-01-31,Swain,,12.0
Bryson City,2024-02-01,Swain,,15.0
Bryson City,2024-02-02,Swain,,41.0
Bryson City,2024-02-03,Swain,,53.0
Bryson City,2024-02-04,Swain,,23.0
Bryson City,2024-02-05,Swain,,18.0
Bryson City,2024-02-06,Swain,,19.0
Bryson City,2024-02-07,Swain,,18.0
Bryson City,2024-02-08,Swain,,48.0
Bryson City,2024-02-09,Swain,,58.0
Bryson City,2024-02-10,Swain,,65.0
Bryson City,2024-02-11,Swain,,35.0
Bryson City,2024-02-12,Swain,,22.0
Bryson City,2024-02-13,Swain,,13.0
Bryson City,2024-02-14,Swain,,21.0
Bryson City,2024-02-15,Swain,,29.0
Bryson City,2024-02-16,Swain,,52.0
Bryson City,2024-02-17,Swain,,16.0
Bryson City,2024-02-18,Swain,,13.0
Bryson City,2024-02-19,Swain,,12.0
Bryson City,2024-02-20,Swain,,32.0
Bryson City,2024-02-21,Swain,,61.0
Bryson City,2024-02-22,Swain,,61.0
Bryson City,2024-02-23,Swain,,20.0
Bryson City,2024-02-24,Swain,,8.0
Bryson City,2024-02-25,Swain,,11.0
Bryson City,2024-02-26,Swain,,49.0
Bryson City,2024-02-27,Swain,,60.0
Bryson City,2024-02-28,Swain,,44.0
Bryson City,2024-02-29,Swain,,11.0
Bryson City,2024-03-01,Swain,31.0,23.0
Bryson City,2024-03-02,Swain,34.0,20.0
Bryson City,2024-03-03,Swain,35.0,23.0
Bryson City,2024-03-04,Swain,31.0,33.0
Bryson City,2024-03-05,Swain,36.0,42.0
Bryson City,2024-03-06,Swain,31.0,19.0
Bryson City,2024-03-07,Swain,35.0,14.0
Bryson City,2024-03-08,Swain,32.0,19.0
Bryson City,2024-03-09,Swain,29.0,7.0
Bryson City,2024-03-10,Swain,40.0,3.0
Bryson City,2024-03-11,Swain,44.0,8.0
Bryson City,2024-03-12,Swain,39.0,27.0
Bryson City,2024-03-13,Swain,47.0,55.0
Bryson City,2024-03-14,Swain,61.0,83.0
Bryson City,2024-03-15,Swain,33.0,58.0
Bryson City,2024-03-16,Swain,38.0,16.0
Bryson City,2024-03-17,Swain,42.0,21.0
Bryson City,2024-03-18,Swain,40.0,11.0
Bryson City,2024-03-19,Swain,45.0,63.0
Bryson City,2024-03-20,Swain,47.0,62.0
Bryson City,2024-03-21,Swain,44.0,37.0
Bryson City,2024-03-22,Swain,49.0,46.0
Bryson City,2024-03-23,Swain,39.0,26.0
Bryson City,2024-03-24,Swain,44.0,21.0
Bryson City,2024-03-25,Swain,51.0,18.0
Bryson City,2024-03-26,Swain,34.0,18.0
Bryson City,2024-03-27,Swain,40.0,17.0
Bryson City,2024-03-28,Swain,45.0,20.0
Bryson City,2024-03-29,Swain,46.0,43.0
Bryson City,2024-03-30,Swain,54.0,53.0
Bryson City,2024-03-31,Swain,46.0,53.0
Bryson City,2024-04-01,Swain,42.0,55.0
Bryson City,2024-04-02,Swain,44.0,58.0
Bryson City,2024-04-03,Swain,42.0,18.0
Bryson City,2024-04-04,Swain,37.0,16.0
Bryson City,2024-04-05,Swain,32.0,7.0
Bryson City,2024-04-06,Swain,41.0,19.0
Bryson City,2024-04-07,Swain,44.0,25.0
Bryson City,2024-04-08,Swain,50.0,52.0
Bryson City,2024-04-09,Swain,39.0,51.0
Bryson City,2024-04-10,Swain,43.0,46.0
Bryson City,2024-04-11,Swain,41.0,19.0
Bryson City,2024-04-12,Swain,43.0,21.0
Bryson City,2024-04-13,Swain,48.0,29.0
Bryson City,2024-04-14,Swain,71.0,46.0
Bryson City,2024-04-15,Swain,48.0,46.0
Bryson City,2024-04-16,Swain,,68.0
Bryson City,2024-04-17,Swain,49.0,47.0
Bryson City,2024-04-18,Swain,47.0,41.0
Bryson City,2024-04-19,Swain,47.0,37.0
Bryson City,2024-04-20,Swain,36.0,24.0
Bryson City,2024-04-21,Swain,32.0,21.0
Bryson City,2024-04-22,Swain,43.0,16.0
Bryson City,2024-04-23,Swain,48.0,52.0
Bryson City,2024-04-24,Swain,48.0,35.0
Bryson City,2024-04-25,Swain,50.0,31.0
Bryson City,2024-04-26,Swain,29.0,51.0
Bryson City,2024-04-27,Swain,43.0,54.0
Bryson City,2024-04-28,Swain,44.0,40.0
Bryson City,2024-04-29,Swain,46.0,33.0
Bryson City,2024-04-30,Swain,43.0,24.0
Bryson City,2024-05-01,Swain,41.0,18.0
Bryson City,2024-05-02,Swain,48.0,39.0
Bryson City,2024-05-03,Swain,31.0,51.0
Bryson City,2024-05-04,Swain,26.0,33.0
Bryson City,2024-05-05,Swain,38.0,28.0
Bryson City,2024-05-06,Swain,32.0,27.0
Bryson City,2024-05-07,Swain,32.0,33.0
Bryson City,2024-05-08,Swain,39.0,36.0
Bryson City,2024-05-09,Swain,43.0,15.0
Bryson City,2024-05-10,Swain,44.0,17.0
Bryson City,2024-05-11,Swain,41.0,30.0
Bryson City,2024-05-12,Swain,45.0,38.0
Bryson City,2024-05-13,Swain,29.0,48.0
Bryson City,2024-05-14,Swain,26.0,26.0
Bryson City,2024-05-15,Swain,38.0,13.0
Bryson City,2024-05-16,Swain,43.0,29.0
Bryson City,2024-05-17,Swain,19.0,34.0
Bryson City,2024-05-18,Swain,36.0,24.0
Bryson City,2024-05-19,Swain,36.0,16.0
Bryson City,2024-05-20,Swain,38.0,24.0
Bryson City,2024-05-21,Swain,37.0,32.0
Bryson City,2024-05-22,Swain,44.0,46.0
Bryson City,2024-05-23,Swain,35.0,45.0
Bryson City,2024-05-24,Swain,36.0,34.0
Bryson City,2024-05-25,Swain,38.0,32.0
Bryson City,2024-05-26,Swain,31.0,48.0
Bryson City,2024-05-27,Swain,44.0,29.0
Bryson City,2024-05-28,Swain,46.0,23.0
Bryson City,2024-05-29,Swain,48.0,24.0
Bryson City,2024-05-30,Swain,39.0,21.0
Bryson City,2024-05-31,Swain,37.0,29.0
Bryson City,2024-06-01,Swain,44.0,44.0
Bryson City,2024-06-02,Swain,24.0,33.0
Bryson City,2024-06-03,Swain,33.0,34.0
Bryson City,2024-06-04,Swain,32.0,31.0
Bryson City,2024-06-05,Swain,28.0,28.0
Bryson City,2024-06-06,Swain,38.0,34.0
Bryson City,2024-06-07,Swain,49.0,34.0
Bryson City,2024-06-08,Swain,45.0,35.0
Bryson City,2024-06-09,Swain,38.0,28.0
Bryson City,2024-06-10,Swain,46.0,26.0
Bryson City,2024-06-11,Swain,38.0,28.0
Bryson City,2024-06-12,Swain,44.0,52.0
Bryson City,2024-06-13,Swain,49.0,57.0
Bryson City,2024-06-14,Swain,45.0,59.0
Bryson City,2024-06-15,Swain,44.0,56.0
Bryson City,2024-06-16,Swain,40.0,53.0
Bryson City,2024-06-17,Swain,32.0,55.0
Bryson City,2024-06-18,Swain,40.0,55.0
Bryson City,2024-06-19,Swain,33.0,51.0
Bryson City,2024-06-20,Swain,38.0,43.0
Bryson City,2024-06-21,Swain,35.0,
Bryson City,2024-06-22,Swain,37.0,
Bryson City,2024-06-23,Swain,43.0,
Bryson City,2024-06-24,Swain,51.0,
Bryson City,2024-06-25,Swain,41.0,
Bryson City,2024-06-26,Swain,48.0,36.0
Bryson City,2024-06-27,Swain,34.0,45.0
Bryson City,2024-06-28,Swain,35.0,49.0
Bryson City,2024-06-29,Swain,29.0,38.0
Bryson City,2024-06-30,Swain,32.0,43.0
Bryson City,2024-07-01,Swain,42.0,25.0
Bryson City,2024-07-02,Swain,41.0,44.0
Bryson City,2024-07-03,Swain,39.0,38.0
Bryson City,2024-07-04,Swain,36.0,53.0
Bryson City,2024-07-05,Swain,23.0,37.0
Bryson City,2024-07-06,Swain,32.0,26.0
Bryson City,2024-07-07,Swain,26.0,28.0
Bryson City,2024-07-08,Swain,31.0,26.0
Bryson City,2024-07-09,Swain,25.0,27.0
Bryson City,2024-07-10,Swain,36.0,19.0
Bryson City,2024-07-11,Swain,41.0,26.0
Bryson City,2024-07-12,Swain,42.0,40.0
Bryson City,2024-07-13,Swain,44.0,52.0
Bryson City,2024-07-14,Swain,40.0,51.0
Bryson City,2024-07-15,Swain,38.0,53.0
Bryson City,2024-07-16,Swain,29.0,45.0
Bryson City,2024-07-17,Swain,30.0,41.0
Bryson City,2024-07-18,Swain,40.0,29.0
Bryson City,2024-07-19,Swain,27.0,26.0
Bryson City,2024-07-20,Swain,28.0,17.0
Bryson City,2024-07-21,Swain,27.0,14.0
Bryson City,2024-07-22,Swain,30.0,25.0
Bryson City,2024-07-23,Swain,27.0,28.0
Bryson City,2024-07-24,Swain,26.0,28.0
Bryson City,2024-07-25,Swain,19.0,6.0
Bryson City,2024-07-26,Swain,24.0,42.0
Bryson City,2024-07-27,Swain,31.0,55.0
Bryson City,2024-07-28,Swain,25.0,52.0
Bryson City,2024-07-29,Swain,26.0,29.0
Bryson City,2024-07-30,Swain,24.0,28.0
Bryson City,2024-07-31,Swain,28.0,26.0
Bryson City,2024-08-01,Swain,21.0,37.0
Bryson City,2024-08-02,Swain,27.0,70.0
Bryson City,2024-08-03,Swain,42.0,54.0
Bryson City,2024-08-04,Swain,37.0,31.0
Bryson City,2024-08-05,Swain,42.0,44.0
Bryson City,2024-08-06,Swain,31.0,39.0
Bryson City,2024-08-07,Swain,35.0,38.0
Bryson City,2024-08-08,Swain,22.0,24.0
Bryson City,2024-08-09,Swain,42.0,41.0
Bryson City,2024-08-10,Swain,38.0,48.0
Bryson City,2024-08-11,Swain,36.0,43.0
Bryson City,2024-08-12,Swain,32.0,33.0
Bryson City,2024-08-13,Swain,39.0,33.0
Bryson City,2024-08-14,Swain,36.0,34.0
Bryson City,2024-08-15,Swain,39.0,44.0
Bryson City,2024-08-16,Swain,34.0,42.0
Bryson City,2024-08-17,Swain,36.0,24.0
Bryson City,2024-08-18,Swain,34.0,21.0
Bryson City,2024-08-19,Swain,29.0,14.0
Bryson City,2024-08-20,Swain,37.0,33.0
Bryson City,2024-08-21,Swain,37.0,40.0
Bryson City,2024-08-22,Swain,43.0,48.0
Bryson City,2024-08-23,Swain,46.0,52.0
Bryson City,2024-08-24,Swain,37.0,52.0
Bryson City,2024-08-25,Swain,41.0,49.0
Bryson City,2024-08-26,Swain,44.0,55.0
Bryson City,2024-08-27,Swain,44.0,56.0
Bryson City,2024-08-28,Swain,42.0,55.0
Bryson City,2024-08-29,Swain,46.0,55.0
Bryson City,2024-08-30,Swain,39.0,57.0
Bryson City,2024-08-31,Swain,32.0,52.0
Bryson City,2024-09-01,Swain,30.0,29.0
Bryson City,2024-09-02,Swain,29.0,19.0
Bryson City,2024-09-03,Swain,31.0,28.0
Bryson City,2024-09-04,Swain,30.0,22.0
Bryson City,2024-09-05,Swain,34.0,32.0
Bryson City,2024-09-06,Swain,30.0,31.0
Bryson City,2024-09-07,Swain,33.0,24.0
Bryson City,2024-09-08,Swain,31.0,13.0
Bryson City,2024-09-09,Swain,31.0,28.0
Bryson City,2024-09-10,Swain,33.0,28.0
Bryson City,2024-09-11,Swain,44.0,36.0
Bryson City,2024-09-12,Swain,38.0,37.0
Bryson City,2024-09-13,Swain,31.0,22.0
Bryson City,2024-09-14,Swain,31.0,27.0
Bryson City,2024-09-15,Swain,30.0,29.0
Bryson City,2024-09-16,Swain,,28.0
Bryson City,2024-09-17,Swain,,22.0
Bryson City,2024-09-18,Swain,19.0,11.0
Bryson City,2024-09-19,Swain,24.0,18.0
Bryson City,2024-09-20,Swain,32.0,26.0
Bryson City,2024-09-21,Swain,40.0,41.0
Bryson City,2024-09-22,Swain,39.0,30.0
Bryson City,2024-09-23,Swain,38.0,42.0
Bryson City,2024-09-24,Swain,30.0,51.0
Bryson City,2024-09-25,Swain,26.0,36.0
Bryson City,2024-09-26,Swain,22.0,3.0
Bryson City,2024-09-28,Swain,28.0,23.0
Bryson City,2024-09-29,Swain,18.0,7.0
Bryson City,2024-09-30,Swain,19.0,11.0
Bryson City,2024-10-01,Swain,21.0,7.0
Bryson City,2024-10-02,Swain,28.0,15.0
Bryson City,2024-10-03,Swain,26.0,24.0
Bryson City,2024-10-04,Swain,27.0,37.0
Bryson City,2024-10-05,Swain,33.0,34.0
Bryson City,2024-10-06,Swain,38.0,39.0
Bryson City,2024-10-07,Swain,37.0,33.0
Bryson City,2024-10-08,Swain,38.0,38.0
Bryson City,2024-10-09,Swain,32.0,26.0
Bryson City,2024-10-10,Swain,44.0,17.0
Bryson City,2024-10-11,Swain,36.0,23.0
Bryson City,2024-10-12,Swain,34.0,39.0
Bryson City,2024-10-13,Swain,36.0,50.0
Bryson City,2024-10-14,Swain,34.0,29.0
Bryson City,2024-10-15,Swain,29.0,13.0
Bryson City,2024-10-16,Swain,30.0,11.0
Bryson City,2024-10-17,Swain,30.0,17.0
Bryson City,2024-10-18,Swain,32.0,42.0
Bryson City,2024-10-19,Swain,32.0,41.0
Bryson City,2024-10-20,Swain,31.0,27.0
Bryson City,2024-10-21,Swain,32.0,29.0
Bryson City,2024-10-22,Swain,39.0,39.0
Bryson City,2024-10-23,Swain,36.0,50.0
Bryson City,2024-10-24,Swain,42.0,
Bryson City,2024-10-25,Swain,41.0,
Bryson City,2024-10-26,Swain,42.0,59.0
Bryson City,2024-10-27,Swain,31.0,52.0
Bryson City,2024-10-28,Swain,37.0,34.0
Bryson City,2024-10-29,Swain,37.0,42.0
Bryson City,2024-10-30,Swain,35.0,33.0
Bryson City,2024-10-31,Swain,36.0,28.0
Bryson City,2024-11-01,Swain,,29.0
Bryson City,2024-11-02,Swain,,24.0
Bryson City,2024-11-03,Swain,,38.0
Bryson City,2024-11-04,Swain,,23.0
Bryson City,2024-11-05,Swain,,22.0
Bryson City,2024-11-06,Swain,,23.0
Bryson City,2024-11-07,Swain,,24.0
Bryson City,2024-11-08,Swain,,22.0
Bryson City,2024-11-09,Swain,,33.0
Bryson City,2024-11-10,Swain,,39.0
Bryson City,2024-11-11,Swain,,24.0
Bryson City,2024-11-12,Swain,,24.0
Bryson City,2024-11-13,Swain,,16.0
Bryson City,2024-11-14,Swain,,20.0
Bryson City,2024-11-15,Swain,,14.0
Bryson City,2024-11-16,Swain,,12.0
Bryson City,2024-11-17,Swain,,23.0
Bryson City,2024-11-18,Swain,,51.0
Bryson City,2024-11-19,Swain,,60.0
Bryson City,2024-11-20,Swain,,31.0
Bryson City,2024-11-21,Swain,,6.0
Bryson City,2024-11-22,Swain,,8.0
Bryson City,2024-11-23,Swain,,7.0
Bryson City,2024-11-24,Swain,,26.0
Bryson City,2024-11-25,Swain,,31.0
Bryson City,2024-11-26,Swain,,37.0
Bryson City,2024-11-27,Swain,,30.0
Bryson City,2024-11-28,Swain,,21.0
Bryson City,2024-11-29,Swain,,22.0
Bryson City,2024-11-30,Swain,,8.0
Bryson City,2024-12-01,Swain,,22.0
Bryson City,2024-12-02,Swain,,12.0
Bryson City,2024-12-03,Swain,,19.0
Bryson City,2024-12-04,Swain,,47.0
Bryson City,2024-12-05,Swain,,37.0
Bryson City,2024-12-06,Swain,,21.0
Bryson City,2024-12-07,Swain,,28.0
Bryson City,2024-12-08,Swain,,33.0
Bryson City,2024-12-09,Swain,,32.0
Bryson City,2024-12-10,Swain,,23.0
Bryson City,2024-12-11,Swain,,10.0
Bryson City,2024-12-12,Swain,,19.0
Bryson City,2024-12-13,Swain,,41.0
Bryson City,2024-12-14,Swain,,29.0
Bryson City,2024-12-15,Swain,,19.0
Bryson City,2024-12-16,Swain,,24.0
Bryson City,2024-12-17,Swain,,17.0
Bryson City,2024-12-18,Swain,,26.0
Bryson City,2024-12-19,Swain,,9.0
Bryson City,2024-12-20,Swain,,17.0
Bryson City,2024-12-21,Swain,,21.0
Bryson City,2024-12-22,Swain,,36.0
Bryson City,2024-12-23,Swain,,51.0
Bryson City,2024-12-24,Swain,,63.0
Bryson City,2024-12-25,Swain,,59.0
Bryson City,2024-12-26,Swain,,56.0
Bryson City,2024-12-27,Swain,,27.0
Bryson City,2024-12-28,Swain,,18.0
Bryson City,2024-12-29,Swain,,9.0
Bryson City,2024-12-30,Swain,,24.0
Bryson City,2024-12-31,Swain,,25.0
Bryson City,2025-01-01,Swain,,7.0
Bryson City,2025-01-02,Swain,,11.0
Bryson City,2025-01-03,Swain,,25.0
Bryson City,2025-01-04,Swain,,3.0
Bryson City,2025-01-05,Swain,,28.0
Bryson City,2025-01-06,Swain,,13.0
Bryson City,2025-01-07,Swain,,11.0
Bryson City,2025-01-08,Swain,,9.0
Bryson City,2025-01-09,Swain,,17.0
Bryson City,2025-01-10,Swain,,38.0
Bryson City,2025-01-11,Swain,,19.0
Bryson City,2025-01-12,Swain,,32.0
Bryson City,2025-01-13,Swain,,38.0
Bryson City,2025-01-14,Swain,,13.0
Bryson City,2025-01-15,Swain,,17.0
Bryson City,2025-01-16,Swain,,24.0
Bryson City,2025-01-17,Swain,,27.0
Bryson City,2025-01-18,Swain,,47.0
Bryson City,2025-01-19,Swain,,11.0
Bryson City,2025-01-20,Swain,,9.0
Bryson City,2025-01-21,Swain,,7.0
Bryson City,2025-01-22,Swain,,27.0
Bryson City,2025-01-23,Swain,,42.0
Bryson City,2025-01-24,Swain,,39.0
Bryson City,2025-01-25,Swain,,49.0
Bryson City,2025-01-26,Swain,,54.0
Bryson City,2025-01-27,Swain,,43.0
Bryson City,2025-01-28,Swain,,19.0
Bryson City,2025-01-29,Swain,,21.0
Bryson City,2025-01-30,Swain,,54.0
Bryson City,2025-01-31,Swain,,47.0
Bryson City,2025-02-01,Swain,,32.0
Bryson City,2025-02-02,Swain,,49.0
Bryson City,2025-02-03,Swain,,46.0
Bryson City,2025-02-04,Swain,,52.0
Bryson City,2025-02-05,Swain,,49.0
Bryson City,2025-02-06,Swain,,46.0
Bryson City,2025-02-07,Swain,,19.0
Bryson City,2025-02-08,Swain,,32.0
Bryson City,2025-02-09,Swain,,21.0
Bryson City,2025-02-10,Swain,,18.0
Bryson City,2025-02-11,Swain,,21.0
Bryson City,2025-02-12,Swain,,23.0
Bryson City,2025-02-13,Swain,,15.0
Bryson City,2025-02-14,Swain,,34.0
Bryson City,2025-02-15,Swain,,46.0
Bryson City,2025-02-16,Swain,,19.0
Bryson City,2025-02-17,Swain,,19.0
Bryson City,2025-02-18,Swain,,34.0
Bryson City,2025-02-19,Swain,,42.0
Bryson City,2025-02-20,Swain,,22.0
Bryson City,2025-02-21,Swain,,16.0
Bryson City,2025-02-22,Swain,,51.0
Bryson City,2025-02-23,Swain,,51.0
Bryson City,2025-02-24,Swain,,35.0
Bryson City,2025-02-25,Swain,,41.0
Bryson City,2025-02-26,Swain,,29.0
Bryson City,2025-02-27,Swain,,34.0
Bryson City,2025-02-28,Swain,,19.0
Bryson City,2025-03-01,Swain,43.0,17.0
Bryson City,2025-03-02,Swain,40.0,12.0
Bryson City,2025-03-03,Swain,42.0,27.0
Bryson City,2025-03-04,Swain,43.0,48.0
Bryson City,2025-03-05,Swain,35.0,25.0
Bryson City,2025-03-06,Swain,36.0,13.0
Bryson City,2025-03-07,Swain,32.0,20.0
Bryson City,2025-03-08,Swain,43.0,41.0
Bryson City,2025-03-09,Swain,40.0,25.0
Bryson City,2025-03-10,Swain,40.0,29.0
Bryson City,2025-03-11,Swain,48.0,30.0
Bryson City,2025-03-12,Swain,49.0,44.0
Bryson City,2025-03-13,Swain,50.0,53.0
Bryson City,2025-03-14,Swain,49.0,52.0
Bryson City,2025-03-15,Swain,44.0,51.0
Bryson City,2025-03-16,Swain,43.0,50.0
Bryson City,2025-03-17,Swain,36.0,23.0
Bryson City,2025-03-18,Swain,42.0,28.0
Bryson City,2025-03-19,Swain,47.0,38.0
Bryson City,2025-03-20,Swain,32.0,25.0
Bryson City,2025-03-21,Swain,43.0,16.0
Bryson City,2025-03-22,Swain,46.0,19.0
Bryson City,2025-03-23,Swain,58.0,20.0
Bryson City,2025-03-24,Swain,44.0,28.0
Bryson City,2025-03-25,Swain,47.0,19.0
Bryson City,2025-03-26,Swain,47.0,24.0
Bryson City,2025-03-27,Swain,43.0,37.0
Bryson City,2025-03-28,Swain,51.0,56.0
Bryson City,2025-03-29,Swain,37.0,66.0
Bryson City,2025-03-30,Swain,27.0,34.0
Bryson City,2025-03-31,Swain,35.0,14.0
Bryson City,2025-04-01,Swain,38.0,12.0
Bryson City,2025-04-02,Swain,27.0,33.0
Bryson City,2025-04-03,Swain,34.0,41.0
Bryson City,2025-04-04,Swain,36.0,35.0
Bryson City,2025-04-05,Swain,44.0,38.0
Bryson City,2025-04-06,Swain,32.0,16.0
Bryson City,2025-04-07,Swain,28.0,8.0
Bryson City,2025-04-08,Swain,48.0,25.0
Bryson City,2025-04-09,Swain,46.0,27.0
Bryson City,2025-04-10,Swain,37.0,51.0
Bryson City,2025-04-11,Swain,40.0,23.0
Bryson City,2025-04-12,Swain,42.0,27.0
Bryson City,2025-04-13,Swain,42.0,26.0
Bryson City,2025-04-14,Swain,71.0,49.0
Bryson City,2025-04-15,Swain,44.0,32.0
Bryson City,2025-04-16,Swain,49.0,22.0
Bryson City,2025-04-17,Swain,50.0,30.0
Bryson City,2025-04-18,Swain,87.0,62.0
Bryson City,2025-04-19,Swain,64.0,80.0
Bryson City,2025-04-20,Swain,54.0,76.0
Bryson City,2025-04-21,Swain,45.0,44.0
Bryson City,2025-04-22,Swain,31.0,34.0
Bryson City,2025-04-23,Swain,38.0,16.0
Bryson City,2025-04-24,Swain,32.0,27.0
Bryson City,2025-04-25,Swain,35.0,47.0
Bryson City,2025-04-26,Swain,40.0,33.0
Bryson City,2025-04-27,Swain,45.0,31.0
Bryson City,2025-04-28,Swain,45.0,36.0
Bryson City,2025-04-29,Swain,42.0,47.0
Bryson City,2025-04-30,Swain,37.0,51.0
Bryson City,2025-05-01,Swain,37.0,46.0
Bryson City,2025-05-02,Swain,30.0,31.0
Bryson City,2025-05-03,Swain,28.0,12.0
Bryson City,2025-05-04,Swain,36.0,16.0
Bryson City,2025-05-05,Swain,35.0,21.0
Bryson City,2025-05-06,Swain,41.0,26.0
Bryson City,2025-05-07,Swain,25.0,29.0
Bryson City,2025-05-08,Swain,37.0,31.0
Bryson City,2025-05-09,Swain,41.0,23.0
Bryson City,2025-05-10,Swain,26.0,33.0
Bryson City,2025-05-11,Swain,33.0,22.0
Bryson City,2025-05-12,Swain,23.0,20.0
Bryson City,2025-05-13,Swain,36.0,16.0
Bryson City,2025-05-14,Swain,35.0,27.0
Bryson City,2025-05-15,Swain,39.0,45.0
Bryson City,2025-05-16,Swain,22.0,51.0
Bryson City,2025-05-17,Swain,46.0,26.0
Bryson City,2025-05-18,Swain,45.0,37.0
Bryson City,2025-05-19,Swain,31.0,33.0
Bryson City,2025-05-20,Swain,28.0,39.0
Bryson City,2025-05-21,Swain,43.0,18.0
Bryson City,2025-05-22,Swain,49.0,14.0
Bryson City,2025-05-23,Swain,42.0,23.0
Bryson City,2025-05-24,Swain,31.0,31.0
Bryson City,2025-05-25,Swain,29.0,36.0
Bryson City,2025-05-26,Swain,31.0,23.0
Bryson City,2025-05-27,Swain,18.0,18.0
Bryson City,2025-05-28,Swain,26.0,39.0
Bryson City,2025-05-29,Swain,24.0,32.0
Bryson City,2025-05-30,Swain,41.0,14.0
Bryson City,2025-05-31,Swain,48.0,48.0
Bryson City,2025-06-01,Swain,44.0,54.0
Bryson City,2025-06-02,Swain,44.0,62.0
Bryson City,2025-06-03,Swain,48.0,68.0
Bryson City,2025-06-04,Swain,44.0,68.0
Bryson City,2025-06-05,Swain,36.0,60.0
Bryson City,2025-06-06,Swain,32.0,54.0
Bryson City,2025-06-07,Swain,38.0,12.0
Bryson City,2025-06-08,Swain,41.0,26.0
Bryson City,2025-06-09,Swain,34.0,24.0
Bryson City,2025-06-10,Swain,35.0,23.0
Bryson City,2025-06-11,Swain,44.0,57.0
Bryson City,2025-06-12,Swain,32.0,53.0
Bryson City,2025-06-13,Swain,23.0,23.0
Bryson City,2025-06-14,Swain,25.0,26.0
Bryson City,2025-06-15,Swain,28.0,28.0
Bryson City,2025-06-16,Swain,25.0,29.0
Bryson City,2025-06-17,Swain,25.0,21.0
Bryson City,2025-06-18,Swain,23.0,26.0
Bryson City,2025-06-19,Swain,43.0,24.0
Bryson City,2025-06-20,Swain,37.0,27.0
Bryson City,2025-06-21,Swain,39.0,42.0
Bryson City,2025-06-22,Swain,36.0,45.0
Bryson City,2025-06-23,Swain,32.0,45.0
Bryson City,2025-06-24,Swain,31.0,47.0
Bryson City,2025-06-25,Swain,22.0,51.0
Bryson City,2025-06-26,Swain,29.0,44.0
Bryson City,2025-06-27,Swain,29.0,44.0
Bryson City,2025-06-28,Swain,31.0,29.0
Bryson City,2025-06-29,Swain,32.0,27.0
Bryson City,2025-06-30,Swain,31.0,31.0
Bryson City,2025-07-01,Swain,27.0,30.0
Bryson City,2025-07-02,Swain,43.0,29.0
Bryson City,2025-07-03,Swain,41.0,53.0
Bryson City,2025-07-04,Swain,37.0,58.0
Bryson City,2025-07-05,Swain,40.0,57.0
Bryson City,2025-07-06,Swain,35.0,54.0
Bryson City,2025-07-07,Swain,35.0,53.0
Bryson City,2025-07-08,Swain,31.0,52.0
Bryson City,2025-07-09,Swain,30.0,44.0
Bryson City,2025-07-10,Swain,27.0,27.0
Bryson City,2025-07-11,Swain,28.0,22.0
Bryson City,2025-07-12,Swain,28.0,29.0
Bryson City,2025-07-13,Swain,22.0,33.0
Bryson City,2025-07-14,Swain,23.0,21.0
Bryson City,2025-07-15,Swain,26.0,28.0
Bryson City,2025-07-16,Swain,31.0,25.0
Bryson City,2025-07-17,Swain,29.0,32.0
Bryson City,2025-07-18,Swain,26.0,27.0
Bryson City,2025-07-19,Swain,27.0,20.0
Bryson City,2025-07-20,Swain,28.0,34.0
Bryson City,2025-07-21,Swain,27.0,41.0
Bryson City,2025-07-22,Swain,23.0,37.0
Bryson City,2025-07-23,Swain,31.0,41.0
Bryson City,2025-07-24,Swain,37.0,53.0
Bryson City,2025-07-25,Swain,30.0,34.0
Bryson City,2025-07-26,Swain,30.0,24.0
Bryson City,2025-07-27,Swain,24.0,25.0
Bryson City,2025-07-28,Swain,28.0,16.0
Bryson City,2025-07-29,Swain,29.0,20.0
Bryson City,2025-07-30,Swain,30.0,18.0
Bryson City,2025-08-01,Swain,32.0,
Bryson City,2025-08-02,Swain,21.0,16.0
Bryson City,2025-08-03,Swain,25.0,22.0
Bryson City,2025-08-04,Swain,23.0,25.0
Bryson City,2025-08-05,Swain,24.0,13.0
Bryson City,2025-08-06,Swain,26.0,21.0
Bryson City,2025-08-07,Swain,26.0,24.0
Bryson City,2025-08-08,Swain,30.0,36.0
Bryson City,2025-08-09,Swain,28.0,58.0
Bryson City,2025-08-10,Swain,22.0,45.0
Bryson City,2025-08-11,Swain,20.0,24.0
Bryson City,2025-08-12,Swain,16.0,16.0
Bryson City,2025-08-13,Swain,18.0,13.0
Bryson City,2025-08-14,Swain,23.0,17.0
Bryson City,2025-08-15,Swain,30.0,29.0
Bryson City,2025-08-16,Swain,24.0,38.0
Bryson City,2025-08-17,Swain,29.0,45.0
Bryson City,2025-08-18,Swain,30.0,47.0
Bryson City,2025-08-19,Swain,29.0,37.0
Bryson City,2025-08-20,Swain,26.0,27.0
Bryson City,2025-08-21,Swain,29.0,29.0
Bryson City,2025-08-22,Swain,29.0,32.0
Bryson City,2025-08-23,Swain,22.0,30.0
Bryson City,2025-08-24,Swain,29.0,31.0
Bryson City,2025-08-25,Swain,31.0,18.0
Bryson City,2025-08-26,Swain,32.0,22.0
Bryson City,2025-08-27,Swain,33.0,20.0
Bryson City,2025-08-28,Swain,33.0,23.0
Bryson City,2025-08-29,Swain,35.0,32.0
Bryson City,2025-08-30,Swain,33.0,41.0
Bryson City,2025-08-31,Swain,32.0,36.0
Bryson City,2025-09-01,Swain,31.0,38.0
Bryson City,2025-09-02,Swain,29.0,31.0
Bryson City,2025-09-03,Swain,30.0,30.0
Bryson City,2025-09-04,Swain,29.0,30.0
Bryson City,2025-09-05,Swain,27.0,50.0
Bryson City,2025-09-06,Swain,28.0,27.0
Bryson City,2025-09-07,Swain,29.0,18.0
Bryson City,2025-09-08,Swain,31.0,21.0
Bryson City,2025-09-09,Swain,32.0,28.0
Bryson City,2025-09-10,Swain,36.0,28.0
Bryson City,2025-09-11,Swain,35.0,34.0
Bryson City,2025-09-12,Swain,35.0,39.0
Bryson City,2025-09-13,Swain,37.0,34.0
Bryson City,2025-09-14,Swain,31.0,42.0
Bryson City,2025-09-15,Swain,36.0,40.0
Bryson City,2025-09-16,Swain,41.0,48.0
Bryson City,2025-09-17,Swain,40.0,39.0
Bryson City,2025-09-18,Swain,38.0,38.0
Bryson City,2025-09-19,Swain,36.0,32.0
Bryson City,2025-09-20,Swain,32.0,32.0
Bryson City,2025-09-21,Swain,34.0,43.0
Bryson City,2025-09-22,Swain,34.0,52.0
Bryson City,2025-09-23,Swain,31.0,52.0
Bryson City,2025-09-24,Swain,22.0,51.0
Bryson City,2025-09-25,Swain,25.0,14.0
Bryson City,2025-09-26,Swain,26.0,16.0
Bryson City,2025-09-27,Swain,27.0,13.0
Bryson City,2025-09-28,Swain,31.0,22.0
Bryson City,2025-09-29,Swain,37.0,22.0
Bryson City,2025-09-30,Swain,19.0,8.0
Bryson City,2025-10-01,Swain,25.0,13.0
Bryson City,2025-10-02,Swain,30.0,32.0
Bryson City,2025-10-03,Swain,31.0,32.0
Bryson City,2025-10-04,Swain,27.0,39.0
Bryson City,2025-10-05,Swain,28.0,22.0
Bryson City,2025-10-06,Swain,28.0,13.0
Bryson City,2025-10-07,Swain,23.0,18.0
Bryson City,2025-10-08,Swain,26.0,22.0
Bryson City,2025-10-09,Swain,29.0,27.0
Bryson City,2025-10-10,Swain,34.0,28.0
Bryson City,2025-10-11,Swain,30.0,35.0
Bryson City,2025-10-12,Swain,33.0,32.0
Bryson City,2025-10-13,Swain,33.0,29.0
Bryson City,2025-10-14,Swain,34.0,15.0
Bryson City,2025-10-15,Swain,31.0,34.0
Bryson City,2025-10-16,Swain,35.0,27.0
Bryson City,2025-10-17,Swain,35.0,37.0
Bryson City,2025-10-18,Swain,36.0,60.0
Bryson City,2025-10-19,Swain,33.0,29.0
Bryson City,2025-10-20,Swain,29.0,15.0
Bryson City,2025-10-21,Swain,24.0,28.0
Bryson City,2025-10-22,Swain,34.0,16.0
Bryson City,2025-10-23,Swain,39.0,32.0
Bryson City,2025-10-24,Swain,31.0,23.0
Bryson City,2025-10-25,Swain,34.0,42.0
Bryson City,2025-10-26,Swain,25.0,39.0
Bryson City,2025-10-27,Swain,25.0,12.0
Bryson City,2025-10-28,Swain,24.0,12.0
Bryson City,2025-10-29,Swain,18.0,9.0
Bryson City,2025-10-30,Swain,19.0,9.0
Bryson City,2025-10-31,Swain,32.0,28.0
Bryson City,2025-11-01,Swain,25.0,33.0
Bryson City,2025-11-02,Swain,31.0,31.0
Bryson City,2025-11-03,Swain,,15.0
Bryson City,2025-11-04,Swain,,31.0
Bryson City,2025-11-05,Swain,,31.0
Bryson City,2025-11-06,Swain,,41.0
Bryson City,2025-11-07,Swain,,55.0
Bryson City,2025-11-08,Swain,,38.0
Bryson City,2025-11-09,Swain,,32.0
Bryson City,2025-11-10,Swain,,9.0
Bryson City,2025-11-11,Swain,,25.0
Bryson City,2025-11-12,Swain,,36.0
Bryson City,2025-11-13,Swain,,34.0
Bryson City,2025-11-14,Swain,,54.0
Bryson City,2025-11-15,Swain,,57.0
Bryson City,2025-11-16,Swain,,29.0
Bryson City,2025-11-17,Swain,,13.0
Bryson City,2025-11-18,Swain,,36.0
Bryson City,2025-11-19,Swain,,47.0
Bryson City,2025-11-20,Swain,,51.0
Bryson City,2025-11-21,Swain,,54.0
Bryson City,2025-11-22,Swain,,46.0
Bryson City,2025-11-23,Swain,,34.0
Bryson City,2025-11-24,Swain,,55.0
Bryson City,2025-11-25,Swain,,54.0
Bryson City,2025-11-26,Swain,,18.0
Bryson City,2025-11-27,Swain,,11.0
Bryson City,2025-11-28,Swain,,28.0
Bryson City,2025-11-29,Swain,,41.0
Bryson City,2025-11-30,Swain,,33.0
Bryson City,2025-12-01,Swain,,28.0
Bryson City,2025-12-02,Swain,,19.0
Bryson City,2025-12-03,Swain,,25.0
Bryson City,2025-12-04,Swain,,53.0
Bryson City,2025-12-05,Swain,,21.0
Bryson City,2025-12-06,Swain,,56.0
Bryson City,2025-12-07,Swain,,42.0
Bryson City,2025-12-08,Swain,,52.0
Bryson City,2025-12-09,Swain,,32.0
Bryson City,2025-12-10,Swain,,37.0
Bryson City,2025-12-11,Swain,,18.0
Bryson City,2025-12-12,Swain,,51.0
Bryson City,2025-12-13,Swain,,66.0
Bryson City,2025-12-14,Swain,,29.0
Bryson City,2025-12-15,Swain,,45.0
Bryson City,2025-12-16,Swain,,55.0
Bryson City,2025-12-17,Swain,,65.0
Bryson City,2025-12-18,Swain,,57.0
Bryson City,2025-12-19,Swain,,10.0
Bryson City,2025-12-20,Swain,,60.0
Bryson City,2025-12-21,Swain,,64.0
Bryson City,2025-12-22,Swain,,76.0
Bryson City,2025-12-23,Swain,,71.0
Bryson City,2025-12-24,Swain,,68.0
Bryson City,2025-12-25,Swain,,52.0
Bryson City,2025-12-26,Swain,,41.0
Bryson City,2025-12-27,Swain,,39.0
Bryson City,2025-12-28,Swain,,56.0
Bryson City,2025-12-29,Swain,,12.0
Bryson City,2025-12-30,Swain,,12.0
Bryson City,2025-12-31,Swain,,22.0
Castle Hayne,2024-01-01,New Hanover,,44.5
Castle Hayne,2024-01-02,New Hanover,,20.5
Castle Hayne,2024-01-03,New Hanover,,42.0
Castle Hayne,2024-01-04,New Hanover,,50.5
Castle Hayne,2024-01-05,New Hanover,,34.5
Castle Hayne,2024-01-06,New Hanover,,29.0
Castle Hayne,2024-01-07,New Hanover,,22.0
Castle Hayne,2024-01-08,New Hanover,,23.0
Castle Hayne,2024-01-09,New Hanover,,38.5
Castle Hayne,2024-01-10,New Hanover,,28.5
Castle Hayne,2024-01-11,New Hanover,,29.5
Castle Hayne,2024-01-12,New Hanover,,42.0
Castle Hayne,2024-01-13,New Hanover,,29.0
Castle Hayne,2024-01-14,New Hanover,,25.0
Castle Hayne,2024-01-15,New Hanover,,22.0
Castle Hayne,2024-01-16,New Hanover,,34.5
Castle Hayne,2024-01-17,New Hanover,,36.0
Castle Hayne,2024-01-18,New Hanover,,40.5
Castle Hayne,2024-01-19,New Hanover,,37.0
Castle Hayne,2024-01-20,New Hanover,,43.5
Castle Hayne,2024-01-21,New Hanover,,27.5
Castle Hayne,2024-01-22,New Hanover,,33.5
Castle Hayne,2024-01-23,New Hanover,,23.5
Castle Hayne,2024-01-24,New Hanover,,18.0
Castle Hayne,2024-01-25,New Hanover,,15.5
Castle Hayne,2024-01-26,New Hanover,,23.0
Castle Hayne,2024-01-27,New Hanover,,30.5
Castle Hayne,2024-01-28,New Hanover,,15.0
Castle Hayne,2024-01-29,New Hanover,,15.0
Castle Hayne,2024-01-30,New Hanover,,24.0
Castle Hayne,2024-01-31,New Hanover,,31.5
Castle Hayne,2024-02-01,New Hanover,,42.0
Castle Hayne,2024-02-02,New Hanover,,52.5
Castle Hayne,2024-02-03,New Hanover,,28.5
Castle Hayne,2024-02-04,New Hanover,,43.5
Castle Hayne,2024-02-05,New Hanover,,51.0
Castle Hayne,2024-02-06,New Hanover,,24.0
Castle Hayne,2024-02-07,New Hanover,,31.0
Castle Hayne,2024-02-08,New Hanover,,36.0
Castle Hayne,2024-02-09,New Hanover,,49.5
Castle Hayne,2024-02-10,New Hanover,,42.0
Castle Hayne,2024-02-11,New Hanover,,26.5
Castle Hayne,2024-02-12,New Hanover,,18.0
Castle Hayne,2024-02-13,New Hanover,,18.5
Castle Hayne,2024-02-14,New Hanover,,30.5
Castle Hayne,2024-02-15,New Hanover,,40.0
Castle Hayne,2024-02-16,New Hanover,,36.0
Castle Hayne,2024-02-17,New Hanover,,54.0
Castle Hayne,2024-02-18,New Hanover,,24.0
Castle Hayne,2024-02-19,New Hanover,,34.0
Castle Hayne,2024-02-20,New Hanover,,59.5
Castle Hayne,2024-02-21,New Hanover,,25.5
Castle Hayne,2024-02-22,New Hanover,,55.5
Castle Hayne,2024-02-23,New Hanover,,48.0
Castle Hayne,2024-02-24,New Hanover,,32.5
Castle Hayne,2024-02-25,New Hanover,,34.0
Castle Hayne,2024-02-26,New Hanover,,56.5
Castle Hayne,2024-02-27,New Hanover,,39.5
Castle Hayne,2024-02-28,New Hanover,,46.5
Castle Hayne,2024-02-29,New Hanover,,21.5
Castle Hayne,2024-03-01,New Hanover,41.0,30.0
Castle Hayne,2024-03-02,New Hanover,34.0,20.5
Castle Hayne,2024-03-03,New Hanover,29.0,22.0
Castle Hayne,2024-03-04,New Hanover,33.0,16.5
Castle Hayne,2024-03-05,New Hanover,41.0,19.5
Castle Hayne,2024-03-06,New Hanover,26.0,22.5
Castle Hayne,2024-03-07,New Hanover,34.0,17.5
Castle Hayne,2024-03-08,New Hanover,36.0,17.5
Castle Hayne,2024-03-09,New Hanover,34.0,29.5
Castle Hayne,2024-03-10,New Hanover,42.0,15.5
Castle Hayne,2024-03-11,New Hanover,43.0,20.0
Castle Hayne,2024-03-12,New Hanover,50.0,46.0
Castle Hayne,2024-03-13,New Hanover,67.0,59.0
Castle Hayne,2024-03-14,New Hanover,97.0,76.5
Castle Hayne,2024-03-15,New Hanover,54.0,68.5
Castle Hayne,2024-03-16,New Hanover,40.0,53.5
Castle Hayne,2024-03-17,New Hanover,41.0,33.0
Castle Hayne,2024-03-18,New Hanover,42.0,29.5
Castle Hayne,2024-03-19,New Hanover,37.0,28.5
Castle Hayne,2024-03-20,New Hanover,49.0,59.0
Castle Hayne,2024-03-21,New Hanover,43.0,65.0
Castle Hayne,2024-03-22,New Hanover,44.0,33.5
Castle Hayne,2024-03-23,New Hanover,34.0,23.5
Castle Hayne,2024-03-24,New Hanover,44.0,22.5
Castle Hayne,2024-03-25,New Hanover,42.0,42.0
Castle Hayne,2024-03-26,New Hanover,39.0,47.5
Castle Hayne,2024-03-27,New Hanover,35.0,24.5
Castle Hayne,2024-03-28,New Hanover,28.0,18.5
Castle Hayne,2024-03-29,New Hanover,48.0,35.0
Castle Hayne,2024-03-30,New Hanover,64.0,37.5
Castle Hayne,2024-03-31,New Hanover,61.0,50.5
Castle Hayne,2024-04-01,New Hanover,42.0,48.0
Castle Hayne,2024-04-02,New Hanover,43.0,54.5
Castle Hayne,2024-04-03,New Hanover,37.0,50.5
Castle Hayne,2024-04-04,New Hanover,42.0,20.0
Castle Hayne,2024-04-05,New Hanover,43.0,19.0
Castle Hayne,2024-04-06,New Hanover,44.0,15.5
Castle Hayne,2024-04-07,New Hanover,43.0,19.0
Castle Hayne,2024-04-08,New Hanover,46.0,24.5
Castle Hayne,2024-04-09,New Hanover,42.0,29.5
Castle Hayne,2024-04-10,New Hanover,46.0,30.5
Castle Hayne,2024-04-11,New Hanover,40.0,40.0
Castle Hayne,2024-04-12,New Hanover,48.0,29.0
Castle Hayne,2024-04-13,New Hanover,46.0,19.0
Castle Hayne,2024-04-14,New Hanover,58.0,27.0
Castle Hayne,2024-04-15,New Hanover,74.0,51.5
Castle Hayne,2024-04-16,New Hanover,61.0,58.0
Castle Hayne,2024-04-17,New Hanover,49.0,45.5
Castle Hayne,2024-04-18,New Hanover,45.0,43.0
Castle Hayne,2024-04-19,New Hanover,40.0,45.0
Castle Hayne,2024-04-20,New Hanover,38.0,57.0
Castle Hayne,2024-04-21,New Hanover,27.0,34.5
Castle Hayne,2024-04-22,New Hanover,37.0,28.5
Castle Hayne,2024-04-23,New Hanover,51.0,34.0
Castle Hayne,2024-04-24,New Hanover,54.0,50.5
Castle Hayne,2024-04-25,New Hanover,50.0,58.0
Castle Hayne,2024-04-26,New Hanover,47.0,46.0
Castle Hayne,2024-04-27,New Hanover,44.0,28.0
Castle Hayne,2024-04-28,New Hanover,47.0,27.5
Castle Hayne,2024-04-29,New Hanover,44.0,25.5
Castle Hayne,2024-04-30,New Hanover,38.0,28.0
Castle Hayne,2024-05-01,New Hanover,37.0,26.5
Castle Hayne,2024-05-02,New Hanover,41.0,29.5
Castle Hayne,2024-05-03,New Hanover,38.0,24.5
Castle Hayne,2024-05-04,New Hanover,30.0,18.0
Castle Hayne,2024-05-05,New Hanover,29.0,14.0
Castle Hayne,2024-05-06,New Hanover,31.0,17.0
Castle Hayne,2024-05-07,New Hanover,34.0,32.0
Castle Hayne,2024-05-08,New Hanover,36.0,48.0
Castle Hayne,2024-05-09,New Hanover,39.0,29.5
Castle Hayne,2024-05-10,New Hanover,37.0,31.0
Castle Hayne,2024-05-11,New Hanover,33.0,26.0
Castle Hayne,2024-05-12,New Hanover,45.0,31.0
Castle Hayne,2024-05-13,New Hanover,44.0,27.0
Castle Hayne,2024-05-14,New Hanover,43.0,33.5
Castle Hayne,2024-05-15,New Hanover,40.0,39.5
Castle Hayne,2024-05-16,New Hanover,36.0,27.0
Castle Hayne,2024-05-17,New Hanover,37.0,35.5
Castle Hayne,2024-05-18,New Hanover,33.0,40.5
Castle Hayne,2024-05-19,New Hanover,25.0,15.5
Castle Hayne,2024-05-20,New Hanover,29.0,16.5
Castle Hayne,2024-05-21,New Hanover,31.0,11.0
Castle Hayne,2024-05-22,New Hanover,31.0,7.5
Castle Hayne,2024-05-23,New Hanover,42.0,19.5
Castle Hayne,2024-05-24,New Hanover,36.0,32.5
Castle Hayne,2024-05-25,New Hanover,44.0,39.5
Castle Hayne,2024-05-26,New Hanover,44.0,42.0
Castle Hayne,2024-05-27,New Hanover,31.0,53.5
Castle Hayne,2024-05-28,New Hanover,41.0,55.0
Castle Hayne,2024-05-29,New Hanover,48.0,47.5
Castle Hayne,2024-05-30,New Hanover,47.0,38.0
Castle Hayne,2024-05-31,New Hanover,46.0,42.5
Castle Hayne,2024-06-01,New Hanover,51.0,59.5
Castle Hayne,2024-06-02,New Hanover,50.0,21.0
Castle Hayne,2024-06-03,New Hanover,43.0,22.5
Castle Hayne,2024-06-04,New Hanover,41.0,22.5
Castle Hayne,2024-06-05,New Hanover,36.0,17.0
Castle Hayne,2024-06-06,New Hanover,34.0,31.0
Castle Hayne,2024-06-07,New Hanover,42.0,47.5
Castle Hayne,2024-06-08,New Hanover,51.0,37.5
Castle Hayne,2024-06-09,New Hanover,61.0,49.0
Castle Hayne,2024-06-10,New Hanover,31.0,44.0
Castle Hayne,2024-06-11,New Hanover,67.0,43.5
Castle Hayne,2024-06-12,New Hanover,48.0,27.0
Castle Hayne,2024-06-13,New Hanover,47.0,30.0
Castle Hayne,2024-06-14,New Hanover,49.0,36.0
Castle Hayne,2024-06-15,New Hanover,50.0,54.0
Castle Hayne,2024-06-16,New Hanover,64.0,25.0
Castle Hayne,2024-06-17,New Hanover,44.0,26.0
Castle Hayne,2024-06-18,New Hanover,40.0,21.0
Castle Hayne,2024-06-19,New Hanover,41.0,24.5
Castle Hayne,2024-06-20,New Hanover,39.0,24.5
Castle Hayne,2024-06-21,New Hanover,19.0,21.0
Castle Hayne,2024-06-22,New Hanover,19.0,23.0
Castle Hayne,2024-06-23,New Hanover,26.0,20.0
Castle Hayne,2024-06-24,New Hanover,38.0,46.5
Castle Hayne,2024-06-25,New Hanover,43.0,36.0
Castle Hayne,2024-06-26,New Hanover,30.0,16.0
Castle Hayne,2024-06-27,New Hanover,39.0,36.0
Castle Hayne,2024-06-28,New Hanover,45.0,37.0
Castle Hayne,2024-06-29,New Hanover,30.0,19.0
Castle Hayne,2024-06-30,New Hanover,24.0,17.5
Castle Hayne,2024-07-01,New Hanover,30.0,26.0
Castle Hayne,2024-07-02,New Hanover,41.0,15.0
Castle Hayne,2024-07-03,New Hanover,38.0,12.5
Castle Hayne,2024-07-04,New Hanover,37.0,17.0
Castle Hayne,2024-07-05,New Hanover,35.0,21.0
Castle Hayne,2024-07-06,New Hanover,34.0,30.0
Castle Hayne,2024-07-07,New Hanover,31.0,23.5
Castle Hayne,2024-07-08,New Hanover,27.0,15.0
Castle Hayne,2024-07-09,New Hanover,24.0,12.5
Castle Hayne,2024-07-10,New Hanover,29.0,12.5
Castle Hayne,2024-07-11,New Hanover,26.0,14.5
Castle Hayne,2024-07-12,New Hanover,29.0,32.5
Castle Hayne,2024-07-13,New Hanover,35.0,24.5
Castle Hayne,2024-07-14,New Hanover,44.0,47.5
Castle Hayne,2024-07-15,New Hanover,41.0,56.0
Castle Hayne,2024-07-16,New Hanover,40.0,50.5
Castle Hayne,2024-07-17,New Hanover,33.0,31.0
Castle Hayne,2024-07-18,New Hanover,29.0,28.5
Castle Hayne,2024-07-19,New Hanover,22.0,
Castle Hayne,2024-07-20,New Hanover,20.0,
Castle Hayne,2024-07-21,New Hanover,26.0,
Castle Hayne,2024-07-22,New Hanover,18.0,
Castle Hayne,2024-07-23,New Hanover,23.0,
Castle Hayne,2024-07-24,New Hanover,26.0,
Castle Hayne,2024-07-25,New Hanover,18.0,22.0
Castle Hayne,2024-07-26,New Hanover,23.0,14.0
Castle Hayne,2024-07-27,New Hanover,41.0,32.0
Castle Hayne,2024-07-28,New Hanover,45.0,42.5
Castle Hayne,2024-07-29,New Hanover,38.0,53.0
Castle Hayne,2024-07-30,New Hanover,40.0,36.5
Castle Hayne,2024-07-31,New Hanover,44.0,29.0
Castle Hayne,2024-08-01,New Hanover,41.0,46.5
Castle Hayne,2024-08-02,New Hanover,33.0,41.0
Castle Hayne,2024-08-03,New Hanover,19.0,42.0
Castle Hayne,2024-08-04,New Hanover,23.0,21.5
Castle Hayne,2024-08-06,New Hanover,24.0,25.0
Castle Hayne,2024-08-07,New Hanover,37.0,33.0
Castle Hayne,2024-08-08,New Hanover,39.0,44.0
Castle Hayne,2024-08-09,New Hanover,36.0,23.0
Castle Hayne,2024-08-10,New Hanover,37.0,56.5
Castle Hayne,2024-08-11,New Hanover,30.0,37.0
Castle Hayne,2024-08-12,New Hanover,31.0,39.5
Castle Hayne,2024-08-13,New Hanover,43.0,36.0
Castle Hayne,2024-08-15,New Hanover,44.0,51.0
Castle Hayne,2024-08-16,New Hanover,49.0,61.0
Castle Hayne,2024-08-17,New Hanover,44.0,61.0
Castle Hayne,2024-08-18,New Hanover,40.0,53.0
Castle Hayne,2024-08-19,New Hanover,37.0,37.0
Castle Hayne,2024-08-20,New Hanover,32.0,18.0
Castle Hayne,2024-08-21,New Hanover,39.0,33.0
Castle Hayne,2024-08-22,New Hanover,40.0,24.0
Castle Hayne,2024-08-23,New Hanover,35.0,31.0
Castle Hayne,2024-08-24,New Hanover,34.0,30.0
Castle Hayne,2024-08-25,New Hanover,27.0,20.5
Castle Hayne,2024-08-26,New Hanover,23.0,13.5
Castle Hayne,2024-08-27,New Hanover,28.0,14.0
Castle Hayne,2024-08-28,New Hanover,34.0,22.5
Castle Hayne,2024-08-29,New Hanover,34.0,20.5
Castle Hayne,2024-08-30,New Hanover,24.0,15.5
Castle Hayne,2024-08-31,New Hanover,34.0,20.0
Castle Hayne,2024-09-01,New Hanover,26.0,13.5
Castle Hayne,2024-09-02,New Hanover,22.0,11.5
Castle Hayne,2024-09-03,New Hanover,32.0,34.0
Castle Hayne,2024-09-04,New Hanover,32.0,22.5
Castle Hayne,2024-09-05,New Hanover,29.0,23.5
Castle Hayne,2024-09-06,New Hanover,25.0,24.0
Castle Hayne,2024-09-07,New Hanover,22.0,11.5
Castle Hayne,2024-09-08,New Hanover,19.0,19.5
Castle Hayne,2024-09-09,New Hanover,37.0,14.5
Castle Hayne,2024-09-10,New Hanover,40.0,18.0
Castle Hayne,2024-09-11,New Hanover,42.0,25.0
Castle Hayne,2024-09-12,New Hanover,40.0,28.5
Castle Hayne,2024-09-13,New Hanover,24.0,12.0
Castle Hayne,2024-09-14,New Hanover,24.0,15.5
Castle Hayne,2024-09-15,New Hanover,27.0,35.5
Castle Hayne,2024-09-16,New Hanover,32.0,2.0
Castle Hayne,2024-09-17,New Hanover,31.0,2.0
Castle Hayne,2024-09-18,New Hanover,,27.0
Castle Hayne,2024-09-19,New Hanover,28.0,26.0
Castle Hayne,2024-09-20,New Hanover,35.0,20.5
Castle Hayne,2024-09-21,New Hanover,37.0,14.5
Castle Hayne,2024-09-22,New Hanover,31.0,24.0
Castle Hayne,2024-09-23,New Hanover,35.0,21.0
Castle Hayne,2024-09-24,New Hanover,32.0,23.5
Castle Hayne,2024-09-25,New Hanover,36.0,18.5
Castle Hayne,2024-09-26,New Hanover,28.0,11.5
Castle Hayne,2024-09-27,New Hanover,,26.5
Castle Hayne,2024-09-28,New Hanover,41.0,20.5
Castle Hayne,2024-09-29,New Hanover,36.0,33.0
Castle Hayne,2024-09-30,New Hanover,36.0,26.5
Castle Hayne,2024-10-01,New Hanover,33.0,44.5
Castle Hayne,2024-10-02,New Hanover,23.0,13.5
Castle Hayne,2024-10-03,New Hanover,28.0,13.5
Castle Hayne,2024-10-04,New Hanover,35.0,17.5
Castle Hayne,2024-10-05,New Hanover,33.0,27.0
Castle Hayne,2024-10-06,New Hanover,44.0,36.5
Castle Hayne,2024-10-07,New Hanover,48.0,41.5
Castle Hayne,2024-10-08,New Hanover,35.0,52.5
Castle Hayne,2024-10-09,New Hanover,33.0,26.0
Castle Hayne,2024-10-10,New Hanover,33.0,21.5
Castle Hayne,2024-10-11,New Hanover,27.0,13.5
Castle Hayne,2024-10-12,New Hanover,38.0,32.0
Castle Hayne,2024-10-13,New Hanover,46.0,36.5
Castle Hayne,2024-10-14,New Hanover,44.0,48.0
Castle Hayne,2024-10-15,New Hanover,31.0,25.0
Castle Hayne,2024-10-16,New Hanover,23.0,21.5
Castle Hayne,2024-10-17,New Hanover,32.0,16.0
Castle Hayne,2024-10-18,New Hanover,34.0,23.0
Castle Hayne,2024-10-19,New Hanover,33.0,27.0
Castle Hayne,2024-10-20,New Hanover,30.0,24.0
Castle Hayne,2024-10-21,New Hanover,36.0,28.0
Castle Hayne,2024-10-22,New Hanover,35.0,37.0
Castle Hayne,2024-10-23,New Hanover,33.0,36.0
Castle Hayne,2024-10-24,New Hanover,47.0,58.0
Castle Hayne,2024-10-25,New Hanover,42.0,46.0
Castle Hayne,2024-10-26,New Hanover,44.0,58.0
Castle Hayne,2024-10-27,New Hanover,29.0,31.0
Castle Hayne,2024-10-28,New Hanover,35.0,28.0
Castle Hayne,2024-10-29,New Hanover,31.0,25.0
Castle Hayne,2024-10-30,New Hanover,40.0,27.0
Castle Hayne,2024-10-31,New Hanover,36.0,17.5
Castle Hayne,2024-11-01,New Hanover,,16.0
Castle Hayne,2024-11-02,New Hanover,,38.0
Castle Hayne,2024-11-03,New Hanover,,24.5
Castle Hayne,2024-11-04,New Hanover,,25.0
Castle Hayne,2024-11-05,New Hanover,,27.0
Castle Hayne,2024-11-06,New Hanover,,28.0
Castle Hayne,2024-11-07,New Hanover,,32.0
Castle Hayne,2024-11-08,New Hanover,,37.0
Castle Hayne,2024-11-09,New Hanover,,36.0
Castle Hayne,2024-11-10,New Hanover,,18.5
Castle Hayne,2024-11-11,New Hanover,,22.0
Castle Hayne,2024-11-12,New Hanover,,39.5
Castle Hayne,2024-11-13,New Hanover,,28.5
Castle Hayne,2024-11-14,New Hanover,,19.5
Castle Hayne,2024-11-15,New Hanover,,17.0
Castle Hayne,2024-11-16,New Hanover,,28.5
Castle Hayne,2024-11-17,New Hanover,,39.5
Castle Hayne,2024-11-19,New Hanover,,60.5
Castle Hayne,2024-11-20,New Hanover,,39.0
Castle Hayne,2024-11-21,New Hanover,,19.0
Castle Hayne,2024-11-22,New Hanover,,25.0
Castle Hayne,2024-11-23,New Hanover,,19.5
Castle Hayne,2024-11-24,New Hanover,,32.5
Castle Hayne,2024-11-25,New Hanover,,46.0
Castle Hayne,2024-11-26,New Hanover,,39.0
Castle Hayne,2024-11-27,New Hanover,,42.0
Castle Hayne,2024-11-28,New Hanover,,35.5
Castle Hayne,2024-11-29,New Hanover,,30.5
Castle Hayne,2024-11-30,New Hanover,,29.0
Castle Hayne,2024-12-01,New Hanover,,38.0
Castle Hayne,2024-12-02,New Hanover,,31.0
Castle Hayne,2024-12-03,New Hanover,,36.0
Castle Hayne,2024-12-04,New Hanover,,40.0
Castle Hayne,2024-12-05,New Hanover,,50.5
Castle Hayne,2024-12-06,New Hanover,,36.0
Castle Hayne,2024-12-07,New Hanover,,36.5
Castle Hayne,2024-12-08,New Hanover,,41.5
Castle Hayne,2024-12-09,New Hanover,,44.5
Castle Hayne,2024-12-10,New Hanover,,24.5
Castle Hayne,2024-12-11,New Hanover,,24.5
Castle Hayne,2024-12-12,New Hanover,,32.0
Castle Hayne,2024-12-13,New Hanover,,42.0
Castle Hayne,2024-12-14,New Hanover,,32.0
Castle Hayne,2024-12-15,New Hanover,,21.5
Castle Hayne,2024-12-16,New Hanover,,19.5
Castle Hayne,2024-12-17,New Hanover,,19.0
Castle Hayne,2024-12-18,New Hanover,,17.0
Castle Hayne,2024-12-19,New Hanover,,25.5
Castle Hayne,2024-12-20,New Hanover,,37.0
Castle Hayne,2024-12-21,New Hanover,,33.0
Castle Hayne,2024-12-22,New Hanover,,26.5
Castle Hayne,2024-12-23,New Hanover,,31.5
Castle Hayne,2024-12-24,New Hanover,,20.0
Castle Hayne,2024-12-25,New Hanover,,37.5
Castle Hayne,2024-12-26,New Hanover,,36.0
Castle Hayne,2024-12-27,New Hanover,,31.0
Castle Hayne,2024-12-28,New Hanover,,17.0
Castle Hayne,2024-12-29,New Hanover,,21.5
Castle Hayne,2024-12-30,New Hanover,,25.0
Castle Hayne,2024-12-31,New Hanover,,35.5
Castle Hayne,2025-01-01,New Hanover,,23.0
Castle Hayne,2025-01-02,New Hanover,,27.0
Castle Hayne,2025-01-03,New Hanover,,35.5
Castle Hayne,2025-01-04,New Hanover,,29.0
Castle Hayne,2025-01-05,New Hanover,,36.5
Castle Hayne,2025-01-06,New Hanover,,31.5
Castle Hayne,2025-01-07,New Hanover,,29.5
Castle Hayne,2025-01-08,New Hanover,,38.0
Castle Hayne,2025-01-09,New Hanover,,43.0
Castle Hayne,2025-01-10,New Hanover,,58.5
Castle Hayne,2025-01-11,New Hanover,,30.5
Castle Hayne,2025-01-12,New Hanover,,39.0
Castle Hayne,2025-01-13,New Hanover,,45.5
Castle Hayne,2025-01-14,New Hanover,,48.0
Castle Hayne,2025-01-15,New Hanover,,42.0
Castle Hayne,2025-01-16,New Hanover,,55.0
Castle Hayne,2025-01-17,New Hanover,,42.0
Castle Hayne,2025-01-18,New Hanover,,37.5
Castle Hayne,2025-01-19,New Hanover,,35.0
Castle Hayne,2025-01-20,New Hanover,,28.5
Castle Hayne,2025-01-21,New Hanover,,36.5
Castle Hayne,2025-01-22,New Hanover,,41.5
Castle Hayne,2025-01-23,New Hanover,,50.0
Castle Hayne,2025-01-24,New Hanover,,53.0
Castle Hayne,2025-01-25,New Hanover,,46.0
Castle Hayne,2025-01-26,New Hanover,,39.0
Castle Hayne,2025-01-27,New Hanover,,43.5
Castle Hayne,2025-01-28,New Hanover,,33.5
Castle Hayne,2025-01-29,New Hanover,,37.0
Castle Hayne,2025-01-30,New Hanover,,36.0
Castle Hayne,2025-01-31,New Hanover,,33.0
Castle Hayne,2025-02-01,New Hanover,,29.0
Castle Hayne,2025-02-02,New Hanover,,25.0
Castle Hayne,2025-02-03,New Hanover,,34.0
Castle Hayne,2025-02-04,New Hanover,,49.0
Castle Hayne,2025-02-05,New Hanover,,46.0
Castle Hayne,2025-02-06,New Hanover,,57.0
Castle Hayne,2025-02-07,New Hanover,,56.0
Castle Hayne,2025-02-08,New Hanover,,49.0
Castle Hayne,2025-02-09,New Hanover,,53.5
Castle Hayne,2025-02-10,New Hanover,,25.5
Castle Hayne,2025-02-11,New Hanover,,33.0
Castle Hayne,2025-02-12,New Hanover,,18.5
Castle Hayne,2025-02-13,New Hanover,,32.5
Castle Hayne,2025-02-14,New Hanover,,30.0
Castle Hayne,2025-02-15,New Hanover,,29.0
Castle Hayne,2025-02-16,New Hanover,,27.0
Castle Hayne,2025-02-17,New Hanover,,20.5
Castle Hayne,2025-02-18,New Hanover,,30.5
Castle Hayne,2025-02-19,New Hanover,,25.5
Castle Hayne,2025-02-20,New Hanover,,47.0
Castle Hayne,2025-02-21,New Hanover,,38.5
Castle Hayne,2025-02-22,New Hanover,,56.0
Castle Hayne,2025-02-23,New Hanover,,46.5
Castle Hayne,2025-02-24,New Hanover,,61.5
Castle Hayne,2025-02-25,New Hanover,,69.0
Castle Hayne,2025-02-26,New Hanover,,78.0
Castle Hayne,2025-02-27,New Hanover,,69.0
Castle Hayne,2025-02-28,New Hanover,,26.0
Castle Hayne,2025-03-01,New Hanover,51.0,57.5
Castle Hayne,2025-03-02,New Hanover,36.0,22.5
Castle Hayne,2025-03-03,New Hanover,41.0,28.5
Castle Hayne,2025-03-04,New Hanover,42.0,25.0
Castle Hayne,2025-03-05,New Hanover,38.0,52.5
Castle Hayne,2025-03-06,New Hanover,32.0,25.0
Castle Hayne,2025-03-07,New Hanover,38.0,25.0
Castle Hayne,2025-03-08,New Hanover,45.0,55.0
Castle Hayne,2025-03-09,New Hanover,37.0,37.5
Castle Hayne,2025-03-10,New Hanover,38.0,37.0
Castle Hayne,2025-03-11,New Hanover,43.0,26.5
Castle Hayne,2025-03-12,New Hanover,74.0,51.0
Castle Hayne,2025-03-13,New Hanover,64.0,65.5
Castle Hayne,2025-03-14,New Hanover,31.0,57.5
Castle Hayne,2025-03-15,New Hanover,37.0,33.0
Castle Hayne,2025-03-16,New Hanover,34.0,45.5
Castle Hayne,2025-03-17,New Hanover,31.0,41.0
Castle Hayne,2025-03-18,New Hanover,41.0,21.5
Castle Hayne,2025-03-19,New Hanover,58.0,56.5
Castle Hayne,2025-03-20,New Hanover,45.0,53.5
Castle Hayne,2025-03-21,New Hanover,39.0,19.0
Castle Hayne,2025-03-22,New Hanover,49.0,55.0
Castle Hayne,2025-03-23,New Hanover,41.0,46.0
Castle Hayne,2025-03-24,New Hanover,,54.0
Castle Hayne,2025-03-25,New Hanover,48.0,112.5
Castle Hayne,2025-03-26,New Hanover,45.0,100.5
Castle Hayne,2025-03-27,New Hanover,46.0,68.5
Castle Hayne,2025-03-28,New Hanover,46.0,27.0
Castle Hayne,2025-03-29,New Hanover,42.0,26.5
Castle Hayne,2025-03-30,New Hanover,39.0,23.0
Castle Hayne,2025-03-31,New Hanover,32.0,21.0
Castle Hayne,2025-04-01,New Hanover,32.0,32.0
Castle Hayne,2025-04-02,New Hanover,37.0,37.5
Castle Hayne,2025-04-03,New Hanover,23.0,39.0
Castle Hayne,2025-04-04,New Hanover,27.0,38.5
Castle Hayne,2025-04-05,New Hanover,32.0,23.5
Castle Hayne,2025-04-06,New Hanover,31.0,36.0
Castle Hayne,2025-04-07,New Hanover,33.0,36.5
Castle Hayne,2025-04-08,New Hanover,43.0,31.5
Castle Hayne,2025-04-09,New Hanover,44.0,54.5
Castle Hayne,2025-04-10,New Hanover,46.0,53.0
Castle Hayne,2025-04-11,New Hanover,45.0,29.5
Castle Hayne,2025-04-12,New Hanover,34.0,21.0
Castle Hayne,2025-04-13,New Hanover,41.0,36.0
Castle Hayne,2025-04-14,New Hanover,51.0,52.0
Castle Hayne,2025-04-15,New Hanover,46.0,60.0
Castle Hayne,2025-04-16,New Hanover,45.0,32.5
Castle Hayne,2025-04-17,New Hanover,51.0,52.0
Castle Hayne,2025-04-18,New Hanover,51.0,42.0
Castle Hayne,2025-04-19,New Hanover,44.0,23.5
Castle Hayne,2025-04-20,New Hanover,38.0,37.5
Castle Hayne,2025-04-21,New Hanover,46.0,46.0
Castle Hayne,2025-04-22,New Hanover,44.0,45.0
Castle Hayne,2025-04-23,New Hanover,34.0,50.5
Castle Hayne,2025-04-24,New Hanover,38.0,50.5
Castle Hayne,2025-04-25,New Hanover,44.0,39.5
Castle Hayne,2025-04-26,New Hanover,35.0,33.0
Castle Hayne,2025-04-27,New Hanover,42.0,32.5
Castle Hayne,2025-04-28,New Hanover,49.0,32.5
Castle Hayne,2025-04-29,New Hanover,45.0,54.5
Castle Hayne,2025-04-30,New Hanover,42.0,39.0
Castle Hayne,2025-05-01,New Hanover,43.0,28.0
Castle Hayne,2025-05-02,New Hanover,41.0,35.0
Castle Hayne,2025-05-03,New Hanover,42.0,34.5
Castle Hayne,2025-05-04,New Hanover,40.0,28.0
Castle Hayne,2025-05-05,New Hanover,41.0,25.0
Castle Hayne,2025-05-06,New Hanover,48.0,31.5
Castle Hayne,2025-05-07,New Hanover,48.0,43.0
Castle Hayne,2025-05-08,New Hanover,50.0,52.0
Castle Hayne,2025-05-09,New Hanover,44.0,30.0
Castle Hayne,2025-05-10,New Hanover,41.0,32.5
Castle Hayne,2025-05-11,New Hanover,36.0,21.5
Castle Hayne,2025-05-12,New Hanover,23.0,24.0
Castle Hayne,2025-05-13,New Hanover,32.0,23.5
Castle Hayne,2025-05-14,New Hanover,38.0,40.0
Castle Hayne,2025-05-15,New Hanover,45.0,42.0
Castle Hayne,2025-05-16,New Hanover,38.0,56.0
Castle Hayne,2025-05-17,New Hanover,34.0,54.5
Castle Hayne,2025-05-18,New Hanover,44.0,43.5
Castle Hayne,2025-05-19,New Hanover,42.0,46.0
Castle Hayne,2025-05-20,New Hanover,45.0,40.5
Castle Hayne,2025-05-21,New Hanover,43.0,50.5
Castle Hayne,2025-05-22,New Hanover,50.0,33.0
Castle Hayne,2025-05-23,New Hanover,47.0,33.0
Castle Hayne,2025-05-24,New Hanover,44.0,24.0
Castle Hayne,2025-05-25,New Hanover,43.0,35.5
Castle Hayne,2025-05-26,New Hanover,31.0,29.0
Castle Hayne,2025-05-27,New Hanover,33.0,22.0
Castle Hayne,2025-05-28,New Hanover,26.0,28.5
Castle Hayne,2025-05-29,New Hanover,26.0,40.0
Castle Hayne,2025-05-30,New Hanover,32.0,23.5
Castle Hayne,2025-05-31,New Hanover,44.0,43.5
Castle Hayne,2025-06-01,New Hanover,51.0,52.0
Castle Hayne,2025-06-02,New Hanover,40.0,53.5
Castle Hayne,2025-06-03,New Hanover,49.0,48.5
Castle Hayne,2025-06-04,New Hanover,47.0,30.0
Castle Hayne,2025-06-05,New Hanover,23.0,30.0
Castle Hayne,2025-06-06,New Hanover,27.0,38.0
Castle Hayne,2025-06-07,New Hanover,31.0,53.5
Castle Hayne,2025-06-08,New Hanover,30.0,37.0
Castle Hayne,2025-06-09,New Hanover,36.0,40.5
Castle Hayne,2025-06-10,New Hanover,28.0,28.0
Castle Hayne,2025-06-11,New Hanover,29.0,27.0
Castle Hayne,2025-06-12,New Hanover,24.0,23.5
Castle Hayne,2025-06-13,New Hanover,16.0,39.0
Castle Hayne,2025-06-14,New Hanover,18.0,30.5
Castle Hayne,2025-06-15,New Hanover,24.0,27.5
Castle Hayne,2025-06-16,New Hanover,26.0,32.0
Castle Hayne,2025-06-17,New Hanover,25.0,32.0
Castle Hayne,2025-06-18,New Hanover,28.0,34.0
Castle Hayne,2025-06-19,New Hanover,31.0,32.5
Castle Hayne,2025-06-20,New Hanover,32.0,38.0
Castle Hayne,2025-06-21,New Hanover,30.0,28.0
Castle Hayne,2025-06-22,New Hanover,27.0,22.5
Castle Hayne,2025-06-23,New Hanover,37.0,39.0
Castle Hayne,2025-06-24,New Hanover,44.0,59.5
Castle Hayne,2025-06-25,New Hanover,41.0,63.0
Castle Hayne,2025-06-26,New Hanover,47.0,52.0
Castle Hayne,2025-06-27,New Hanover,37.0,34.5
Castle Hayne,2025-06-28,New Hanover,31.0,19.5
Castle Hayne,2025-06-29,New Hanover,34.0,33.5
Castle Hayne,2025-06-30,New Hanover,30.0,40.0
Castle Hayne,2025-07-01,New Hanover,30.0,39.0
Castle Hayne,2025-07-02,New Hanover,25.0,39.0
Castle Hayne,2025-07-03,New Hanover,31.0,42.5
Castle Hayne,2025-07-04,New Hanover,39.0,44.0
Castle Hayne,2025-07-05,New Hanover,32.0,40.0
Castle Hayne,2025-07-06,New Hanover,30.0,28.5
Castle Hayne,2025-07-07,New Hanover,32.0,30.0
Castle Hayne,2025-07-08,New Hanover,31.0,30.0
Castle Hayne,2025-07-09,New Hanover,20.0,27.5
Castle Hayne,2025-07-10,New Hanover,35.0,32.5
Castle Hayne,2025-07-11,New Hanover,34.0,27.0
Castle Hayne,2025-07-12,New Hanover,34.0,38.5
Castle Hayne,2025-07-13,New Hanover,31.0,36.0
Castle Hayne,2025-07-14,New Hanover,28.0,20.5
Castle Hayne,2025-07-15,New Hanover,31.0,23.0
Castle Hayne,2025-07-16,New Hanover,13.0,33.5
Castle Hayne,2025-07-17,New Hanover,19.0,24.5
Castle Hayne,2025-07-18,New Hanover,24.0,26.5
Castle Hayne,2025-07-19,New Hanover,28.0,30.5
Castle Hayne,2025-07-20,New Hanover,31.0,38.0
Castle Hayne,2025-07-21,New Hanover,31.0,47.5
Castle Hayne,2025-07-22,New Hanover,29.0,46.0
Castle Hayne,2025-07-23,New Hanover,31.0,35.0
Castle Hayne,2025-07-24,New Hanover,25.0,22.5
Castle Hayne,2025-07-25,New Hanover,30.0,36.0
Castle Hayne,2025-07-26,New Hanover,31.0,52.0
Castle Hayne,2025-07-27,New Hanover,31.0,51.0
Castle Hayne,2025-07-28,New Hanover,34.0,38.0
Castle Hayne,2025-07-29,New Hanover,29.0,25.0
Castle Hayne,2025-07-30,New Hanover,23.0,29.5
Castle Hayne,2025-07-31,New Hanover,30.0,35.0
Castle Hayne,2025-08-01,New Hanover,33.0,27.5
Castle Hayne,2025-08-02,New Hanover,26.0,30.5
Castle Hayne,2025-08-03,New Hanover,29.0,41.0
Castle Hayne,2025-08-04,New Hanover,29.0,35.5
Castle Hayne,2025-08-05,New Hanover,27.0,27.0
Castle Hayne,2025-08-06,New Hanover,25.0,14.0
Castle Hayne,2025-08-07,New Hanover,26.0,49.0
Castle Hayne,2025-08-08,New Hanover,23.0,62.5
Castle Hayne,2025-08-09,New Hanover,24.0,29.0
Castle Hayne,2025-08-10,New Hanover,23.0,13.5
Castle Hayne,2025-08-11,New Hanover,15.0,9.5
Castle Hayne,2025-08-12,New Hanover,10.0,11.0
Castle Hayne,2025-08-13,New Hanover,13.0,18.0
Castle Hayne,2025-08-14,New Hanover,21.0,17.0
Castle Hayne,2025-08-15,New Hanover,20.0,25.0
Castle Hayne,2025-08-16,New Hanover,20.0,28.5
Castle Hayne,2025-08-17,New Hanover,32.0,40.5
Castle Hayne,2025-08-18,New Hanover,35.0,45.0
Castle Hayne,2025-08-19,New Hanover,25.0,46.0
Castle Hayne,2025-08-20,New Hanover,16.0,23.5
Castle Hayne,2025-08-21,New Hanover,23.0,26.0
Castle Hayne,2025-08-22,New Hanover,29.0,17.5
Castle Hayne,2025-08-23,New Hanover,32.0,18.5
Castle Hayne,2025-08-24,New Hanover,24.0,20.0
Castle Hayne,2025-08-25,New Hanover,31.0,28.5
Castle Hayne,2025-08-26,New Hanover,35.0,38.0
Castle Hayne,2025-08-27,New Hanover,38.0,33.0
Castle Hayne,2025-08-28,New Hanover,40.0,33.0
Castle Hayne,2025-08-29,New Hanover,45.0,42.0
Castle Hayne,2025-08-30,New Hanover,37.0,41.5
Castle Hayne,2025-08-31,New Hanover,37.0,23.5
Castle Hayne,2025-09-01,New Hanover,31.0,19.5
Castle Hayne,2025-09-02,New Hanover,30.0,20.0
Castle Hayne,2025-09-03,New Hanover,39.0,27.5
Castle Hayne,2025-09-04,New Hanover,44.0,28.5
Castle Hayne,2025-09-05,New Hanover,38.0,20.0
Castle Hayne,2025-09-06,New Hanover,31.0,10.5
Castle Hayne,2025-09-07,New Hanover,27.0,30.0
Castle Hayne,2025-09-08,New Hanover,33.0,32.0
Castle Hayne,2025-09-09,New Hanover,28.0,27.0
Castle Hayne,2025-09-10,New Hanover,19.0,16.0
Castle Hayne,2025-09-11,New Hanover,17.0,21.0
Castle Hayne,2025-09-12,New Hanover,43.0,35.0
Castle Hayne,2025-09-13,New Hanover,31.0,36.0
Castle Hayne,2025-09-14,New Hanover,36.0,34.0
Castle Hayne,2025-09-15,New Hanover,36.0,45.0
Castle Hayne,2025-09-16,New Hanover,31.0,41.0
Castle Hayne,2025-09-17,New Hanover,39.0,40.0
Castle Hayne,2025-09-18,New Hanover,33.0,21.0
Castle Hayne,2025-09-19,New Hanover,42.0,37.5
Castle Hayne,2025-09-20,New Hanover,39.0,32.5
Castle Hayne,2025-09-21,New Hanover,40.0,46.5
Castle Hayne,2025-09-22,New Hanover,23.0,32.5
Castle Hayne,2025-09-23,New Hanover,29.0,17.5
Castle Hayne,2025-09-24,New Hanover,26.0,10.5
Castle Hayne,2025-09-25,New Hanover,31.0,16.0
Castle Hayne,2025-09-26,New Hanover,27.0,22.5
Castle Hayne,2025-09-27,New Hanover,14.0,22.5
Castle Hayne,2025-09-28,New Hanover,21.0,32.5
Castle Hayne,2025-09-29,New Hanover,18.0,18.5
Castle Hayne,2025-09-30,New Hanover,28.0,31.5
Castle Hayne,2025-10-01,New Hanover,31.0,51.5
Castle Hayne,2025-10-02,New Hanover,25.0,29.0
Castle Hayne,2025-10-03,New Hanover,27.0,27.5
Castle Hayne,2025-10-04,New Hanover,28.0,19.0
Castle Hayne,2025-10-05,New Hanover,34.0,15.0
Castle Hayne,2025-10-06,New Hanover,31.0,14.0
Castle Hayne,2025-10-07,New Hanover,31.0,12.0
Castle Hayne,2025-10-08,New Hanover,25.0,22.5
Castle Hayne,2025-10-09,New Hanover,31.0,27.5
Castle Hayne,2025-10-10,New Hanover,31.0,28.0
Castle Hayne,2025-10-11,New Hanover,30.0,15.5
Castle Hayne,2025-10-12,New Hanover,28.0,6.0
Castle Hayne,2025-10-13,New Hanover,19.0,22.0
Castle Hayne,2025-10-14,New Hanover,19.0,25.0
Castle Hayne,2025-10-15,New Hanover,19.0,29.0
Castle Hayne,2025-10-16,New Hanover,34.0,29.0
Castle Hayne,2025-10-17,New Hanover,35.0,27.0
Castle Hayne,2025-10-18,New Hanover,42.0,41.0
Castle Hayne,2025-10-19,New Hanover,39.0,27.0
Castle Hayne,2025-10-20,New Hanover,31.0,23.5
Castle Hayne,2025-10-21,New Hanover,38.0,35.5
Castle Hayne,2025-10-22,New Hanover,38.0,44.5
Castle Hayne,2025-10-23,New Hanover,34.0,36.5
Castle Hayne,2025-10-24,New Hanover,33.0,32.5
Castle Hayne,2025-10-25,New Hanover,31.0,31.0
Castle Hayne,2025-10-26,New Hanover,25.0,28.0
Castle Hayne,2025-10-27,New Hanover,31.0,18.5
Castle Hayne,2025-10-28,New Hanover,24.0,11.0
Castle Hayne,2025-10-29,New Hanover,18.0,13.5
Castle Hayne,2025-10-30,New Hanover,27.0,22.5
Castle Hayne,2025-10-31,New Hanover,31.0,27.5
Castle Hayne,2025-11-01,New Hanover,32.0,39.0
Castle Hayne,2025-11-02,New Hanover,35.0,35.0
Castle Hayne,2025-11-03,New Hanover,,29.0
Castle Hayne,2025-11-04,New Hanover,,41.0
Castle Hayne,2025-11-05,New Hanover,,39.5
Castle Hayne,2025-11-06,New Hanover,,53.5
Castle Hayne,2025-11-07,New Hanover,,33.0
Castle Hayne,2025-11-08,New Hanover,,53.5
Castle Hayne,2025-11-09,New Hanover,,45.0
Castle Hayne,2025-11-10,New Hanover,,30.0
Castle Hayne,2025-11-11,New Hanover,,26.5
Castle Hayne,2025-11-12,New Hanover,,45.5
Castle Hayne,2025-11-13,New Hanover,,52.0
Castle Hayne,2025-11-14,New Hanover,,42.5
Castle Hayne,2025-11-15,New Hanover,,55.0
Castle Hayne,2025-11-16,New Hanover,,58.5
Castle Hayne,2025-11-17,New Hanover,,28.0
Castle Hayne,2025-11-18,New Hanover,,36.0
Castle Hayne,2025-11-19,New Hanover,,46.5
Castle Hayne,2025-11-20,New Hanover,,53.0
Castle Hayne,2025-11-21,New Hanover,,57.0
Castle Hayne,2025-11-22,New Hanover,,59.0
Castle Hayne,2025-11-23,New Hanover,,53.5
Castle Hayne,2025-11-24,New Hanover,,54.5
Castle Hayne,2025-11-25,New Hanover,,24.0
Castle Hayne,2025-11-26,New Hanover,,36.0
Castle Hayne,2025-11-27,New Hanover,,29.5
Castle Hayne,2025-11-28,New Hanover,,28.5
Castle Hayne,2025-11-29,New Hanover,,32.0
Castle Hayne,2025-11-30,New Hanover,,19.5
Castle Hayne,2025-12-01,New Hanover,,38.5
Castle Hayne,2025-12-02,New Hanover,,28.5
Castle Hayne,2025-12-03,New Hanover,,47.5
Castle Hayne,2025-12-04,New Hanover,,56.5
Castle Hayne,2025-12-05,New Hanover,,42.0
Castle Hayne,2025-12-06,New Hanover,,36.5
Castle Hayne,2025-12-07,New Hanover,,63.0
Castle Hayne,2025-12-08,New Hanover,,52.5
Castle Hayne,2025-12-09,New Hanover,,30.0
Castle Hayne,2025-12-10,New Hanover,,42.5
Castle Hayne,2025-12-11,New Hanover,,31.0
Castle Hayne,2025-12-12,New Hanover,,31.5
Castle Hayne,2025-12-13,New Hanover,,44.0
Castle Hayne,2025-12-14,New Hanover,,34.0
Castle Hayne,2025-12-15,New Hanover,,28.5
Castle Hayne,2025-12-16,New Hanover,,44.5
Castle Hayne,2025-12-17,New Hanover,,54.5
Castle Hayne,2025-12-18,New Hanover,,34.0
Castle Hayne,2025-12-19,New Hanover,,20.0
Castle Hayne,2025-12-20,New Hanover,,29.0
Castle Hayne,2025-12-21,New Hanover,,36.5
Castle Hayne,2025-12-22,New Hanover,,23.0
Castle Hayne,2025-12-23,New Hanover,,36.0
Castle Hayne,2025-12-24,New Hanover,,53.0
Castle Hayne,2025-12-25,New Hanover,,40.5
Castle Hayne,2025-12-26,New Hanover,,41.5
Castle Hayne,2025-12-27,New Hanover,,52.5
Castle Hayne,2025-12-28,New Hanover,,27.5
Castle Hayne,2025-12-29,New Hanover,,32.0
Castle Hayne,2025-12-30,New Hanover,,30.0
Castle Hayne,2025-12-31,New Hanover,,35.0
Clemmons Middle,2024-01-01,Forsyth,,47.5
Clemmons Middle,2024-01-02,Forsyth,,37.0
Clemmons Middle,2024-01-03,Forsyth,,58.0
Clemmons Middle,2024-01-04,Forsyth,,32.0
Clemmons Middle,2024-01-05,Forsyth,,54.0
Clemmons Middle,2024-01-06,Forsyth,,48.0
Clemmons Middle,2024-01-07,Forsyth,,23.5
Clemmons Middle,2024-01-08,Forsyth,,27.0
Clemmons Middle,2024-01-09,Forsyth,,25.0
Clemmons Middle,2024-01-10,Forsyth,,21.0
Clemmons Middle,2024-01-11,Forsyth,,37.0
Clemmons Middle,2024-01-12,Forsyth,,53.0
Clemmons Middle,2024-01-13,Forsyth,,23.0
Clemmons Middle,2024-01-14,Forsyth,,26.0
Clemmons Middle,2024-01-15,Forsyth,,34.0
Clemmons Middle,2024-01-16,Forsyth,,33.0
Clemmons Middle,2024-01-17,Forsyth,,40.0
Clemmons Middle,2024-01-18,Forsyth,,54.0
Clemmons Middle,2024-01-19,Forsyth,,31.5
Clemmons Middle,2024-01-20,Forsyth,,31.0
Clemmons Middle,2024-01-21,Forsyth,,34.0
Clemmons Middle,2024-01-22,Forsyth,,59.0
Clemmons Middle,2024-01-23,Forsyth,,80.0
Clemmons Middle,2024-01-24,Forsyth,,61.0
Clemmons Middle,2024-01-25,Forsyth,,14.0
Clemmons Middle,2024-01-26,Forsyth,,48.0
Clemmons Middle,2024-01-27,Forsyth,,37.0
Clemmons Middle,2024-01-28,Forsyth,,8.0
Clemmons Middle,2024-01-29,Forsyth,,4.0
Clemmons Middle,2024-01-30,Forsyth,,27.0
Clemmons Middle,2024-01-31,Forsyth,,32.0
Clemmons Middle,2024-02-01,Forsyth,,27.0
Clemmons Middle,2024-02-02,Forsyth,,41.0
Clemmons Middle,2024-02-03,Forsyth,,29.0
Clemmons Middle,2024-02-04,Forsyth,,43.0
Clemmons Middle,2024-02-05,Forsyth,,31.0
Clemmons Middle,2024-02-06,Forsyth,,31.5
Clemmons Middle,2024-02-07,Forsyth,,31.0
Clemmons Middle,2024-02-08,Forsyth,,54.0
Clemmons Middle,2024-02-09,Forsyth,,76.0
Clemmons Middle,2024-02-10,Forsyth,,72.0
Clemmons Middle,2024-02-11,Forsyth,,25.0
Clemmons Middle,2024-02-12,Forsyth,,22.5
Clemmons Middle,2024-02-13,Forsyth,,13.0
Clemmons Middle,2024-02-14,Forsyth,,25.0
Clemmons Middle,2024-02-15,Forsyth,,36.0
Clemmons Middle,2024-02-16,Forsyth,,40.0
Clemmons Middle,2024-02-17,Forsyth,,30.0
Clemmons Middle,2024-02-18,Forsyth,,25.5
Clemmons Middle,2024-02-19,Forsyth,,33.0
Clemmons Middle,2024-02-20,Forsyth,,53.0
Clemmons Middle,2024-02-21,Forsyth,,55.0
Clemmons Middle,2024-02-22,Forsyth,,85.0
Clemmons Middle,2024-02-23,Forsyth,,78.0
Clemmons Middle,2024-02-24,Forsyth,,21.0
Clemmons Middle,2024-02-25,Forsyth,,26.0
Clemmons Middle,2024-02-26,Forsyth,,59.0
Clemmons Middle,2024-02-27,Forsyth,,67.0
Clemmons Middle,2024-02-28,Forsyth,,48.0
Clemmons Middle,2024-02-29,Forsyth,,40.0
Clemmons Middle,2024-03-01,Forsyth,27.0,45.0
Clemmons Middle,2024-03-02,Forsyth,37.0,15.0
Clemmons Middle,2024-03-03,Forsyth,39.0,46.0
Clemmons Middle,2024-03-04,Forsyth,40.0,44.0
Clemmons Middle,2024-03-05,Forsyth,44.0,36.0
Clemmons Middle,2024-03-06,Forsyth,23.0,48.0
Clemmons Middle,2024-03-07,Forsyth,40.0,22.5
Clemmons Middle,2024-03-08,Forsyth,36.0,24.0
Clemmons Middle,2024-03-09,Forsyth,25.0,15.0
Clemmons Middle,2024-03-10,Forsyth,44.0,11.0
Clemmons Middle,2024-03-11,Forsyth,46.0,9.0
Clemmons Middle,2024-03-12,Forsyth,47.0,21.0
Clemmons Middle,2024-03-13,Forsyth,67.0,49.0
Clemmons Middle,2024-03-14,Forsyth,100.0,67.0
Clemmons Middle,2024-03-15,Forsyth,39.0,106.0
Clemmons Middle,2024-03-16,Forsyth,45.0,51.0
Clemmons Middle,2024-03-17,Forsyth,44.0,29.0
Clemmons Middle,2024-03-18,Forsyth,47.0,16.0
Clemmons Middle,2024-03-19,Forsyth,42.0,24.5
Clemmons Middle,2024-03-20,Forsyth,49.0,34.0
Clemmons Middle,2024-03-21,Forsyth,54.0,30.0
Clemmons Middle,2024-03-22,Forsyth,35.0,56.0
Clemmons Middle,2024-03-23,Forsyth,44.0,18.0
Clemmons Middle,2024-03-24,Forsyth,48.0,23.0
Clemmons Middle,2024-03-25,Forsyth,58.0,34.0
Clemmons Middle,2024-03-26,Forsyth,35.0,42.0
Clemmons Middle,2024-03-27,Forsyth,26.0,19.0
Clemmons Middle,2024-03-28,Forsyth,48.0,24.0
Clemmons Middle,2024-03-29,Forsyth,54.0,29.0
Clemmons Middle,2024-03-30,Forsyth,71.0,43.0
Clemmons Middle,2024-03-31,Forsyth,64.0,47.5
Clemmons Middle,2024-04-01,Forsyth,50.0,58.0
Clemmons Middle,2024-04-02,Forsyth,49.0,63.0
Clemmons Middle,2024-04-03,Forsyth,47.0,36.0
Clemmons Middle,2024-04-04,Forsyth,42.0,9.0
Clemmons Middle,2024-04-05,Forsyth,40.0,12.0
Clemmons Middle,2024-04-06,Forsyth,45.0,11.0
Clemmons Middle,2024-04-07,Forsyth,49.0,18.0
Clemmons Middle,2024-04-08,Forsyth,58.0,53.0
Clemmons Middle,2024-04-09,Forsyth,41.0,52.0
Clemmons Middle,2024-04-10,Forsyth,39.0,54.0
Clemmons Middle,2024-04-11,Forsyth,41.0,27.0
Clemmons Middle,2024-04-12,Forsyth,48.0,15.0
Clemmons Middle,2024-04-13,Forsyth,50.0,15.0
Clemmons Middle,2024-04-14,Forsyth,74.0,33.0
Clemmons Middle,2024-04-15,Forsyth,84.0,51.0
Clemmons Middle,2024-04-16,Forsyth,80.0,61.0
Clemmons Middle,2024-04-17,Forsyth,71.0,67.0
Clemmons Middle,2024-04-18,Forsyth,47.0,38.5
Clemmons Middle,2024-04-19,Forsyth,58.0,61.0
Clemmons Middle,2024-04-20,Forsyth,39.0,53.0
Clemmons Middle,2024-04-21,Forsyth,31.0,26.0
Clemmons Middle,2024-04-22,Forsyth,44.0,28.0
Clemmons Middle,2024-04-23,Forsyth,49.0,37.0
Clemmons Middle,2024-04-24,Forsyth,44.0,43.0
Clemmons Middle,2024-04-25,Forsyth,71.0,38.0
Clemmons Middle,2024-04-26,Forsyth,47.0,52.0
Clemmons Middle,2024-04-27,Forsyth,49.0,52.0
Clemmons Middle,2024-04-28,Forsyth,47.0,44.0
Clemmons Middle,2024-04-29,Forsyth,77.0,49.0
Clemmons Middle,2024-04-30,Forsyth,45.0,44.5
Clemmons Middle,2024-05-01,Forsyth,51.0,31.0
Clemmons Middle,2024-05-02,Forsyth,84.0,43.0
Clemmons Middle,2024-05-03,Forsyth,61.0,55.0
Clemmons Middle,2024-05-04,Forsyth,26.0,41.0
Clemmons Middle,2024-05-05,Forsyth,27.0,17.0
Clemmons Middle,2024-05-06,Forsyth,41.0,36.0
Clemmons Middle,2024-05-07,Forsyth,36.0,38.0
Clemmons Middle,2024-05-08,Forsyth,33.0,54.0
Clemmons Middle,2024-05-09,Forsyth,45.0,24.0
Clemmons Middle,2024-05-10,Forsyth,,22.0
Clemmons Middle,2024-05-11,Forsyth,40.0,22.0
Clemmons Middle,2024-05-12,Forsyth,44.0,30.5
Clemmons Middle,2024-05-13,Forsyth,42.0,41.0
Clemmons Middle,2024-05-14,Forsyth,28.0,26.0
Clemmons Middle,2024-05-15,Forsyth,31.0,28.0
Clemmons Middle,2024-05-16,Forsyth,42.0,26.0
Clemmons Middle,2024-05-17,Forsyth,35.0,34.0
Clemmons Middle,2024-05-18,Forsyth,34.0,36.0
Clemmons Middle,2024-05-19,Forsyth,40.0,19.0
Clemmons Middle,2024-05-20,Forsyth,44.0,32.0
Clemmons Middle,2024-05-21,Forsyth,49.0,45.0
Clemmons Middle,2024-05-22,Forsyth,51.0,52.0
Clemmons Middle,2024-05-23,Forsyth,43.0,52.0
Clemmons Middle,2024-05-24,Forsyth,43.0,28.0
Clemmons Middle,2024-05-25,Forsyth,43.0,28.0
Clemmons Middle,2024-05-26,Forsyth,44.0,42.0
Clemmons Middle,2024-05-27,Forsyth,48.0,29.0
Clemmons Middle,2024-05-28,Forsyth,45.0,27.0
Clemmons Middle,2024-05-29,Forsyth,50.0,23.0
Clemmons Middle,2024-05-30,Forsyth,42.0,30.5
Clemmons Middle,2024-05-31,Forsyth,51.0,27.0
Clemmons Middle,2024-06-01,Forsyth,51.0,41.0
Clemmons Middle,2024-06-02,Forsyth,41.0,38.0
Clemmons Middle,2024-06-03,Forsyth,35.0,45.0
Clemmons Middle,2024-06-04,Forsyth,43.0,51.0
Clemmons Middle,2024-06-05,Forsyth,35.0,48.0
Clemmons Middle,2024-06-06,Forsyth,40.0,39.0
Clemmons Middle,2024-06-07,Forsyth,51.0,26.0
Clemmons Middle,2024-06-08,Forsyth,61.0,30.0
Clemmons Middle,2024-06-09,Forsyth,42.0,37.0
Clemmons Middle,2024-06-10,Forsyth,49.0,22.0
Clemmons Middle,2024-06-11,Forsyth,45.0,39.5
Clemmons Middle,2024-06-12,Forsyth,64.0,57.0
Clemmons Middle,2024-06-13,Forsyth,54.0,59.0
Clemmons Middle,2024-06-14,Forsyth,58.0,65.0
Clemmons Middle,2024-06-15,Forsyth,87.0,57.0
Clemmons Middle,2024-06-16,Forsyth,44.0,52.0
Clemmons Middle,2024-06-17,Forsyth,44.0,56.0
Clemmons Middle,2024-06-18,Forsyth,46.0,56.0
Clemmons Middle,2024-06-19,Forsyth,47.0,51.0
Clemmons Middle,2024-06-20,Forsyth,46.0,51.0
Clemmons Middle,2024-06-21,Forsyth,50.0,52.0
Clemmons Middle,2024-06-22,Forsyth,33.0,41.0
Clemmons Middle,2024-06-23,Forsyth,37.0,42.5
Clemmons Middle,2024-06-24,Forsyth,51.0,37.0
Clemmons Middle,2024-06-25,Forsyth,64.0,42.0
Clemmons Middle,2024-06-26,Forsyth,100.0,60.0
Clemmons Middle,2024-06-27,Forsyth,40.0,51.0
Clemmons Middle,2024-06-28,Forsyth,67.0,53.0
Clemmons Middle,2024-06-29,Forsyth,36.0,41.0
Clemmons Middle,2024-06-30,Forsyth,36.0,37.0
Clemmons Middle,2024-07-01,Forsyth,49.0,34.0
Clemmons Middle,2024-07-02,Forsyth,71.0,22.0
Clemmons Middle,2024-07-03,Forsyth,64.0,44.0
Clemmons Middle,2024-07-04,Forsyth,45.0,58.0
Clemmons Middle,2024-07-05,Forsyth,38.0,50.0
Clemmons Middle,2024-07-06,Forsyth,44.0,29.0
Clemmons Middle,2024-07-07,Forsyth,29.0,32.0
Clemmons Middle,2024-07-08,Forsyth,44.0,34.0
Clemmons Middle,2024-07-09,Forsyth,50.0,36.0
Clemmons Middle,2024-07-10,Forsyth,46.0,30.0
Clemmons Middle,2024-07-11,Forsyth,51.0,22.5
Clemmons Middle,2024-07-12,Forsyth,30.0,28.0
Clemmons Middle,2024-07-13,Forsyth,46.0,25.0
Clemmons Middle,2024-07-14,Forsyth,44.0,53.0
Clemmons Middle,2024-07-15,Forsyth,50.0,55.0
Clemmons Middle,2024-07-16,Forsyth,43.0,55.0
Clemmons Middle,2024-07-17,Forsyth,44.0,44.0
Clemmons Middle,2024-07-18,Forsyth,43.0,34.0
Clemmons Middle,2024-07-19,Forsyth,46.0,41.0
Clemmons Middle,2024-07-20,Forsyth,32.0,24.0
Clemmons Middle,2024-07-21,Forsyth,31.0,19.0
Clemmons Middle,2024-07-22,Forsyth,36.0,22.0
Clemmons Middle,2024-07-23,Forsyth,38.0,30.5
Clemmons Middle,2024-07-24,Forsyth,34.0,32.0
Clemmons Middle,2024-07-25,Forsyth,23.0,22.0
Clemmons Middle,2024-07-26,Forsyth,36.0,50.0
Clemmons Middle,2024-07-27,Forsyth,49.0,59.0
Clemmons Middle,2024-07-28,Forsyth,43.0,59.0
Clemmons Middle,2024-07-29,Forsyth,31.0,48.5
Clemmons Middle,2024-07-30,Forsyth,44.0,34.0
Clemmons Middle,2024-07-31,Forsyth,43.0,37.0
Clemmons Middle,2024-08-01,Forsyth,43.0,38.0
Clemmons Middle,2024-08-02,Forsyth,35.0,50.0
Clemmons Middle,2024-08-03,Forsyth,36.0,56.0
Clemmons Middle,2024-08-04,Forsyth,42.0,38.5
Clemmons Middle,2024-08-05,Forsyth,44.0,34.0
Clemmons Middle,2024-08-06,Forsyth,24.0,19.0
Clemmons Middle,2024-08-07,Forsyth,24.0,21.0
Clemmons Middle,2024-08-08,Forsyth,28.0,13.0
Clemmons Middle,2024-08-09,Forsyth,31.0,22.0
Clemmons Middle,2024-08-10,Forsyth,39.0,43.0
Clemmons Middle,2024-08-11,Forsyth,67.0,51.0
Clemmons Middle,2024-08-12,Forsyth,44.0,43.0
Clemmons Middle,2024-08-13,Forsyth,20.0,41.0
Clemmons Middle,2024-08-14,Forsyth,48.0,43.0
Clemmons Middle,2024-08-15,Forsyth,44.0,52.0
Clemmons Middle,2024-08-16,Forsyth,50.0,53.0
Clemmons Middle,2024-08-17,Forsyth,35.0,32.0
Clemmons Middle,2024-08-18,Forsyth,37.0,33.0
Clemmons Middle,2024-08-19,Forsyth,29.0,25.0
Clemmons Middle,2024-08-20,Forsyth,37.0,43.0
Clemmons Middle,2024-08-21,Forsyth,45.0,43.0
Clemmons Middle,2024-08-22,Forsyth,48.0,47.0
Clemmons Middle,2024-08-23,Forsyth,54.0,50.0
Clemmons Middle,2024-08-24,Forsyth,49.0,54.0
Clemmons Middle,2024-08-25,Forsyth,51.0,56.0
Clemmons Middle,2024-08-26,Forsyth,54.0,59.0
Clemmons Middle,2024-08-27,Forsyth,97.0,63.0
Clemmons Middle,2024-08-28,Forsyth,58.0,64.0
Clemmons Middle,2024-08-29,Forsyth,50.0,60.0
Clemmons Middle,2024-08-30,Forsyth,46.0,52.0
Clemmons Middle,2024-08-31,Forsyth,42.0,43.0
Clemmons Middle,2024-09-01,Forsyth,35.0,31.0
Clemmons Middle,2024-09-02,Forsyth,39.0,35.0
Clemmons Middle,2024-09-03,Forsyth,33.0,20.0
Clemmons Middle,2024-09-04,Forsyth,41.0,23.0
Clemmons Middle,2024-09-05,Forsyth,40.0,28.0
Clemmons Middle,2024-09-06,Forsyth,51.0,33.0
Clemmons Middle,2024-09-07,Forsyth,36.0,31.0
Clemmons Middle,2024-09-08,Forsyth,38.0,18.0
Clemmons Middle,2024-09-09,Forsyth,42.0,29.0
Clemmons Middle,2024-09-10,Forsyth,64.0,29.0
Clemmons Middle,2024-09-11,Forsyth,50.0,38.0
Clemmons Middle,2024-09-12,Forsyth,51.0,47.0
Clemmons Middle,2024-09-13,Forsyth,29.0,37.0
Clemmons Middle,2024-09-14,Forsyth,31.0,27.0
Clemmons Middle,2024-09-15,Forsyth,29.0,33.0
Clemmons Middle,2024-09-16,Forsyth,28.0,34.0
Clemmons Middle,2024-09-17,Forsyth,20.0,20.0
Clemmons Middle,2024-09-18,Forsyth,40.0,41.0
Clemmons Middle,2024-09-19,Forsyth,27.0,17.0
Clemmons Middle,2024-09-20,Forsyth,36.0,27.0
Clemmons Middle,2024-09-21,Forsyth,44.0,44.5
Clemmons Middle,2024-09-22,Forsyth,54.0,46.0
Clemmons Middle,2024-09-23,Forsyth,19.0,53.0
Clemmons Middle,2024-09-24,Forsyth,24.0,53.0
Clemmons Middle,2024-09-25,Forsyth,33.0,34.0
Clemmons Middle,2024-09-26,Forsyth,23.0,23.0
Clemmons Middle,2024-09-27,Forsyth,25.0,20.0
Clemmons Middle,2024-09-28,Forsyth,38.0,43.0
Clemmons Middle,2024-09-29,Forsyth,38.0,43.0
Clemmons Middle,2024-09-30,Forsyth,31.0,46.0
Clemmons Middle,2024-10-01,Forsyth,22.0,18.0
Clemmons Middle,2024-10-02,Forsyth,31.0,20.0
Clemmons Middle,2024-10-03,Forsyth,32.0,36.0
Clemmons Middle,2024-10-04,Forsyth,31.0,40.0
Clemmons Middle,2024-10-05,Forsyth,54.0,46.0
Clemmons Middle,2024-10-06,Forsyth,32.0,53.0
Clemmons Middle,2024-10-07,Forsyth,39.0,54.0
Clemmons Middle,2024-10-08,Forsyth,38.0,51.0
Clemmons Middle,2024-10-09,Forsyth,44.0,35.5
Clemmons Middle,2024-10-10,Forsyth,35.0,21.0
Clemmons Middle,2024-10-11,Forsyth,35.0,25.0
Clemmons Middle,2024-10-12,Forsyth,39.0,48.0
Clemmons Middle,2024-10-13,Forsyth,44.0,51.0
Clemmons Middle,2024-10-14,Forsyth,40.0,38.0
Clemmons Middle,2024-10-15,Forsyth,29.0,25.0
Clemmons Middle,2024-10-16,Forsyth,25.0,13.0
Clemmons Middle,2024-10-17,Forsyth,32.0,23.0
Clemmons Middle,2024-10-18,Forsyth,33.0,28.0
Clemmons Middle,2024-10-19,Forsyth,40.0,32.0
Clemmons Middle,2024-10-20,Forsyth,40.0,35.0
Clemmons Middle,2024-10-21,Forsyth,42.0,44.5
Clemmons Middle,2024-10-22,Forsyth,44.0,37.0
Clemmons Middle,2024-10-23,Forsyth,47.0,43.0
Clemmons Middle,2024-10-24,Forsyth,44.0,52.0
Clemmons Middle,2024-10-25,Forsyth,51.0,57.0
Clemmons Middle,2024-10-26,Forsyth,42.0,57.0
Clemmons Middle,2024-10-27,Forsyth,29.0,35.0
Clemmons Middle,2024-10-28,Forsyth,36.0,47.0
Clemmons Middle,2024-10-29,Forsyth,44.0,54.0
Clemmons Middle,2024-10-30,Forsyth,41.0,52.0
Clemmons Middle,2024-10-31,Forsyth,,46.0
Clemmons Middle,2024-11-01,Forsyth,,44.0
Clemmons Middle,2024-11-02,Forsyth,,35.5
Clemmons Middle,2024-11-03,Forsyth,,37.0
Clemmons Middle,2024-11-04,Forsyth,,33.0
Clemmons Middle,2024-11-05,Forsyth,,41.0
Clemmons Middle,2024-11-06,Forsyth,,44.0
Clemmons Middle,2024-11-07,Forsyth,,29.0
Clemmons Middle,2024-11-08,Forsyth,,39.5
Clemmons Middle,2024-11-09,Forsyth,,33.0
Clemmons Middle,2024-11-10,Forsyth,,44.0
Clemmons Middle,2024-11-11,Forsyth,,46.0
Clemmons Middle,2024-11-12,Forsyth,,25.0
Clemmons Middle,2024-11-13,Forsyth,,16.0
Clemmons Middle,2024-11-14,Forsyth,,25.0
Clemmons Middle,2024-11-15,Forsyth,,20.0
Clemmons Middle,2024-11-16,Forsyth,,25.0
Clemmons Middle,2024-11-17,Forsyth,,56.0
Clemmons Middle,2024-11-18,Forsyth,,58.0
Clemmons Middle,2024-11-19,Forsyth,,56.0
Clemmons Middle,2024-11-20,Forsyth,,42.0
Clemmons Middle,2024-11-21,Forsyth,,12.0
Clemmons Middle,2024-11-22,Forsyth,,11.0
Clemmons Middle,2024-11-23,Forsyth,,7.0
Clemmons Middle,2024-11-24,Forsyth,,29.0
Clemmons Middle,2024-11-25,Forsyth,,50.0
Clemmons Middle,2024-11-26,Forsyth,,44.0
Clemmons Middle,2024-11-27,Forsyth,,51.0
Clemmons Middle,2024-11-28,Forsyth,,48.0
Clemmons Middle,2024-11-29,Forsyth,,29.0
Clemmons Middle,2024-11-30,Forsyth,,27.0
Clemmons Middle,2024-12-01,Forsyth,,38.0
Clemmons Middle,2024-12-02,Forsyth,,24.0
Clemmons Middle,2024-12-03,Forsyth,,33.0
Clemmons Middle,2024-12-04,Forsyth,,53.0
Clemmons Middle,2024-12-05,Forsyth,,47.0
Clemmons Middle,2024-12-06,Forsyth,,29.0
Clemmons Middle,2024-12-07,Forsyth,,50.0
Clemmons Middle,2024-12-08,Forsyth,,49.5
Clemmons Middle,2024-12-09,Forsyth,,57.0
Clemmons Middle,2024-12-10,Forsyth,,58.0
Clemmons Middle,2024-12-11,Forsyth,,14.0
Clemmons Middle,2024-12-12,Forsyth,,22.0
Clemmons Middle,2024-12-13,Forsyth,,51.0
Clemmons Middle,2024-12-14,Forsyth,,46.5
Clemmons Middle,2024-12-15,Forsyth,,41.0
Clemmons Middle,2024-12-16,Forsyth,,44.0
Clemmons Middle,2024-12-17,Forsyth,,49.0
Clemmons Middle,2024-12-18,Forsyth,,54.0
Clemmons Middle,2024-12-19,Forsyth,,17.0
Clemmons Middle,2024-12-20,Forsyth,,29.0
Clemmons Middle,2024-12-21,Forsyth,,22.0
Clemmons Middle,2024-12-22,Forsyth,,29.0
Clemmons Middle,2024-12-23,Forsyth,,59.0
Clemmons Middle,2024-12-24,Forsyth,,62.0
Clemmons Middle,2024-12-25,Forsyth,,53.0
Clemmons Middle,2024-12-26,Forsyth,,55.0
Clemmons Middle,2024-12-27,Forsyth,,59.0
Clemmons Middle,2024-12-28,Forsyth,,25.0
Clemmons Middle,2024-12-29,Forsyth,,19.0
Clemmons Middle,2024-12-30,Forsyth,,23.0
Clemmons Middle,2024-12-31,Forsyth,,53.0
Clemmons Middle,2025-01-01,Forsyth,,6.5
Clemmons Middle,2025-01-02,Forsyth,,26.0
Clemmons Middle,2025-01-03,Forsyth,,25.0
Clemmons Middle,2025-01-04,Forsyth,,18.0
Clemmons Middle,2025-01-05,Forsyth,,49.0
Clemmons Middle,2025-01-06,Forsyth,,42.0
Clemmons Middle,2025-01-07,Forsyth,,15.5
Clemmons Middle,2025-01-08,Forsyth,,33.0
Clemmons Middle,2025-01-09,Forsyth,,33.0
Clemmons Middle,2025-01-10,Forsyth,,52.0
Clemmons Middle,2025-01-11,Forsyth,,54.0
Clemmons Middle,2025-01-12,Forsyth,,45.0
Clemmons Middle,2025-01-13,Forsyth,,62.5
Clemmons Middle,2025-01-14,Forsyth,,23.0
Clemmons Middle,2025-01-15,Forsyth,,38.0
Clemmons Middle,2025-01-16,Forsyth,,53.0
Clemmons Middle,2025-01-17,Forsyth,,38.0
Clemmons Middle,2025-01-18,Forsyth,,52.0
Clemmons Middle,2025-01-19,Forsyth,,55.0
Clemmons Middle,2025-01-20,Forsyth,,36.0
Clemmons Middle,2025-01-21,Forsyth,,35.0
Clemmons Middle,2025-01-22,Forsyth,,52.0
Clemmons Middle,2025-01-23,Forsyth,,74.0
Clemmons Middle,2025-01-24,Forsyth,,70.0
Clemmons Middle,2025-01-25,Forsyth,,55.0
Clemmons Middle,2025-01-26,Forsyth,,61.0
Clemmons Middle,2025-01-27,Forsyth,,54.0
Clemmons Middle,2025-01-28,Forsyth,,35.0
Clemmons Middle,2025-01-29,Forsyth,,29.0
Clemmons Middle,2025-01-30,Forsyth,,41.0
Clemmons Middle,2025-01-31,Forsyth,,53.0
Clemmons Middle,2025-02-01,Forsyth,,27.0
Clemmons Middle,2025-02-02,Forsyth,,30.0
Clemmons Middle,2025-02-03,Forsyth,,57.0
Clemmons Middle,2025-02-04,Forsyth,,38.0
Clemmons Middle,2025-02-05,Forsyth,,33.0
Clemmons Middle,2025-02-06,Forsyth,,57.0
Clemmons Middle,2025-02-07,Forsyth,,38.0
Clemmons Middle,2025-02-08,Forsyth,,30.0
Clemmons Middle,2025-02-09,Forsyth,,38.0
Clemmons Middle,2025-02-10,Forsyth,,34.0
Clemmons Middle,2025-02-11,Forsyth,,51.0
Clemmons Middle,2025-02-12,Forsyth,,10.0
Clemmons Middle,2025-02-13,Forsyth,,21.0
Clemmons Middle,2025-02-14,Forsyth,,33.0
Clemmons Middle,2025-02-15,Forsyth,,41.0
Clemmons Middle,2025-02-16,Forsyth,,14.0
Clemmons Middle,2025-02-17,Forsyth,,20.0
Clemmons Middle,2025-02-18,Forsyth,,29.0
Clemmons Middle,2025-02-19,Forsyth,,31.0
Clemmons Middle,2025-02-20,Forsyth,,33.0
Clemmons Middle,2025-02-21,Forsyth,,22.0
Clemmons Middle,2025-02-22,Forsyth,,31.0
Clemmons Middle,2025-02-23,Forsyth,,44.0
Clemmons Middle,2025-02-24,Forsyth,,52.5
Clemmons Middle,2025-02-25,Forsyth,,52.0
Clemmons Middle,2025-02-26,Forsyth,,39.0
Clemmons Middle,2025-02-27,Forsyth,45.0,55.0
Clemmons Middle,2025-02-28,Forsyth,45.0,13.0
Clemmons Middle,2025-03-01,Forsyth,48.0,28.0
Clemmons Middle,2025-03-02,Forsyth,41.0,18.0
Clemmons Middle,2025-03-03,Forsyth,44.0,48.0
Clemmons Middle,2025-03-04,Forsyth,44.0,35.0
Clemmons Middle,2025-03-05,Forsyth,44.0,34.0
Clemmons Middle,2025-03-06,Forsyth,36.0,9.0
Clemmons Middle,2025-03-07,Forsyth,35.0,23.0
Clemmons Middle,2025-03-08,Forsyth,43.0,32.0
Clemmons Middle,2025-03-09,Forsyth,44.0,22.0
Clemmons Middle,2025-03-10,Forsyth,43.0,30.0
Clemmons Middle,2025-03-11,Forsyth,64.0,31.0
Clemmons Middle,2025-03-12,Forsyth,87.0,52.0
Clemmons Middle,2025-03-13,Forsyth,84.0,62.0
Clemmons Middle,2025-03-14,Forsyth,50.0,66.0
Clemmons Middle,2025-03-15,Forsyth,36.0,63.0
Clemmons Middle,2025-03-16,Forsyth,41.0,43.0
Clemmons Middle,2025-03-17,Forsyth,32.0,20.0
Clemmons Middle,2025-03-18,Forsyth,46.0,22.0
Clemmons Middle,2025-03-19,Forsyth,67.0,52.0
Clemmons Middle,2025-03-20,Forsyth,41.0,56.0
Clemmons Middle,2025-03-21,Forsyth,45.0,20.0
Clemmons Middle,2025-03-22,Forsyth,50.0,49.0
Clemmons Middle,2025-03-23,Forsyth,50.0,24.0
Clemmons Middle,2025-03-24,Forsyth,42.0,53.0
Clemmons Middle,2025-03-25,Forsyth,50.0,15.0
Clemmons Middle,2025-03-26,Forsyth,47.0,21.5
Clemmons Middle,2025-03-27,Forsyth,54.0,23.0
Clemmons Middle,2025-03-28,Forsyth,77.0,52.0
Clemmons Middle,2025-03-29,Forsyth,46.0,41.0
Clemmons Middle,2025-03-30,Forsyth,43.0,36.0
Clemmons Middle,2025-03-31,Forsyth,31.0,33.0
Clemmons Middle,2025-04-01,Forsyth,37.0,10.0
Clemmons Middle,2025-04-02,Forsyth,32.0,39.0
Clemmons Middle,2025-04-03,Forsyth,31.0,47.0
Clemmons Middle,2025-04-04,Forsyth,38.0,52.0
Clemmons Middle,2025-04-05,Forsyth,38.0,52.0
Clemmons Middle,2025-04-06,Forsyth,46.0,32.0
Clemmons Middle,2025-04-07,Forsyth,29.0,27.5
Clemmons Middle,2025-04-08,Forsyth,50.0,23.0
Clemmons Middle,2025-04-09,Forsyth,48.0,24.0
Clemmons Middle,2025-04-10,Forsyth,38.0,52.0
Clemmons Middle,2025-04-11,Forsyth,36.0,35.0
Clemmons Middle,2025-04-12,Forsyth,40.0,38.0
Clemmons Middle,2025-04-13,Forsyth,47.0,26.0
Clemmons Middle,2025-04-14,Forsyth,77.0,53.0
Clemmons Middle,2025-04-15,Forsyth,45.0,36.0
Clemmons Middle,2025-04-16,Forsyth,47.0,26.0
Clemmons Middle,2025-04-17,Forsyth,61.0,34.0
Clemmons Middle,2025-04-18,Forsyth,90.0,55.0
Clemmons Middle,2025-04-19,Forsyth,44.0,55.0
Clemmons Middle,2025-04-20,Forsyth,45.0,60.0
Clemmons Middle,2025-04-21,Forsyth,47.0,53.0
Clemmons Middle,2025-04-22,Forsyth,39.0,53.0
Clemmons Middle,2025-04-23,Forsyth,71.0,39.0
Clemmons Middle,2025-04-24,Forsyth,39.0,55.0
Clemmons Middle,2025-04-25,Forsyth,39.0,61.0
Clemmons Middle,2025-04-26,Forsyth,37.0,38.0
Clemmons Middle,2025-04-27,Forsyth,49.0,28.0
Clemmons Middle,2025-04-28,Forsyth,50.0,36.0
Clemmons Middle,2025-04-29,Forsyth,47.0,49.0
Clemmons Middle,2025-04-30,Forsyth,44.0,52.0
Clemmons Middle,2025-05-01,Forsyth,45.0,52.5
Clemmons Middle,2025-05-02,Forsyth,47.0,48.0
Clemmons Middle,2025-05-03,Forsyth,34.0,43.0
Clemmons Middle,2025-05-04,Forsyth,43.0,21.0
Clemmons Middle,2025-05-05,Forsyth,47.0,33.0
Clemmons Middle,2025-05-06,Forsyth,47.0,26.0
Clemmons Middle,2025-05-07,Forsyth,44.0,34.5
Clemmons Middle,2025-05-08,Forsyth,44.0,36.0
Clemmons Middle,2025-05-09,Forsyth,45.0,30.0
Clemmons Middle,2025-05-10,Forsyth,48.0,33.0
Clemmons Middle,2025-05-11,Forsyth,37.0,41.0
Clemmons Middle,2025-05-12,Forsyth,24.0,24.0
Clemmons Middle,2025-05-13,Forsyth,39.0,30.0
Clemmons Middle,2025-05-14,Forsyth,39.0,29.0
Clemmons Middle,2025-05-15,Forsyth,48.0,52.0
Clemmons Middle,2025-05-16,Forsyth,32.0,59.0
Clemmons Middle,2025-05-17,Forsyth,44.0,31.0
Clemmons Middle,2025-05-18,Forsyth,44.0,22.0
Clemmons Middle,2025-05-19,Forsyth,46.0,39.5
Clemmons Middle,2025-05-20,Forsyth,49.0,37.0
Clemmons Middle,2025-05-21,Forsyth,44.0,38.0
Clemmons Middle,2025-05-22,Forsyth,48.0,14.0
Clemmons Middle,2025-05-23,Forsyth,40.0,14.0
Clemmons Middle,2025-05-24,Forsyth,43.0,24.0
Clemmons Middle,2025-05-25,Forsyth,42.0,36.0
Clemmons Middle,2025-05-26,Forsyth,26.0,33.0
Clemmons Middle,2025-05-27,Forsyth,29.0,15.0
Clemmons Middle,2025-05-28,Forsyth,24.0,14.0
Clemmons Middle,2025-05-29,Forsyth,31.0,38.0
Clemmons Middle,2025-05-30,Forsyth,44.0,22.0
Clemmons Middle,2025-05-31,Forsyth,44.0,52.5
Clemmons Middle,2025-06-01,Forsyth,44.0,62.0
Clemmons Middle,2025-06-02,Forsyth,67.0,43.0
Clemmons Middle,2025-06-03,Forsyth,51.0,54.0
Clemmons Middle,2025-06-04,Forsyth,51.0,67.0
Clemmons Middle,2025-06-05,Forsyth,30.0,52.0
Clemmons Middle,2025-06-06,Forsyth,40.0,52.0
Clemmons Middle,2025-06-07,Forsyth,37.0,31.0
Clemmons Middle,2025-06-08,Forsyth,34.0,29.0
Clemmons Middle,2025-06-09,Forsyth,46.0,31.0
Clemmons Middle,2025-06-10,Forsyth,37.0,32.0
Clemmons Middle,2025-06-11,Forsyth,61.0,56.0
Clemmons Middle,2025-06-12,Forsyth,51.0,62.0
Clemmons Middle,2025-06-13,Forsyth,34.0,25.0
Clemmons Middle,2025-06-14,Forsyth,31.0,22.0
Clemmons Middle,2025-06-15,Forsyth,31.0,28.0
Clemmons Middle,2025-06-16,Forsyth,32.0,31.0
Clemmons Middle,2025-06-17,Forsyth,37.0,29.0
Clemmons Middle,2025-06-18,Forsyth,39.0,23.0
Clemmons Middle,2025-06-19,Forsyth,34.0,31.0
Clemmons Middle,2025-06-20,Forsyth,71.0,32.0
Clemmons Middle,2025-06-21,Forsyth,54.0,43.0
Clemmons Middle,2025-06-22,Forsyth,43.0,53.0
Clemmons Middle,2025-06-23,Forsyth,43.0,58.0
Clemmons Middle,2025-06-24,Forsyth,44.0,61.5
Clemmons Middle,2025-06-25,Forsyth,42.0,62.0
Clemmons Middle,2025-06-26,Forsyth,49.0,53.0
Clemmons Middle,2025-06-27,Forsyth,47.0,53.0
Clemmons Middle,2025-06-28,Forsyth,44.0,51.0
Clemmons Middle,2025-06-29,Forsyth,42.0,39.0
Clemmons Middle,2025-06-30,Forsyth,41.0,50.5
Clemmons Middle,2025-07-01,Forsyth,48.0,43.0
Clemmons Middle,2025-07-02,Forsyth,34.0,26.0
Clemmons Middle,2025-07-03,Forsyth,54.0,47.0
Clemmons Middle,2025-07-04,Forsyth,50.0,66.0
Clemmons Middle,2025-07-05,Forsyth,47.0,70.0
Clemmons Middle,2025-07-06,Forsyth,19.0,42.5
Clemmons Middle,2025-07-07,Forsyth,41.0,51.0
Clemmons Middle,2025-07-08,Forsyth,50.0,60.0
Clemmons Middle,2025-07-09,Forsyth,49.0,53.0
Clemmons Middle,2025-07-10,Forsyth,35.0,31.0
Clemmons Middle,2025-07-11,Forsyth,40.0,43.0
Clemmons Middle,2025-07-12,Forsyth,42.0,39.5
Clemmons Middle,2025-07-13,Forsyth,33.0,42.0
Clemmons Middle,2025-07-14,Forsyth,36.0,39.0
Clemmons Middle,2025-07-15,Forsyth,42.0,39.0
Clemmons Middle,2025-07-16,Forsyth,39.0,31.0
Clemmons Middle,2025-07-17,Forsyth,35.0,39.0
Clemmons Middle,2025-07-18,Forsyth,34.0,37.0
Clemmons Middle,2025-07-19,Forsyth,31.0,23.0
Clemmons Middle,2025-07-20,Forsyth,31.0,37.0
Clemmons Middle,2025-07-21,Forsyth,31.0,41.0
Clemmons Middle,2025-07-22,Forsyth,44.0,49.0
Clemmons Middle,2025-07-23,Forsyth,67.0,59.0
Clemmons Middle,2025-07-24,Forsyth,42.0,55.5
Clemmons Middle,2025-07-25,Forsyth,44.0,53.0
Clemmons Middle,2025-07-26,Forsyth,51.0,54.0
Clemmons Middle,2025-07-27,Forsyth,31.0,32.0
Clemmons Middle,2025-07-28,Forsyth,41.0,28.0
Clemmons Middle,2025-07-29,Forsyth,45.0,34.0
Clemmons Middle,2025-07-30,Forsyth,49.0,48.0
Clemmons Middle,2025-07-31,Forsyth,44.0,27.0
Clemmons Middle,2025-08-01,Forsyth,39.0,28.0
Clemmons Middle,2025-08-02,Forsyth,34.0,28.0
Clemmons Middle,2025-08-03,Forsyth,33.0,46.0
Clemmons Middle,2025-08-04,Forsyth,44.0,48.0
Clemmons Middle,2025-08-05,Forsyth,34.0,40.0
Clemmons Middle,2025-08-06,Forsyth,28.0,36.0
Clemmons Middle,2025-08-07,Forsyth,27.0,64.0
Clemmons Middle,2025-08-08,Forsyth,39.0,85.0
Clemmons Middle,2025-08-09,Forsyth,37.0,61.0
Clemmons Middle,2025-08-10,Forsyth,39.0,51.0
Clemmons Middle,2025-08-11,Forsyth,24.0,26.0
Clemmons Middle,2025-08-12,Forsyth,21.0,18.0
Clemmons Middle,2025-08-13,Forsyth,24.0,26.0
Clemmons Middle,2025-08-14,Forsyth,27.0,20.0
Clemmons Middle,2025-08-15,Forsyth,46.0,37.0
Clemmons Middle,2025-08-16,Forsyth,45.0,51.0
Clemmons Middle,2025-08-17,Forsyth,37.0,52.5
Clemmons Middle,2025-08-18,Forsyth,46.0,47.0
Clemmons Middle,2025-08-19,Forsyth,,36.0
Clemmons Middle,2025-08-20,Forsyth,36.0,44.0
Clemmons Middle,2025-08-21,Forsyth,35.0,35.0
Clemmons Middle,2025-08-22,Forsyth,31.0,24.0
Clemmons Middle,2025-08-23,Forsyth,31.0,33.0
Clemmons Middle,2025-08-24,Forsyth,34.0,33.0
Clemmons Middle,2025-08-25,Forsyth,35.0,27.0
Clemmons Middle,2025-08-26,Forsyth,37.0,23.0
Clemmons Middle,2025-08-27,Forsyth,40.0,24.0
Clemmons Middle,2025-08-28,Forsyth,47.0,43.0
Clemmons Middle,2025-08-29,Forsyth,42.0,38.5
Clemmons Middle,2025-08-30,Forsyth,44.0,36.0
Clemmons Middle,2025-08-31,Forsyth,41.0,34.0
Clemmons Middle,2025-09-01,Forsyth,40.0,26.5
Clemmons Middle,2025-09-02,Forsyth,44.0,24.0
Clemmons Middle,2025-09-03,Forsyth,45.0,35.0
Clemmons Middle,2025-09-04,Forsyth,38.0,45.5
Clemmons Middle,2025-09-05,Forsyth,41.0,51.0
Clemmons Middle,2025-09-06,Forsyth,34.0,59.0
Clemmons Middle,2025-09-07,Forsyth,25.0,39.0
Clemmons Middle,2025-09-08,Forsyth,40.0,26.0
Clemmons Middle,2025-09-09,Forsyth,45.0,23.0
Clemmons Middle,2025-09-10,Forsyth,40.0,35.0
Clemmons Middle,2025-09-11,Forsyth,44.0,29.0
Clemmons Middle,2025-09-12,Forsyth,49.0,34.0
Clemmons Middle,2025-09-13,Forsyth,45.0,37.0
Clemmons Middle,2025-09-14,Forsyth,49.0,47.0
Clemmons Middle,2025-09-15,Forsyth,44.0,51.0
Clemmons Middle,2025-09-16,Forsyth,41.0,39.0
Clemmons Middle,2025-09-17,Forsyth,39.0,39.0
Clemmons Middle,2025-09-18,Forsyth,41.0,27.0
Clemmons Middle,2025-09-19,Forsyth,77.0,47.0
Clemmons Middle,2025-09-20,Forsyth,61.0,55.0
Clemmons Middle,2025-09-21,Forsyth,47.0,55.0
Clemmons Middle,2025-09-22,Forsyth,44.0,53.5
Clemmons Middle,2025-09-23,Forsyth,54.0,56.0
Clemmons Middle,2025-09-24,Forsyth,48.0,56.0
Clemmons Middle,2025-09-25,Forsyth,31.0,41.0
Clemmons Middle,2025-09-26,Forsyth,34.0,31.0
Clemmons Middle,2025-09-27,Forsyth,33.0,17.0
Clemmons Middle,2025-09-28,Forsyth,40.0,26.0
Clemmons Middle,2025-09-29,Forsyth,37.0,37.0
Clemmons Middle,2025-09-30,Forsyth,37.0,39.0
Clemmons Middle,2025-10-01,Forsyth,41.0,52.0
Clemmons Middle,2025-10-02,Forsyth,38.0,33.0
Clemmons Middle,2025-10-03,Forsyth,36.0,24.0
Clemmons Middle,2025-10-04,Forsyth,41.0,39.0
Clemmons Middle,2025-10-05,Forsyth,31.0,38.0
Clemmons Middle,2025-10-06,Forsyth,38.0,33.0
Clemmons Middle,2025-10-07,Forsyth,32.0,26.0
Clemmons Middle,2025-10-08,Forsyth,31.0,18.0
Clemmons Middle,2025-10-09,Forsyth,38.0,21.0
Clemmons Middle,2025-10-10,Forsyth,34.0,22.0
Clemmons Middle,2025-10-11,Forsyth,31.0,24.0
Clemmons Middle,2025-10-12,Forsyth,28.0,12.0
Clemmons Middle,2025-10-13,Forsyth,32.0,9.0
Clemmons Middle,2025-10-14,Forsyth,36.0,16.0
Clemmons Middle,2025-10-15,Forsyth,38.0,23.0
Clemmons Middle,2025-10-16,Forsyth,38.0,21.5
Clemmons Middle,2025-10-17,Forsyth,42.0,33.0
Clemmons Middle,2025-10-18,Forsyth,47.0,55.0
Clemmons Middle,2025-10-19,Forsyth,38.0,28.0
Clemmons Middle,2025-10-20,Forsyth,32.0,17.0
Clemmons Middle,2025-10-21,Forsyth,44.0,35.0
Clemmons Middle,2025-10-22,Forsyth,37.0,19.0
Clemmons Middle,2025-10-23,Forsyth,38.0,23.0
Clemmons Middle,2025-10-24,Forsyth,36.0,23.0
Clemmons Middle,2025-10-25,Forsyth,34.0,22.0
Clemmons Middle,2025-10-26,Forsyth,33.0,34.0
Clemmons Middle,2025-10-27,Forsyth,30.0,30.0
Clemmons Middle,2025-10-28,Forsyth,28.0,18.0
Clemmons Middle,2025-10-29,Forsyth,13.0,19.0
Clemmons Middle,2025-10-30,Forsyth,26.0,10.0
Clemmons Middle,2025-10-31,Forsyth,33.0,19.0
Clemmons Middle,2025-11-01,Forsyth,35.0,32.0
Clemmons Middle,2025-11-02,Forsyth,37.0,50.0
Clemmons Middle,2025-11-03,Forsyth,,39.0
Clemmons Middle,2025-11-04,Forsyth,,36.0
Clemmons Middle,2025-11-05,Forsyth,,53.0
Clemmons Middle,2025-11-06,Forsyth,,39.0
Clemmons Middle,2025-11-07,Forsyth,,55.0
Clemmons Middle,2025-11-08,Forsyth,,62.0
Clemmons Middle,2025-11-09,Forsyth,,55.5
Clemmons Middle,2025-11-10,Forsyth,,10.0
Clemmons Middle,2025-11-11,Forsyth,,16.0
Clemmons Middle,2025-11-12,Forsyth,,28.0
Clemmons Middle,2025-11-13,Forsyth,,31.0
Clemmons Middle,2025-11-14,Forsyth,,29.0
Clemmons Middle,2025-11-15,Forsyth,,54.5
Clemmons Middle,2025-11-16,Forsyth,,36.0
Clemmons Middle,2025-11-17,Forsyth,,17.0
Clemmons Middle,2025-11-18,Forsyth,,33.0
Clemmons Middle,2025-11-19,Forsyth,,52.0
Clemmons Middle,2025-11-20,Forsyth,,55.0
Clemmons Middle,2025-11-21,Forsyth,,81.0
Clemmons Middle,2025-11-22,Forsyth,,58.0
Clemmons Middle,2025-11-23,Forsyth,,30.0
Clemmons Middle,2025-11-24,Forsyth,,31.0
Clemmons Middle,2025-11-25,Forsyth,,56.0
Clemmons Middle,2025-11-26,Forsyth,,54.0
Clemmons Middle,2025-11-27,Forsyth,,17.0
Clemmons Middle,2025-11-28,Forsyth,,29.0
Clemmons Middle,2025-11-29,Forsyth,,35.0
Clemmons Middle,2025-11-30,Forsyth,,55.0
Clemmons Middle,2025-12-01,Forsyth,,38.0
Clemmons Middle,2025-12-02,Forsyth,,41.0
Clemmons Middle,2025-12-03,Forsyth,,37.0
Clemmons Middle,2025-12-04,Forsyth,,55.0
Clemmons Middle,2025-12-05,Forsyth,,44.0
Clemmons Middle,2025-12-06,Forsyth,,59.0
Clemmons Middle,2025-12-07,Forsyth,,56.0
Clemmons Middle,2025-12-08,Forsyth,,56.0
Clemmons Middle,2025-12-09,Forsyth,,40.0
Clemmons Middle,2025-12-10,Forsyth,,53.0
Clemmons Middle,2025-12-11,Forsyth,,18.0
Clemmons Middle,2025-12-12,Forsyth,,50.0
Clemmons Middle,2025-12-13,Forsyth,,68.0
Clemmons Middle,2025-12-14,Forsyth,,48.0
Clemmons Middle,2025-12-15,Forsyth,,27.5
Clemmons Middle,2025-12-16,Forsyth,,55.0
Clemmons Middle,2025-12-17,Forsyth,,69.0
Clemmons Middle,2025-12-18,Forsyth,,76.0
Clemmons Middle,2025-12-19,Forsyth,,14.0
Clemmons Middle,2025-12-20,Forsyth,,27.0
Clemmons Middle,2025-12-21,Forsyth,,42.0
Clemmons Middle,2025-12-22,Forsyth,,27.0
Clemmons Middle,2025-12-23,Forsyth,,39.0
Clemmons Middle,2025-12-24,Forsyth,,55.0
Clemmons Middle,2025-12-25,Forsyth,,55.0
Clemmons Middle,2025-12-26,Forsyth,,45.0
Clemmons Middle,2025-12-27,Forsyth,,51.0
Clemmons Middle,2025-12-28,Forsyth,,37.0
Clemmons Middle,2025-12-29,Forsyth,,27.0
Clemmons Middle,2025-12-30,Forsyth,,20.0
Clemmons Middle,2025-12-31,Forsyth,,17.0
Durham Armory,2024-01-01,Durham,,61.0
Durham Armory,2024-01-02,Durham,,49.0
Durham Armory,2024-01-03,Durham,,59.0
Durham Armory,2024-01-04,Durham,,55.0
Durham Armory,2024-01-05,Durham,,58.0
Durham Armory,2024-01-06,Durham,,54.0
Durham Armory,2024-01-07,Durham,,42.0
Durham Armory,2024-01-08,Durham,,49.0
Durham Armory,2024-01-09,Durham,,36.0
Durham Armory,2024-01-10,Durham,,44.0
Durham Armory,2024-01-11,Durham,,58.0
Durham Armory,2024-01-12,Durham,,58.0
Durham Armory,2024-01-13,Durham,,44.0
Durham Armory,2024-01-14,Durham,,53.0
Durham Armory,2024-01-15,Durham,,52.0
Durham Armory,2024-01-16,Durham,,54.0
Durham Armory,2024-01-17,Durham,,55.0
Durham Armory,2024-01-18,Durham,,56.0
Durham Armory,2024-01-19,Durham,,60.0
Durham Armory,2024-01-20,Durham,,55.0
Durham Armory,2024-01-21,Durham,,55.0
Durham Armory,2024-01-22,Durham,,68.0
Durham Armory,2024-01-23,Durham,,75.0
Durham Armory,2024-01-24,Durham,,62.0
Durham Armory,2024-01-25,Durham,,17.0
Durham Armory,2024-01-26,Durham,,28.0
Durham Armory,2024-01-27,Durham,,42.0
Durham Armory,2024-01-28,Durham,,30.0
Durham Armory,2024-01-29,Durham,,32.0
Durham Armory,2024-01-30,Durham,,49.0
Durham Armory,2024-01-31,Durham,,53.0
Durham Armory,2024-02-01,Durham,,54.0
Durham Armory,2024-02-02,Durham,,56.0
Durham Armory,2024-02-03,Durham,,55.0
Durham Armory,2024-02-04,Durham,,54.0
Durham Armory,2024-02-05,Durham,,53.0
Durham Armory,2024-02-06,Durham,,54.0
Durham Armory,2024-02-07,Durham,,57.0
Durham Armory,2024-02-08,Durham,,58.0
Durham Armory,2024-02-09,Durham,,72.0
Durham Armory,2024-02-10,Durham,,63.0
Durham Armory,2024-02-11,Durham,,51.0
Durham Armory,2024-02-12,Durham,,41.0
Durham Armory,2024-02-13,Durham,,37.0
Durham Armory,2024-02-14,Durham,,55.0
Durham Armory,2024-02-15,Durham,,59.0
Durham Armory,2024-02-16,Durham,,55.0
Durham Armory,2024-02-17,Durham,,57.0
Durham Armory,2024-02-18,Durham,,57.0
Durham Armory,2024-02-19,Durham,,61.0
Durham Armory,2024-02-20,Durham,,61.0
Durham Armory,2024-02-21,Durham,,61.0
Durham Armory,2024-02-22,Durham,,80.0
Durham Armory,2024-02-23,Durham,,79.0
Durham Armory,2024-02-24,Durham,,57.0
Durham Armory,2024-02-25,Durham,,52.0
Durham Armory,2024-02-26,Durham,,66.0
Durham Armory,2024-02-27,Durham,,67.0
Durham Armory,2024-02-28,Durham,,58.0
Durham Armory,2024-02-29,Durham,,53.0
Durham Armory,2024-03-01,Durham,31.0,56.0
Durham Armory,2024-03-02,Durham,28.0,27.0
Durham Armory,2024-03-03,Durham,29.0,44.0
Durham Armory,2024-03-04,Durham,37.0,
Durham Armory,2024-03-05,Durham,29.0,
Durham Armory,2024-03-06,Durham,25.0,27.0
Durham Armory,2024-03-07,Durham,36.0,32.0
Durham Armory,2024-03-08,Durham,35.0,43.0
Durham Armory,2024-03-09,Durham,27.0,18.0
Durham Armory,2024-03-10,Durham,41.0,36.0
Durham Armory,2024-03-11,Durham,42.0,51.0
Durham Armory,2024-03-12,Durham,43.0,54.0
Durham Armory,2024-03-13,Durham,48.0,59.0
Durham Armory,2024-03-14,Durham,71.0,72.0
Durham Armory,2024-03-15,Durham,44.0,89.0
Durham Armory,2024-03-16,Durham,41.0,55.0
Durham Armory,2024-03-17,Durham,43.0,52.0
Durham Armory,2024-03-18,Durham,44.0,47.0
Durham Armory,2024-03-19,Durham,37.0,55.0
Durham Armory,2024-03-20,Durham,46.0,61.0
Durham Armory,2024-03-21,Durham,44.0,
Durham Armory,2024-03-22,Durham,37.0,
Durham Armory,2024-03-23,Durham,36.0,23.0
Durham Armory,2024-03-24,Durham,43.0,39.0
Durham Armory,2024-03-25,Durham,44.0,51.0
Durham Armory,2024-03-26,Durham,38.0,55.0
Durham Armory,2024-03-27,Durham,19.0,45.0
Durham Armory,2024-03-28,Durham,29.0,32.0
Durham Armory,2024-03-29,Durham,48.0,50.0
Durham Armory,2024-03-30,Durham,54.0,56.0
Durham Armory,2024-03-31,Durham,51.0,56.0
Durham Armory,2024-04-01,Durham,44.0,67.0
Durham Armory,2024-04-02,Durham,43.0,69.0
Durham Armory,2024-04-03,Durham,44.0,54.0
Durham Armory,2024-04-04,Durham,38.0,
Durham Armory,2024-04-05,Durham,38.0,31.0
Durham Armory,2024-04-06,Durham,39.0,28.0
Durham Armory,2024-04-07,Durham,43.0,32.0
Durham Armory,2024-04-08,Durham,46.0,61.0
Durham Armory,2024-04-09,Durham,41.0,58.0
Durham Armory,2024-04-10,Durham,37.0,54.0
Durham Armory,2024-04-11,Durham,37.0,29.0
Durham Armory,2024-04-12,Durham,46.0,41.0
Durham Armory,2024-04-13,Durham,45.0,36.0
Durham Armory,2024-04-14,Durham,51.0,53.0
Durham Armory,2024-04-15,Durham,54.0,57.0
Durham Armory,2024-04-16,Durham,48.0,66.0
Durham Armory,2024-04-17,Durham,40.0,71.0
Durham Armory,2024-04-18,Durham,43.0,58.0
Durham Armory,2024-04-19,Durham,43.0,62.0
Durham Armory,2024-04-20,Durham,28.0,61.0
Durham Armory,2024-04-21,Durham,25.0,52.0
Durham Armory,2024-04-22,Durham,38.0,44.0
Durham Armory,2024-04-23,Durham,45.0,52.0
Durham Armory,2024-04-24,Durham,37.0,57.0
Durham Armory,2024-04-25,Durham,48.0,55.0
Durham Armory,2024-04-26,Durham,42.0,55.0
Durham Armory,2024-04-27,Durham,45.0,57.0
Durham Armory,2024-04-28,Durham,41.0,54.0
Durham Armory,2024-04-29,Durham,46.0,58.0
Durham Armory,2024-04-30,Durham,39.0,55.0
Durham Armory,2024-05-01,Durham,44.0,51.0
Durham Armory,2024-05-02,Durham,67.0,56.0
Durham Armory,2024-05-03,Durham,54.0,71.0
Durham Armory,2024-05-04,Durham,13.0,52.0
Durham Armory,2024-05-05,Durham,21.0,31.0
Durham Armory,2024-05-06,Durham,31.0,45.0
Durham Armory,2024-05-07,Durham,39.0,46.0
Durham Armory,2024-05-08,Durham,37.0,59.0
Durham Armory,2024-05-09,Durham,42.0,39.0
Durham Armory,2024-05-10,Durham,44.0,41.0
Durham Armory,2024-05-11,Durham,43.0,38.0
Durham Armory,2024-05-12,Durham,43.0,43.0
Durham Armory,2024-05-13,Durham,44.0,50.0
Durham Armory,2024-05-14,Durham,32.0,35.0
Durham Armory,2024-05-15,Durham,32.0,28.0
Durham Armory,2024-05-16,Durham,36.0,24.0
Durham Armory,2024-05-17,Durham,40.0,48.0
Durham Armory,2024-05-18,Durham,26.0,38.0
Durham Armory,2024-05-19,Durham,31.0,36.0
Durham Armory,2024-05-20,Durham,38.0,41.0
Durham Armory,2024-05-21,Durham,44.0,49.0
Durham Armory,2024-05-22,Durham,50.0,62.0
Durham Armory,2024-05-23,Durham,49.0,60.0
Durham Armory,2024-05-24,Durham,41.0,47.0
Durham Armory,2024-05-25,Durham,44.0,46.0
Durham Armory,2024-05-26,Durham,45.0,52.0
Durham Armory,2024-05-27,Durham,38.0,46.0
Durham Armory,2024-05-28,Durham,43.0,42.0
Durham Armory,2024-05-29,Durham,51.0,39.0
Durham Armory,2024-05-30,Durham,41.0,33.0
Durham Armory,2024-05-31,Durham,44.0,44.0
Durham Armory,2024-06-01,Durham,61.0,52.0
Durham Armory,2024-06-02,Durham,40.0,53.0
Durham Armory,2024-06-03,Durham,37.0,46.0
Durham Armory,2024-06-04,Durham,40.0,51.0
Durham Armory,2024-06-05,Durham,36.0,51.0
Durham Armory,2024-06-06,Durham,40.0,43.0
Durham Armory,2024-06-07,Durham,54.0,48.0
Durham Armory,2024-06-08,Durham,74.0,51.0
Durham Armory,2024-06-09,Durham,47.0,53.0
Durham Armory,2024-06-10,Durham,51.0,38.0
Durham Armory,2024-06-11,Durham,43.0,51.0
Durham Armory,2024-06-12,Durham,64.0,55.0
Durham Armory,2024-06-13,Durham,51.0,58.0
Durham Armory,2024-06-14,Durham,64.0,59.0
Durham Armory,2024-06-15,Durham,49.0,53.0
Durham Armory,2024-06-16,Durham,54.0,54.0
Durham Armory,2024-06-17,Durham,49.0,56.0
Durham Armory,2024-06-18,Durham,48.0,50.0
Durham Armory,2024-06-19,Durham,42.0,52.0
Durham Armory,2024-06-20,Durham,40.0,49.0
Durham Armory,2024-06-21,Durham,48.0,53.0
Durham Armory,2024-06-22,Durham,24.0,34.0
Durham Armory,2024-06-23,Durham,29.0,39.0
Durham Armory,2024-06-24,Durham,49.0,51.0
Durham Armory,2024-06-25,Durham,77.0,51.0
Durham Armory,2024-06-26,Durham,58.0,58.0
Durham Armory,2024-06-27,Durham,43.0,54.0
Durham Armory,2024-06-28,Durham,67.0,53.0
Durham Armory,2024-06-29,Durham,43.0,51.0
Durham Armory,2024-06-30,Durham,34.0,44.0
Durham Armory,2024-07-01,Durham,33.0,35.0
Durham Armory,2024-07-02,Durham,54.0,44.0
Durham Armory,2024-07-03,Durham,67.0,54.0
Durham Armory,2024-07-04,Durham,42.0,56.0
Durham Armory,2024-07-05,Durham,32.0,60.0
Durham Armory,2024-07-06,Durham,39.0,44.0
Durham Armory,2024-07-07,Durham,28.0,42.0
Durham Armory,2024-07-08,Durham,35.0,40.0
Durham Armory,2024-07-09,Durham,,41.0
Durham Armory,2024-07-10,Durham,38.0,51.0
Durham Armory,2024-07-11,Durham,45.0,37.0
Durham Armory,2024-07-12,Durham,24.0,21.0
Durham Armory,2024-07-13,Durham,32.0,24.0
Durham Armory,2024-07-14,Durham,47.0,56.0
Durham Armory,2024-07-15,Durham,77.0,64.0
Durham Armory,2024-07-16,Durham,45.0,63.0
Durham Armory,2024-07-17,Durham,42.0,56.0
Durham Armory,2024-07-18,Durham,38.0,49.0
Durham Armory,2024-07-19,Durham,37.0,53.0
Durham Armory,2024-07-20,Durham,32.0,33.0
Durham Armory,2024-07-21,Durham,42.0,34.0
Durham Armory,2024-07-22,Durham,29.0,22.0
Durham Armory,2024-07-23,Durham,31.0,34.0
Durham Armory,2024-07-24,Durham,29.0,23.0
Durham Armory,2024-07-25,Durham,24.0,21.0
Durham Armory,2024-07-26,Durham,30.0,47.0
Durham Armory,2024-07-27,Durham,42.0,59.0
Durham Armory,2024-07-28,Durham,47.0,56.0
Durham Armory,2024-07-29,Durham,32.0,57.0
Durham Armory,2024-07-30,Durham,30.0,55.0
Durham Armory,2024-07-31,Durham,47.0,46.0
Durham Armory,2024-08-01,Durham,42.0,52.0
Durham Armory,2024-08-02,Durham,36.0,55.0
Durham Armory,2024-08-03,Durham,34.0,57.0
Durham Armory,2024-08-04,Durham,35.0,43.0
Durham Armory,2024-08-05,Durham,40.0,36.0
Durham Armory,2024-08-06,Durham,17.0,18.0
Durham Armory,2024-08-07,Durham,24.0,18.0
Durham Armory,2024-08-08,Durham,27.0,16.0
Durham Armory,2024-08-09,Durham,28.0,21.0
Durham Armory,2024-08-10,Durham,42.0,52.0
Durham Armory,2024-08-11,Durham,31.0,53.0
Durham Armory,2024-08-12,Durham,36.0,54.0
Durham Armory,2024-08-13,Durham,26.0,57.0
Durham Armory,2024-08-14,Durham,42.0,53.0
Durham Armory,2024-08-15,Durham,40.0,55.0
Durham Armory,2024-08-16,Durham,48.0,59.0
Durham Armory,2024-08-17,Durham,39.0,62.0
Durham Armory,2024-08-18,Durham,36.0,53.0
Durham Armory,2024-08-19,Durham,36.0,31.0
Durham Armory,2024-08-20,Durham,31.0,49.0
Durham Armory,2024-08-21,Durham,39.0,52.0
Durham Armory,2024-08-22,Durham,40.0,46.0
Durham Armory,2024-08-23,Durham,42.0,54.0
Durham Armory,2024-08-24,Durham,51.0,55.0
Durham Armory,2024-08-25,Durham,48.0,57.0
Durham Armory,2024-08-26,Durham,97.0,60.0
Durham Armory,2024-08-27,Durham,58.0,69.0
Durham Armory,2024-08-28,Durham,58.0,73.0
Durham Armory,2024-08-29,Durham,54.0,66.0
Durham Armory,2024-08-30,Durham,43.0,58.0
Durham Armory,2024-08-31,Durham,40.0,51.0
Durham Armory,2024-09-01,Durham,34.0,42.0
Durham Armory,2024-09-02,Durham,31.0,42.0
Durham Armory,2024-09-03,Durham,31.0,36.0
Durham Armory,2024-09-04,Durham,31.0,39.0
Durham Armory,2024-09-05,Durham,36.0,36.0
Durham Armory,2024-09-06,Durham,36.0,47.0
Durham Armory,2024-09-07,Durham,39.0,52.0
Durham Armory,2024-09-08,Durham,36.0,40.0
Durham Armory,2024-09-09,Durham,40.0,51.0
Durham Armory,2024-09-10,Durham,41.0,52.0
Durham Armory,2024-09-11,Durham,45.0,55.0
Durham Armory,2024-09-12,Durham,42.0,56.0
Durham Armory,2024-09-13,Durham,20.0,45.0
Durham Armory,2024-09-14,Durham,29.0,34.0
Durham Armory,2024-09-15,Durham,26.0,43.0
Durham Armory,2024-09-16,Durham,27.0,38.0
Durham Armory,2024-09-17,Durham,21.0,12.0
Durham Armory,2024-09-18,Durham,27.0,28.0
Durham Armory,2024-09-19,Durham,21.0,17.0
Durham Armory,2024-09-20,Durham,33.0,38.0
Durham Armory,2024-09-21,Durham,37.0,53.0
Durham Armory,2024-09-22,Durham,30.0,43.0
Durham Armory,2024-09-23,Durham,31.0,53.0
Durham Armory,2024-09-24,Durham,24.0,56.0
Durham Armory,2024-09-25,Durham,32.0,50.0
Durham Armory,2024-09-26,Durham,20.0,30.0
Durham Armory,2024-09-27,Durham,21.0,32.0
Durham Armory,2024-09-28,Durham,39.0,54.0
Durham Armory,2024-09-29,Durham,36.0,56.0
Durham Armory,2024-09-30,Durham,22.0,57.0
Durham Armory,2024-10-01,Durham,18.0,31.0
Durham Armory,2024-10-02,Durham,23.0,33.0
Durham Armory,2024-10-03,Durham,28.0,37.0
Durham Armory,2024-10-04,Durham,37.0,52.0
Durham Armory,2024-10-05,Durham,39.0,53.0
Durham Armory,2024-10-06,Durham,44.0,57.0
Durham Armory,2024-10-07,Durham,38.0,54.0
Durham Armory,2024-10-08,Durham,33.0,53.0
Durham Armory,2024-10-09,Durham,37.0,52.0
Durham Armory,2024-10-10,Durham,32.0,48.0
Durham Armory,2024-10-11,Durham,27.0,46.0
Durham Armory,2024-10-12,Durham,42.0,55.0
Durham Armory,2024-10-13,Durham,44.0,54.0
Durham Armory,2024-10-14,Durham,41.0,
Durham Armory,2024-10-15,Durham,30.0,
Durham Armory,2024-10-16,Durham,25.0,
Durham Armory,2024-10-17,Durham,31.0,
Durham Armory,2024-10-18,Durham,33.0,
Durham Armory,2024-10-19,Durham,37.0,44.0
Durham Armory,2024-10-20,Durham,38.0,39.0
Durham Armory,2024-10-21,Durham,41.0,
Durham Armory,2024-10-22,Durham,44.0,
Durham Armory,2024-10-23,Durham,44.0,
Durham Armory,2024-10-24,Durham,44.0,52.0
Durham Armory,2024-10-25,Durham,40.0,51.0
Durham Armory,2024-10-26,Durham,43.0,49.0
Durham Armory,2024-10-27,Durham,27.0,36.0
Durham Armory,2024-10-28,Durham,35.0,47.0
Durham Armory,2024-10-29,Durham,38.0,52.0
Durham Armory,2024-10-30,Durham,34.0,48.0
Durham Armory,2024-10-31,Durham,33.0,42.0
Durham Armory,2024-11-01,Durham,,26.0
Durham Armory,2024-11-02,Durham,,37.0
Durham Armory,2024-11-03,Durham,,44.0
Durham Armory,2024-11-04,Durham,,28.0
Durham Armory,2024-11-05,Durham,,41.0
Durham Armory,2024-11-06,Durham,,37.0
Durham Armory,2024-11-07,Durham,,52.0
Durham Armory,2024-11-08,Durham,,56.0
Durham Armory,2024-11-09,Durham,,42.0
Durham Armory,2024-11-10,Durham,,46.0
Durham Armory,2024-11-11,Durham,,42.0
Durham Armory,2024-11-12,Durham,,20.0
Durham Armory,2024-11-13,Durham,,19.0
Durham Armory,2024-11-14,Durham,,33.0
Durham Armory,2024-11-15,Durham,,21.0
Durham Armory,2024-11-16,Durham,,19.0
Durham Armory,2024-11-17,Durham,,51.0
Durham Armory,2024-11-18,Durham,,54.0
Durham Armory,2024-11-19,Durham,,60.0
Durham Armory,2024-11-20,Durham,,53.0
Durham Armory,2024-11-22,Durham,,17.0
Durham Armory,2024-11-23,Durham,,18.0
Durham Armory,2024-11-24,Durham,,42.0
Durham Armory,2024-11-25,Durham,,56.0
Durham Armory,2024-11-26,Durham,,55.0
Durham Armory,2024-11-27,Durham,,48.0
Durham Armory,2024-11-28,Durham,,53.0
Durham Armory,2024-11-29,Durham,,27.0
Durham Armory,2024-11-30,Durham,,35.0
Durham Armory,2024-12-01,Durham,,47.0
Durham Armory,2024-12-02,Durham,,31.0
Durham Armory,2024-12-03,Durham,,32.0
Durham Armory,2024-12-04,Durham,,51.0
Durham Armory,2024-12-05,Durham,,59.0
Durham Armory,2024-12-06,Durham,,46.0
Durham Armory,2024-12-07,Durham,,42.0
Durham Armory,2024-12-08,Durham,,57.0
Durham Armory,2024-12-09,Durham,,56.0
Durham Armory,2024-12-10,Durham,,57.0
Durham Armory,2024-12-11,Durham,,21.0
Durham Armory,2024-12-12,Durham,,47.0
Durham Armory,2024-12-13,Durham,,57.0
Durham Armory,2024-12-14,Durham,,55.0
Durham Armory,2024-12-15,Durham,,44.0
Durham Armory,2024-12-16,Durham,,47.0
Durham Armory,2024-12-17,Durham,,56.0
Durham Armory,2024-12-18,Durham,,53.0
Durham Armory,2024-12-19,Durham,,28.0
Durham Armory,2024-12-20,Durham,,48.0
Durham Armory,2024-12-21,Durham,,26.0
Durham Armory,2024-12-22,Durham,,44.0
Durham Armory,2024-12-23,Durham,,57.0
Durham Armory,2024-12-24,Durham,,58.0
Durham Armory,2024-12-25,Durham,,65.0
Durham Armory,2024-12-26,Durham,,57.0
Durham Armory,2024-12-27,Durham,,62.0
Durham Armory,2024-12-28,Durham,,57.0
Durham Armory,2024-12-29,Durham,,23.0
Durham Armory,2024-12-30,Durham,,39.0
Durham Armory,2024-12-31,Durham,,36.0
Durham Armory,2025-01-01,Durham,,18.0
Durham Armory,2025-01-02,Durham,,33.0
Durham Armory,2025-01-03,Durham,,37.0
Durham Armory,2025-01-04,Durham,,16.0
Durham Armory,2025-01-05,Durham,,19.0
Durham Armory,2025-01-06,Durham,,23.0
Durham Armory,2025-01-07,Durham,,25.0
Durham Armory,2025-01-08,Durham,,27.0
Durham Armory,2025-01-11,Durham,,42.0
Durham Armory,2025-01-12,Durham,,48.0
Durham Armory,2025-01-13,Durham,,55.0
Durham Armory,2025-01-14,Durham,,30.0
Durham Armory,2025-01-15,Durham,,42.0
Durham Armory,2025-01-16,Durham,,52.0
Durham Armory,2025-01-17,Durham,,32.0
Durham Armory,2025-01-18,Durham,,52.0
Durham Armory,2025-01-19,Durham,,54.0
Durham Armory,2025-01-20,Durham,,21.0
Durham Armory,2025-01-21,Durham,,31.0
Durham Armory,2025-01-22,Durham,,40.0
Durham Armory,2025-01-23,Durham,,59.0
Durham Armory,2025-01-24,Durham,,55.0
Durham Armory,2025-01-25,Durham,,55.0
Durham Armory,2025-01-26,Durham,,57.0
Durham Armory,2025-01-27,Durham,,52.0
Durham Armory,2025-01-28,Durham,,44.0
Durham Armory,2025-01-29,Durham,,32.0
Durham Armory,2025-01-30,Durham,,31.0
Durham Armory,2025-01-31,Durham,,49.0
Durham Armory,2025-02-01,Durham,,30.0
Durham Armory,2025-02-02,Durham,,27.0
Durham Armory,2025-02-03,Durham,,51.0
Durham Armory,2025-02-04,Durham,,57.0
Durham Armory,2025-02-05,Durham,,43.0
Durham Armory,2025-02-06,Durham,,55.0
Durham Armory,2025-02-07,Durham,,46.0
Durham Armory,2025-02-08,Durham,,44.0
Durham Armory,2025-02-09,Durham,,46.0
Durham Armory,2025-02-10,Durham,,37.0
Durham Armory,2025-02-11,Durham,,45.0
Durham Armory,2025-02-12,Durham,,14.0
Durham Armory,2025-02-13,Durham,,19.0
Durham Armory,2025-02-14,Durham,,34.0
Durham Armory,2025-02-15,Durham,,32.0
Durham Armory,2025-02-16,Durham,,15.0
Durham Armory,2025-02-17,Durham,,21.0
Durham Armory,2025-02-18,Durham,,19.0
Durham Armory,2025-02-19,Durham,,37.0
Durham Armory,2025-02-20,Durham,,32.0
Durham Armory,2025-02-21,Durham,,28.0
Durham Armory,2025-02-22,Durham,,36.0
Durham Armory,2025-02-23,Durham,,44.0
Durham Armory,2025-02-24,Durham,,40.0
Durham Armory,2025-02-25,Durham,,55.0
Durham Armory,2025-02-26,Durham,,49.0
Durham Armory,2025-02-27,Durham,,65.0
Durham Armory,2025-02-28,Durham,,23.0
Durham Armory,2025-03-01,Durham,,45.0
Durham Armory,2025-03-02,Durham,,23.0
Durham Armory,2025-03-03,Durham,,32.0
Durham Armory,2025-03-04,Durham,43.0,51.0
Durham Armory,2025-03-05,Durham,37.0,25.0
Durham Armory,2025-03-06,Durham,34.0,12.0
Durham Armory,2025-03-07,Durham,36.0,46.0
Durham Armory,2025-03-08,Durham,42.0,59.0
Durham Armory,2025-03-09,Durham,41.0,16.0
Durham Armory,2025-03-10,Durham,40.0,36.0
Durham Armory,2025-03-11,Durham,48.0,35.0
Durham Armory,2025-03-12,Durham,71.0,55.0
Durham Armory,2025-03-13,Durham,45.0,68.0
Durham Armory,2025-03-14,Durham,31.0,
Durham Armory,2025-03-15,Durham,35.0,54.0
Durham Armory,2025-03-16,Durham,33.0,38.0
Durham Armory,2025-03-17,Durham,31.0,43.0
Durham Armory,2025-03-18,Durham,42.0,
Durham Armory,2025-03-19,Durham,67.0,
Durham Armory,2025-03-20,Durham,39.0,
Durham Armory,2025-03-21,Durham,41.0,
Durham Armory,2025-03-22,Durham,49.0,
Durham Armory,2025-03-23,Durham,46.0,
Durham Armory,2025-03-24,Durham,36.0,
Durham Armory,2025-03-25,Durham,45.0,
Durham Armory,2025-03-26,Durham,44.0,
Durham Armory,2025-03-27,Durham,49.0,54.0
Durham Armory,2025-03-28,Durham,58.0,56.0
Durham Armory,2025-03-29,Durham,41.0,51.0
Durham Armory,2025-03-30,Durham,38.0,49.0
Durham Armory,2025-03-31,Durham,31.0,50.0
Durham Armory,2025-04-01,Durham,31.0,16.0
Durham Armory,2025-04-02,Durham,37.0,36.0
Durham Armory,2025-04-03,Durham,28.0,52.0
Durham Armory,2025-04-04,Durham,31.0,55.0
Durham Armory,2025-04-05,Durham,33.0,55.0
Durham Armory,2025-04-06,Durham,40.0,36.0
Durham Armory,2025-04-07,Durham,24.0,37.0
Durham Armory,2025-04-08,Durham,44.0,31.5
Durham Armory,2025-04-09,Durham,46.0,34.0
Durham Armory,2025-04-10,Durham,44.0,39.5
Durham Armory,2025-04-11,Durham,30.0,38.0
Durham Armory,2025-04-12,Durham,33.0,27.0
Durham Armory,2025-04-13,Durham,43.0,28.5
Durham Armory,2025-04-14,Durham,51.0,53.0
Durham Armory,2025-04-15,Durham,44.0,48.0
Durham Armory,2025-04-16,Durham,44.0,33.5
Durham Armory,2025-04-17,Durham,51.0,42.5
Durham Armory,2025-04-18,Durham,58.0,56.5
Durham Armory,2025-04-19,Durham,41.0,53.5
Durham Armory,2025-04-20,Durham,40.0,57.5
Durham Armory,2025-04-21,Durham,44.0,56.5
Durham Armory,2025-04-22,Durham,40.0,55.5
Durham Armory,2025-04-23,Durham,48.0,50.5
Durham Armory,2025-04-24,Durham,51.0,57.0
Durham Armory,2025-04-25,Durham,36.0,54.5
Durham Armory,2025-04-26,Durham,37.0,45.0
Durham Armory,2025-04-27,Durham,44.0,30.0
Durham Armory,2025-04-28,Durham,61.0,30.5
Durham Armory,2025-04-29,Durham,47.0,54.5
Durham Armory,2025-04-30,Durham,43.0,55.5
Durham Armory,2025-05-01,Durham,42.0,56.5
Durham Armory,2025-05-02,Durham,44.0,49.5
Durham Armory,2025-05-03,Durham,40.0,37.5
Durham Armory,2025-05-04,Durham,39.0,29.5
Durham Armory,2025-05-05,Durham,34.0,42.0
Durham Armory,2025-05-06,Durham,44.0,37.5
Durham Armory,2025-05-07,Durham,44.0,41.5
Durham Armory,2025-05-08,Durham,47.0,51.0
Durham Armory,2025-05-09,Durham,42.0,35.0
Durham Armory,2025-05-10,Durham,43.0,33.0
Durham Armory,2025-05-11,Durham,22.0,51.5
Durham Armory,2025-05-12,Durham,25.0,29.5
Durham Armory,2025-05-13,Durham,30.0,21.5
Durham Armory,2025-05-14,Durham,32.0,36.5
Durham Armory,2025-05-15,Durham,35.0,51.5
Durham Armory,2025-05-16,Durham,35.0,56.0
Durham Armory,2025-05-17,Durham,41.0,37.0
Durham Armory,2025-05-18,Durham,43.0,32.5
Durham Armory,2025-05-19,Durham,48.0,31.5
Durham Armory,2025-05-20,Durham,50.0,41.0
Durham Armory,2025-05-21,Durham,34.0,38.0
Durham Armory,2025-05-22,Durham,45.0,32.0
Durham Armory,2025-05-23,Durham,40.0,20.5
Durham Armory,2025-05-24,Durham,45.0,30.0
Durham Armory,2025-05-25,Durham,41.0,33.5
Durham Armory,2025-05-26,Durham,28.0,44.5
Durham Armory,2025-05-27,Durham,,16.5
Durham Armory,2025-05-28,Durham,25.0,13.5
Durham Armory,2025-05-29,Durham,30.0,32.5
Durham Armory,2025-05-30,Durham,37.0,22.5
Durham Armory,2025-05-31,Durham,42.0,52.5
Durham Armory,2025-06-01,Durham,44.0,53.5
Durham Armory,2025-06-02,Durham,43.0,39.0
Durham Armory,2025-06-03,Durham,77.0,43.0
Durham Armory,2025-06-04,Durham,71.0,56.5
Durham Armory,2025-06-05,Durham,24.0,36.5
Durham Armory,2025-06-06,Durham,42.0,52.0
Durham Armory,2025-06-07,Durham,36.0,33.5
Durham Armory,2025-06-08,Durham,31.0,35.0
Durham Armory,2025-06-09,Durham,44.0,34.0
Durham Armory,2025-06-10,Durham,33.0,33.5
Durham Armory,2025-06-11,Durham,41.0,51.0
Durham Armory,2025-06-12,Durham,44.0,46.0
Durham Armory,2025-06-13,Durham,26.0,29.5
Durham Armory,2025-06-14,Durham,27.0,24.5
Durham Armory,2025-06-15,Durham,23.0,34.5
Durham Armory,2025-06-16,Durham,,23.5
Durham Armory,2025-06-17,Durham,32.0,32.0
Durham Armory,2025-06-18,Durham,32.0,34.5
Durham Armory,2025-06-19,Durham,31.0,31.5
Durham Armory,2025-06-20,Durham,47.0,33.0
Durham Armory,2025-06-21,Durham,54.0,46.5
Durham Armory,2025-06-22,Durham,48.0,52.0
Durham Armory,2025-06-23,Durham,42.0,57.5
Durham Armory,2025-06-24,Durham,42.0,62.0
Durham Armory,2025-06-25,Durham,31.0,62.0
Durham Armory,2025-06-26,Durham,67.0,58.0
Durham Armory,2025-06-27,Durham,54.0,50.5
Durham Armory,2025-06-28,Durham,37.0,46.5
Durham Armory,2025-06-29,Durham,41.0,49.5
Durham Armory,2025-06-30,Durham,39.0,55.5
Durham Armory,2025-07-01,Durham,38.0,42.0
Durham Armory,2025-07-02,Durham,26.0,25.5
Durham Armory,2025-07-03,Durham,44.0,32.5
Durham Armory,2025-07-04,Durham,48.0,60.5
Durham Armory,2025-07-05,Durham,47.0,61.5
Durham Armory,2025-07-06,Durham,21.0,20.5
Durham Armory,2025-07-07,Durham,38.0,38.0
Durham Armory,2025-07-08,Durham,41.0,55.5
Durham Armory,2025-07-09,Durham,39.0,42.0
Durham Armory,2025-07-10,Durham,37.0,27.0
Durham Armory,2025-07-11,Durham,37.0,28.0
Durham Armory,2025-07-12,Durham,44.0,38.5
Durham Armory,2025-07-13,Durham,35.0,34.5
Durham Armory,2025-07-14,Durham,36.0,32.0
Durham Armory,2025-07-15,Durham,30.0,20.5
Durham Armory,2025-07-16,Durham,33.0,29.0
Durham Armory,2025-07-17,Durham,31.0,37.5
Durham Armory,2025-07-18,Durham,40.0,30.5
Durham Armory,2025-07-19,Durham,33.0,25.0
Durham Armory,2025-07-20,Durham,31.0,30.5
Durham Armory,2025-07-21,Durham,34.0,32.0
Durham Armory,2025-07-22,Durham,44.0,45.0
Durham Armory,2025-07-23,Durham,41.0,55.0
Durham Armory,2025-07-24,Durham,39.0,36.0
Durham Armory,2025-07-25,Durham,45.0,46.5
Durham Armory,2025-07-26,Durham,38.0,43.0
Durham Armory,2025-07-27,Durham,33.0,33.5
Durham Armory,2025-07-28,Durham,36.0,22.0
Durham Armory,2025-07-29,Durham,,36.0
Durham Armory,2025-07-30,Durham,54.0,26.5
Durham Armory,2025-07-31,Durham,36.0,27.0
Durham Armory,2025-08-01,Durham,31.0,25.0
Durham Armory,2025-08-02,Durham,31.0,19.0
Durham Armory,2025-08-03,Durham,41.0,32.0
Durham Armory,2025-08-04,Durham,44.0,34.5
Durham Armory,2025-08-05,Durham,36.0,24.5
Durham Armory,2025-08-06,Durham,30.0,10.0
Durham Armory,2025-08-07,Durham,31.0,61.0
Durham Armory,2025-08-08,Durham,37.0,69.5
Durham Armory,2025-08-09,Durham,37.0,40.5
Durham Armory,2025-08-10,Durham,33.0,29.5
Durham Armory,2025-08-11,Durham,25.0,9.5
Durham Armory,2025-08-12,Durham,19.0,9.0
Durham Armory,2025-08-13,Durham,24.0,11.0
Durham Armory,2025-08-14,Durham,29.0,12.5
Durham Armory,2025-08-15,Durham,39.0,25.5
Durham Armory,2025-08-16,Durham,32.0,27.0
Durham Armory,2025-08-17,Durham,39.0,33.5
Durham Armory,2025-08-18,Durham,36.0,29.5
Durham Armory,2025-08-19,Durham,22.0,10.5
Durham Armory,2025-08-20,Durham,29.0,12.5
Durham Armory,2025-08-21,Durham,28.0,14.0
Durham Armory,2025-08-22,Durham,33.0,10.5
Durham Armory,2025-08-23,Durham,40.0,26.0
Durham Armory,2025-08-24,Durham,35.0,21.5
Durham Armory,2025-08-25,Durham,39.0,27.5
Durham Armory,2025-08-26,Durham,38.0,26.0
Durham Armory,2025-08-27,Durham,42.0,27.5
Durham Armory,2025-08-28,Durham,48.0,34.5
Durham Armory,2025-08-29,Durham,44.0,36.0
Durham Armory,2025-08-30,Durham,42.0,33.0
Durham Armory,2025-08-31,Durham,40.0,26.5
Durham Armory,2025-09-01,Durham,37.0,23.0
Durham Armory,2025-09-02,Durham,39.0,25.5
Durham Armory,2025-09-03,Durham,47.0,30.5
Durham Armory,2025-09-04,Durham,45.0,42.0
Durham Armory,2025-09-05,Durham,44.0,47.0
Durham Armory,2025-09-06,Durham,39.0,47.0
Durham Armory,2025-09-07,Durham,25.0,33.5
Durham Armory,2025-09-08,Durham,40.0,23.5
Durham Armory,2025-09-09,Durham,37.0,25.5
Durham Armory,2025-09-10,Durham,29.0,24.0
Durham Armory,2025-09-11,Durham,34.0,26.0
Durham Armory,2025-09-12,Durham,47.0,50.0
Durham Armory,2025-09-13,Durham,44.0,42.0
Durham Armory,2025-09-14,Durham,43.0,51.0
Durham Armory,2025-09-15,Durham,44.0,52.0
Durham Armory,2025-09-16,Durham,40.0,40.0
Durham Armory,2025-09-17,Durham,30.0,29.0
Durham Armory,2025-09-18,Durham,35.0,26.0
Durham Armory,2025-09-19,Durham,67.0,51.0
Durham Armory,2025-09-20,Durham,50.0,57.0
Durham Armory,2025-09-21,Durham,47.0,56.0
Durham Armory,2025-09-22,Durham,46.0,50.0
Durham Armory,2025-09-23,Durham,48.0,55.0
Durham Armory,2025-09-24,Durham,45.0,57.0
Durham Armory,2025-09-25,Durham,34.0,42.0
Durham Armory,2025-09-26,Durham,34.0,28.0
Durham Armory,2025-09-27,Durham,29.0,23.0
Durham Armory,2025-09-28,Durham,37.0,29.0
Durham Armory,2025-09-29,Durham,28.0,36.0
Durham Armory,2025-09-30,Durham,,53.0
Durham Armory,2025-10-01,Durham,,50.0
Durham Armory,2025-10-02,Durham,31.0,31.0
Durham Armory,2025-10-03,Durham,33.0,32.0
Durham Armory,2025-10-04,Durham,42.0,36.0
Durham Armory,2025-10-05,Durham,31.0,35.0
Durham Armory,2025-10-06,Durham,42.0,29.0
Durham Armory,2025-10-07,Durham,35.0,27.0
Durham Armory,2025-10-08,Durham,31.0,23.0
Durham Armory,2025-10-09,Durham,38.0,21.0
Durham Armory,2025-10-10,Durham,35.0,24.0
Durham Armory,2025-10-11,Durham,29.0,27.0
Durham Armory,2025-10-12,Durham,29.0,11.0
Durham Armory,2025-10-13,Durham,29.0,12.0
Durham Armory,2025-10-14,Durham,26.0,11.5
Durham Armory,2025-10-15,Durham,39.0,20.0
Durham Armory,2025-10-16,Durham,35.0,21.5
Durham Armory,2025-10-17,Durham,38.0,19.5
Durham Armory,2025-10-18,Durham,43.0,48.5
Durham Armory,2025-10-19,Durham,42.0,33.0
Durham Armory,2025-10-20,Durham,34.0,14.0
Durham Armory,2025-10-21,Durham,44.0,43.0
Durham Armory,2025-10-22,Durham,41.0,26.5
Durham Armory,2025-10-23,Durham,38.0,20.0
Durham Armory,2025-10-24,Durham,37.0,22.5
Durham Armory,2025-10-25,Durham,34.0,24.5
Durham Armory,2025-10-26,Durham,32.0,28.5
Durham Armory,2025-10-27,Durham,31.0,24.0
Durham Armory,2025-10-28,Durham,26.0,15.0
Durham Armory,2025-10-29,Durham,14.0,16.5
Durham Armory,2025-10-30,Durham,27.0,13.5
Durham Armory,2025-10-31,Durham,36.0,19.0
Durham Armory,2025-11-01,Durham,35.0,42.0
Durham Armory,2025-11-02,Durham,37.0,51.0
Durham Armory,2025-11-03,Durham,,32.0
Durham Armory,2025-11-04,Durham,,25.0
Durham Armory,2025-11-05,Durham,,51.0
Durham Armory,2025-11-06,Durham,,52.0
Durham Armory,2025-11-07,Durham,,50.0
Durham Armory,2025-11-08,Durham,,61.0
Durham Armory,2025-11-09,Durham,,58.0
Durham Armory,2025-11-10,Durham,,5.0
Durham Armory,2025-11-11,Durham,,13.0
Durham Armory,2025-11-12,Durham,,42.5
Durham Armory,2025-11-13,Durham,,41.5
Durham Armory,2025-11-14,Durham,,27.5
Durham Armory,2025-11-15,Durham,,51.0
Durham Armory,2025-11-16,Durham,,40.5
Durham Armory,2025-11-17,Durham,,19.0
Durham Armory,2025-11-18,Durham,,33.0
Durham Armory,2025-11-19,Durham,,51.5
Durham Armory,2025-11-20,Durham,,48.5
Durham Armory,2025-11-21,Durham,,71.0
Durham Armory,2025-11-22,Durham,,62.0
Durham Armory,2025-11-23,Durham,,34.5
Durham Armory,2025-11-24,Durham,,37.0
Durham Armory,2025-11-25,Durham,,46.0
Durham Armory,2025-11-26,Durham,,38.5
Durham Armory,2025-11-27,Durham,,14.0
Durham Armory,2025-11-28,Durham,,19.0
Durham Armory,2025-11-29,Durham,,28.0
Durham Armory,2025-11-30,Durham,,45.0
Durham Armory,2025-12-01,Durham,,29.0
Durham Armory,2025-12-02,Durham,,27.0
Durham Armory,2025-12-03,Durham,,34.0
Durham Armory,2025-12-04,Durham,,47.0
Durham Armory,2025-12-05,Durham,,34.0
Durham Armory,2025-12-06,Durham,,48.5
Durham Armory,2025-12-07,Durham,,58.0
Durham Armory,2025-12-08,Durham,,51.0
Durham Armory,2025-12-09,Durham,,33.0
Durham Armory,2025-12-10,Durham,,48.5
Durham Armory,2025-12-11,Durham,,13.5
Durham Armory,2025-12-12,Durham,,39.0
Durham Armory,2025-12-13,Durham,,59.5
Durham Armory,2025-12-14,Durham,,40.5
Durham Armory,2025-12-15,Durham,,20.0
Durham Armory,2025-12-16,Durham,,44.5
Durham Armory,2025-12-17,Durham,,59.0
Durham Armory,2025-12-18,Durham,,60.5
Durham Armory,2025-12-19,Durham,,11.0
Durham Armory,2025-12-20,Durham,,31.0
Durham Armory,2025-12-21,Durham,,29.0
Durham Armory,2025-12-22,Durham,,22.5
Durham Armory,2025-12-23,Durham,,45.0
Durham Armory,2025-12-24,Durham,,56.0
Durham Armory,2025-12-25,Durham,,61.5
Durham Armory,2025-12-26,Durham,,31.5
Durham Armory,2025-12-27,Durham,,45.5
Durham Armory,2025-12-28,Durham,,27.0
Durham Armory,2025-12-29,Durham,,27.5
Durham Armory,2025-12-30,Durham,,15.5
Durham Armory,2025-12-31,Durham,,30.5
Frying Pan Mountain,2024-01-01,Haywood,,14.0
Frying Pan Mountain,2024-01-04,Haywood,,16.0
Frying Pan Mountain,2024-01-07,Haywood,,6.0
Frying Pan Mountain,2024-01-13,Haywood,,6.0
Frying Pan Mountain,2024-01-16,Haywood,,10.0
Frying Pan Mountain,2024-01-19,Haywood,,15.0
Frying Pan Mountain,2024-01-22,Haywood,,4.0
Frying Pan Mountain,2024-01-25,Haywood,,2.0
Frying Pan Mountain,2024-01-28,Haywood,,0.0
Frying Pan Mountain,2024-01-31,Haywood,,4.0
Frying Pan Mountain,2024-02-03,Haywood,,19.0
Frying Pan Mountain,2024-02-06,Haywood,,14.0
Frying Pan Mountain,2024-02-09,Haywood,,9.0
Frying Pan Mountain,2024-02-12,Haywood,,2.0
Frying Pan Mountain,2024-02-15,Haywood,,14.0
Frying Pan Mountain,2024-02-18,Haywood,,7.0
Frying Pan Mountain,2024-02-21,Haywood,,47.0
Frying Pan Mountain,2024-02-24,Haywood,,8.0
Frying Pan Mountain,2024-02-27,Haywood,,44.0
Frying Pan Mountain,2024-03-01,Haywood,42.0,4.0
Frying Pan Mountain,2024-03-02,Haywood,49.0,
Frying Pan Mountain,2024-03-03,Haywood,44.0,
Frying Pan Mountain,2024-03-04,Haywood,34.0,24.0
Frying Pan Mountain,2024-03-05,Haywood,40.0,
Frying Pan Mountain,2024-03-06,Haywood,40.0,
Frying Pan Mountain,2024-03-07,Haywood,38.0,4.0
Frying Pan Mountain,2024-03-08,Haywood,35.0,
Frying Pan Mountain,2024-03-09,Haywood,38.0,
Frying Pan Mountain,2024-03-10,Haywood,42.0,5.0
Frying Pan Mountain,2024-03-11,Haywood,47.0,
Frying Pan Mountain,2024-03-12,Haywood,48.0,
Frying Pan Mountain,2024-03-13,Haywood,58.0,
Frying Pan Mountain,2024-03-14,Haywood,77.0,
Frying Pan Mountain,2024-03-15,Haywood,36.0,
Frying Pan Mountain,2024-03-16,Haywood,43.0,7.0
Frying Pan Mountain,2024-03-17,Haywood,42.0,
Frying Pan Mountain,2024-03-18,Haywood,42.0,
Frying Pan Mountain,2024-03-19,Haywood,44.0,17.0
Frying Pan Mountain,2024-03-20,Haywood,48.0,
Frying Pan Mountain,2024-03-21,Haywood,54.0,
Frying Pan Mountain,2024-03-22,Haywood,51.0,42.0
Frying Pan Mountain,2024-03-23,Haywood,61.0,
Frying Pan Mountain,2024-03-24,Haywood,64.0,
Frying Pan Mountain,2024-03-25,Haywood,,14.0
Frying Pan Mountain,2024-03-26,Haywood,41.0,
Frying Pan Mountain,2024-03-27,Haywood,42.0,
Frying Pan Mountain,2024-03-28,Haywood,46.0,
Frying Pan Mountain,2024-03-29,Haywood,50.0,
Frying Pan Mountain,2024-03-30,Haywood,61.0,
Frying Pan Mountain,2024-03-31,Haywood,48.0,29.0
Frying Pan Mountain,2024-04-01,Haywood,46.0,
Frying Pan Mountain,2024-04-02,Haywood,54.0,
Frying Pan Mountain,2024-04-03,Haywood,45.0,10.0
Frying Pan Mountain,2024-04-04,Haywood,40.0,
Frying Pan Mountain,2024-04-05,Haywood,36.0,
Frying Pan Mountain,2024-04-06,Haywood,44.0,7.0
Frying Pan Mountain,2024-04-07,Haywood,61.0,
Frying Pan Mountain,2024-04-08,Haywood,54.0,
Frying Pan Mountain,2024-04-09,Haywood,54.0,41.0
Frying Pan Mountain,2024-04-10,Haywood,43.0,
Frying Pan Mountain,2024-04-11,Haywood,45.0,
Frying Pan Mountain,2024-04-12,Haywood,44.0,13.0
Frying Pan Mountain,2024-04-13,Haywood,58.0,
Frying Pan Mountain,2024-04-14,Haywood,71.0,
Frying Pan Mountain,2024-04-15,Haywood,58.0,36.0
Frying Pan Mountain,2024-04-16,Haywood,67.0,
Frying Pan Mountain,2024-04-17,Haywood,54.0,
Frying Pan Mountain,2024-04-18,Haywood,54.0,28.0
Frying Pan Mountain,2024-04-19,Haywood,49.0,
Frying Pan Mountain,2024-04-20,Haywood,44.0,
Frying Pan Mountain,2024-04-21,Haywood,40.0,9.0
Frying Pan Mountain,2024-04-22,Haywood,48.0,
Frying Pan Mountain,2024-04-23,Haywood,61.0,
Frying Pan Mountain,2024-04-24,Haywood,58.0,30.0
Frying Pan Mountain,2024-04-25,Haywood,64.0,
Frying Pan Mountain,2024-04-26,Haywood,44.0,
Frying Pan Mountain,2024-04-27,Haywood,46.0,22.0
Frying Pan Mountain,2024-04-28,Haywood,43.0,
Frying Pan Mountain,2024-04-29,Haywood,44.0,
Frying Pan Mountain,2024-04-30,Haywood,49.0,14.0
Frying Pan Mountain,2024-05-01,Haywood,48.0,
Frying Pan Mountain,2024-05-02,Haywood,74.0,
Frying Pan Mountain,2024-05-03,Haywood,44.0,40.0
Frying Pan Mountain,2024-05-04,Haywood,44.0,
Frying Pan Mountain,2024-05-05,Haywood,47.0,
Frying Pan Mountain,2024-05-06,Haywood,41.0,28.0
Frying Pan Mountain,2024-05-07,Haywood,37.0,
Frying Pan Mountain,2024-05-08,Haywood,47.0,
Frying Pan Mountain,2024-05-09,Haywood,64.0,13.0
Frying Pan Mountain,2024-05-10,Haywood,44.0,
Frying Pan Mountain,2024-05-11,Haywood,44.0,
Frying Pan Mountain,2024-05-12,Haywood,48.0,22.0
Frying Pan Mountain,2024-05-13,Haywood,41.0,
Frying Pan Mountain,2024-05-14,Haywood,44.0,
Frying Pan Mountain,2024-05-15,Haywood,46.0,9.0
Frying Pan Mountain,2024-05-16,Haywood,48.0,
Frying Pan Mountain,2024-05-17,Haywood,41.0,
Frying Pan Mountain,2024-05-18,Haywood,44.0,18.0
Frying Pan Mountain,2024-05-19,Haywood,43.0,
Frying Pan Mountain,2024-05-20,Haywood,43.0,
Frying Pan Mountain,2024-05-21,Haywood,46.0,29.0
Frying Pan Mountain,2024-05-22,Haywood,61.0,
Frying Pan Mountain,2024-05-23,Haywood,44.0,
Frying Pan Mountain,2024-05-24,Haywood,48.0,
Frying Pan Mountain,2024-05-25,Haywood,58.0,
Frying Pan Mountain,2024-05-26,Haywood,39.0,
Frying Pan Mountain,2024-05-27,Haywood,46.0,
Frying Pan Mountain,2024-05-28,Haywood,46.0,
Frying Pan Mountain,2024-05-29,Haywood,51.0,
Frying Pan Mountain,2024-05-30,Haywood,44.0,
Frying Pan Mountain,2024-05-31,Haywood,48.0,
Frying Pan Mountain,2024-06-01,Haywood,54.0,
Frying Pan Mountain,2024-06-02,Haywood,41.0,14.0
Frying Pan Mountain,2024-06-03,Haywood,42.0,
Frying Pan Mountain,2024-06-04,Haywood,35.0,
Frying Pan Mountain,2024-06-05,Haywood,44.0,
Frying Pan Mountain,2024-06-06,Haywood,47.0,
Frying Pan Mountain,2024-06-07,Haywood,49.0,
Frying Pan Mountain,2024-06-08,Haywood,49.0,24.0
Frying Pan Mountain,2024-06-09,Haywood,42.0,
Frying Pan Mountain,2024-06-10,Haywood,46.0,
Frying Pan Mountain,2024-06-11,Haywood,43.0,24.0
Frying Pan Mountain,2024-06-12,Haywood,40.0,
Frying Pan Mountain,2024-06-13,Haywood,47.0,
Frying Pan Mountain,2024-06-14,Haywood,47.0,45.0
Frying Pan Mountain,2024-06-15,Haywood,44.0,
Frying Pan Mountain,2024-06-16,Haywood,34.0,
Frying Pan Mountain,2024-06-17,Haywood,35.0,41.0
Frying Pan Mountain,2024-06-18,Haywood,43.0,
Frying Pan Mountain,2024-06-19,Haywood,44.0,
Frying Pan Mountain,2024-06-20,Haywood,46.0,
Frying Pan Mountain,2024-06-21,Haywood,47.0,
Frying Pan Mountain,2024-06-23,Haywood,43.0,37.0
Frying Pan Mountain,2024-06-25,Haywood,54.0,
Frying Pan Mountain,2024-06-26,Haywood,90.0,
Frying Pan Mountain,2024-06-27,Haywood,38.0,
Frying Pan Mountain,2024-06-28,Haywood,39.0,
Frying Pan Mountain,2024-06-29,Haywood,33.0,14.0
Frying Pan Mountain,2024-07-01,Haywood,44.0,
Frying Pan Mountain,2024-07-02,Haywood,44.0,
Frying Pan Mountain,2024-07-03,Haywood,38.0,
Frying Pan Mountain,2024-07-04,Haywood,31.0,
Frying Pan Mountain,2024-07-05,Haywood,42.0,23.0
Frying Pan Mountain,2024-07-06,Haywood,44.0,
Frying Pan Mountain,2024-07-07,Haywood,34.0,
Frying Pan Mountain,2024-07-08,Haywood,36.0,21.0
Frying Pan Mountain,2024-07-09,Haywood,26.0,
Frying Pan Mountain,2024-07-10,Haywood,50.0,
Frying Pan Mountain,2024-07-11,Haywood,58.0,18.0
Frying Pan Mountain,2024-07-12,Haywood,45.0,
Frying Pan Mountain,2024-07-13,Haywood,58.0,
Frying Pan Mountain,2024-07-14,Haywood,61.0,43.0
Frying Pan Mountain,2024-07-15,Haywood,42.0,
Frying Pan Mountain,2024-07-17,Haywood,43.0,39.0
Frying Pan Mountain,2024-07-18,Haywood,39.0,
Frying Pan Mountain,2024-07-19,Haywood,41.0,
Frying Pan Mountain,2024-07-20,Haywood,31.0,11.0
Frying Pan Mountain,2024-07-21,Haywood,35.0,
Frying Pan Mountain,2024-07-22,Haywood,36.0,
Frying Pan Mountain,2024-07-23,Haywood,36.0,18.0
Frying Pan Mountain,2024-07-24,Haywood,30.0,
Frying Pan Mountain,2024-07-25,Haywood,31.0,
Frying Pan Mountain,2024-07-26,Haywood,42.0,46.0
Frying Pan Mountain,2024-07-27,Haywood,32.0,
Frying Pan Mountain,2024-07-28,Haywood,28.0,
Frying Pan Mountain,2024-07-29,Haywood,35.0,18.0
Frying Pan Mountain,2024-07-30,Haywood,51.0,
Frying Pan Mountain,2024-07-31,Haywood,44.0,
Frying Pan Mountain,2024-08-01,Haywood,27.0,31.0
Frying Pan Mountain,2024-08-02,Haywood,43.0,
Frying Pan Mountain,2024-08-03,Haywood,42.0,
Frying Pan Mountain,2024-08-04,Haywood,41.0,22.0
Frying Pan Mountain,2024-08-05,Haywood,37.0,
Frying Pan Mountain,2024-08-06,Haywood,27.0,
Frying Pan Mountain,2024-08-07,Haywood,31.0,19.0
Frying Pan Mountain,2024-08-08,Haywood,31.0,
Frying Pan Mountain,2024-08-09,Haywood,37.0,
Frying Pan Mountain,2024-08-10,Haywood,41.0,37.0
Frying Pan Mountain,2024-08-11,Haywood,44.0,
Frying Pan Mountain,2024-08-12,Haywood,32.0,
Frying Pan Mountain,2024-08-13,Haywood,45.0,34.0
Frying Pan Mountain,2024-08-14,Haywood,34.0,
Frying Pan Mountain,2024-08-15,Haywood,42.0,
Frying Pan Mountain,2024-08-16,Haywood,41.0,39.0
Frying Pan Mountain,2024-08-17,Haywood,44.0,
Frying Pan Mountain,2024-08-18,Haywood,43.0,
Frying Pan Mountain,2024-08-19,Haywood,33.0,8.0
Frying Pan Mountain,2024-08-20,Haywood,40.0,
Frying Pan Mountain,2024-08-21,Haywood,32.0,
Frying Pan Mountain,2024-08-22,Haywood,44.0,32.0
Frying Pan Mountain,2024-08-23,Haywood,49.0,
Frying Pan Mountain,2024-08-24,Haywood,50.0,
Frying Pan Mountain,2024-08-25,Haywood,74.0,47.0
Frying Pan Mountain,2024-08-26,Haywood,54.0,
Frying Pan Mountain,2024-08-27,Haywood,61.0,
Frying Pan Mountain,2024-08-28,Haywood,48.0,54.0
Frying Pan Mountain,2024-08-29,Haywood,50.0,
Frying Pan Mountain,2024-08-30,Haywood,42.0,
Frying Pan Mountain,2024-08-31,Haywood,40.0,39.0
Frying Pan Mountain,2024-09-01,Haywood,36.0,
Frying Pan Mountain,2024-09-02,Haywood,39.0,
Frying Pan Mountain,2024-09-03,Haywood,30.0,13.0
Frying Pan Mountain,2024-09-04,Haywood,32.0,
Frying Pan Mountain,2024-09-05,Haywood,43.0,
Frying Pan Mountain,2024-09-06,Haywood,38.0,21.0
Frying Pan Mountain,2024-09-07,Haywood,33.0,
Frying Pan Mountain,2024-09-08,Haywood,31.0,
Frying Pan Mountain,2024-09-09,Haywood,37.0,17.0
Frying Pan Mountain,2024-09-10,Haywood,58.0,
Frying Pan Mountain,2024-09-11,Haywood,46.0,
Frying Pan Mountain,2024-09-12,Haywood,42.0,26.0
Frying Pan Mountain,2024-09-13,Haywood,31.0,
Frying Pan Mountain,2024-09-14,Haywood,30.0,
Frying Pan Mountain,2024-09-15,Haywood,31.0,6.0
Frying Pan Mountain,2024-09-16,Haywood,37.0,
Frying Pan Mountain,2024-09-17,Haywood,27.0,
Frying Pan Mountain,2024-09-18,Haywood,35.0,4.0
Frying Pan Mountain,2024-09-19,Haywood,35.0,
Frying Pan Mountain,2024-09-20,Haywood,50.0,
Frying Pan Mountain,2024-09-21,Haywood,47.0,28.0
Frying Pan Mountain,2024-09-22,Haywood,45.0,
Frying Pan Mountain,2024-09-23,Haywood,41.0,
Frying Pan Mountain,2024-09-24,Haywood,37.0,51.0
Frying Pan Mountain,2024-10-18,Haywood,47.0,13.0
Frying Pan Mountain,2024-10-19,Haywood,47.0,
Frying Pan Mountain,2024-10-20,Haywood,44.0,
Frying Pan Mountain,2024-10-21,Haywood,48.0,18.0
Frying Pan Mountain,2024-10-22,Haywood,45.0,
Frying Pan Mountain,2024-10-23,Haywood,48.0,
Frying Pan Mountain,2024-10-24,Haywood,64.0,
Frying Pan Mountain,2024-10-25,Haywood,49.0,
Frying Pan Mountain,2024-10-26,Haywood,48.0,
Frying Pan Mountain,2024-10-27,Haywood,38.0,
Frying Pan Mountain,2024-10-28,Haywood,58.0,
Frying Pan Mountain,2024-10-29,Haywood,44.0,
Frying Pan Mountain,2024-10-30,Haywood,33.0,7.0
Frying Pan Mountain,2024-10-31,Haywood,38.0,
Frying Pan Mountain,2024-11-01,Haywood,33.0,
Frying Pan Mountain,2024-11-02,Haywood,30.0,15.0
Frying Pan Mountain,2024-11-03,Haywood,38.0,
Frying Pan Mountain,2024-11-04,Haywood,35.0,
Frying Pan Mountain,2024-11-05,Haywood,29.0,1.0
Frying Pan Mountain,2024-11-06,Haywood,28.0,
Frying Pan Mountain,2024-11-07,Haywood,31.0,
Frying Pan Mountain,2024-11-08,Haywood,33.0,18.0
Frying Pan Mountain,2024-11-09,Haywood,36.0,
Frying Pan Mountain,2024-11-10,Haywood,35.0,
Frying Pan Mountain,2024-11-11,Haywood,39.0,10.0
Frying Pan Mountain,2024-11-12,Haywood,44.0,
Frying Pan Mountain,2024-11-13,Haywood,31.0,
Frying Pan Mountain,2024-11-14,Haywood,33.0,5.0
Frying Pan Mountain,2024-11-15,Haywood,42.0,
Frying Pan Mountain,2024-11-16,Haywood,61.0,
Frying Pan Mountain,2024-11-17,Haywood,48.0,6.0
Frying Pan Mountain,2024-11-18,Haywood,45.0,
Frying Pan Mountain,2024-11-19,Haywood,40.0,
Frying Pan Mountain,2024-11-20,Haywood,34.0,
Frying Pan Mountain,2024-11-21,Haywood,35.0,
Frying Pan Mountain,2024-11-22,Haywood,25.0,
Frying Pan Mountain,2024-11-23,Haywood,44.0,2.0
Frying Pan Mountain,2024-11-24,Haywood,46.0,
Frying Pan Mountain,2024-11-25,Haywood,43.0,
Frying Pan Mountain,2024-11-26,Haywood,40.0,9.0
Frying Pan Mountain,2024-11-28,Haywood,31.0,
Frying Pan Mountain,2024-11-29,Haywood,34.0,13.0
Frying Pan Mountain,2024-12-02,Haywood,,12.0
Frying Pan Mountain,2024-12-08,Haywood,,5.0
Frying Pan Mountain,2024-12-11,Haywood,,6.0
Frying Pan Mountain,2024-12-14,Haywood,,23.0
Frying Pan Mountain,2024-12-17,Haywood,,6.0
Frying Pan Mountain,2024-12-20,Haywood,,7.0
Frying Pan Mountain,2024-12-23,Haywood,,11.0
Frying Pan Mountain,2024-12-26,Haywood,,19.0
Frying Pan Mountain,2024-12-29,Haywood,,2.0
Frying Pan Mountain,2025-01-04,Haywood,,4.0
Frying Pan Mountain,2025-01-07,Haywood,,5.0
Frying Pan Mountain,2025-01-10,Haywood,,1.0
Frying Pan Mountain,2025-01-13,Haywood,,13.0
Frying Pan Mountain,2025-01-16,Haywood,,7.0
Frying Pan Mountain,2025-01-19,Haywood,,20.0
Frying Pan Mountain,2025-01-25,Haywood,,6.0
Frying Pan Mountain,2025-01-28,Haywood,,10.0
Frying Pan Mountain,2025-01-31,Haywood,,20.0
Frying Pan Mountain,2025-02-03,Haywood,,18.0
Frying Pan Mountain,2025-02-06,Haywood,,23.0
Frying Pan Mountain,2025-02-09,Haywood,,14.0
Frying Pan Mountain,2025-02-12,Haywood,,2.0
Frying Pan Mountain,2025-02-15,Haywood,,8.0
Frying Pan Mountain,2025-02-18,Haywood,,10.0
Frying Pan Mountain,2025-02-21,Haywood,,6.0
Frying Pan Mountain,2025-02-24,Haywood,,15.0
Frying Pan Mountain,2025-02-27,Haywood,,25.0
Frying Pan Mountain,2025-03-01,Haywood,46.0,
Frying Pan Mountain,2025-03-02,Haywood,45.0,16.0
Frying Pan Mountain,2025-03-03,Haywood,47.0,
Frying Pan Mountain,2025-03-04,Haywood,44.0,
Frying Pan Mountain,2025-03-06,Haywood,42.0,
Frying Pan Mountain,2025-03-07,Haywood,45.0,
Frying Pan Mountain,2025-03-08,Haywood,46.0,27.0
Frying Pan Mountain,2025-03-09,Haywood,44.0,
Frying Pan Mountain,2025-03-10,Haywood,48.0,
Frying Pan Mountain,2025-03-11,Haywood,74.0,20.0
Frying Pan Mountain,2025-03-12,Haywood,74.0,
Frying Pan Mountain,2025-03-13,Haywood,74.0,
Frying Pan Mountain,2025-03-14,Haywood,64.0,52.0
Frying Pan Mountain,2025-03-15,Haywood,41.0,
Frying Pan Mountain,2025-03-17,Haywood,44.0,8.0
Frying Pan Mountain,2025-03-18,Haywood,48.0,
Frying Pan Mountain,2025-03-19,Haywood,50.0,
Frying Pan Mountain,2025-03-20,Haywood,40.0,
Frying Pan Mountain,2025-03-21,Haywood,46.0,
Frying Pan Mountain,2025-03-22,Haywood,48.0,
Frying Pan Mountain,2025-03-23,Haywood,61.0,
Frying Pan Mountain,2025-03-24,Haywood,45.0,
Frying Pan Mountain,2025-03-25,Haywood,46.0,
Frying Pan Mountain,2025-03-26,Haywood,47.0,18.0
Frying Pan Mountain,2025-03-27,Haywood,49.0,
Frying Pan Mountain,2025-03-28,Haywood,61.0,
Frying Pan Mountain,2025-03-29,Haywood,44.0,41.0
Frying Pan Mountain,2025-03-30,Haywood,32.0,
Frying Pan Mountain,2025-03-31,Haywood,44.0,
Frying Pan Mountain,2025-04-01,Haywood,37.0,8.0
Frying Pan Mountain,2025-04-02,Haywood,30.0,
Frying Pan Mountain,2025-04-03,Haywood,30.0,
Frying Pan Mountain,2025-04-04,Haywood,33.0,31.0
Frying Pan Mountain,2025-04-05,Haywood,41.0,
Frying Pan Mountain,2025-04-06,Haywood,42.0,
Frying Pan Mountain,2025-04-07,Haywood,44.0,8.0
Frying Pan Mountain,2025-04-08,Haywood,49.0,
Frying Pan Mountain,2025-04-09,Haywood,48.0,
Frying Pan Mountain,2025-04-10,Haywood,61.0,
Frying Pan Mountain,2025-04-11,Haywood,44.0,
Frying Pan Mountain,2025-04-12,Haywood,46.0,
Frying Pan Mountain,2025-04-13,Haywood,67.0,
Frying Pan Mountain,2025-04-14,Haywood,77.0,
Frying Pan Mountain,2025-04-15,Haywood,45.0,
Frying Pan Mountain,2025-04-16,Haywood,54.0,
Frying Pan Mountain,2025-04-17,Haywood,58.0,
Frying Pan Mountain,2025-04-18,Haywood,84.0,
Frying Pan Mountain,2025-04-19,Haywood,74.0,
Frying Pan Mountain,2025-04-20,Haywood,50.0,
Frying Pan Mountain,2025-04-21,Haywood,49.0,
Frying Pan Mountain,2025-04-22,Haywood,44.0,
Frying Pan Mountain,2025-04-23,Haywood,44.0,
Frying Pan Mountain,2025-04-24,Haywood,41.0,
Frying Pan Mountain,2025-04-25,Haywood,40.0,19.0
Frying Pan Mountain,2025-04-26,Haywood,43.0,
Frying Pan Mountain,2025-04-27,Haywood,64.0,
Frying Pan Mountain,2025-04-28,Haywood,50.0,24.0
Frying Pan Mountain,2025-04-29,Haywood,43.0,
Frying Pan Mountain,2025-04-30,Haywood,44.0,
Frying Pan Mountain,2025-05-01,Haywood,46.0,34.0
Frying Pan Mountain,2025-05-02,Haywood,44.0,
Frying Pan Mountain,2025-05-03,Haywood,46.0,
Frying Pan Mountain,2025-05-04,Haywood,42.0,11.0
Frying Pan Mountain,2025-05-05,Haywood,43.0,
Frying Pan Mountain,2025-05-06,Haywood,46.0,
Frying Pan Mountain,2025-05-07,Haywood,39.0,11.0
Frying Pan Mountain,2025-05-08,Haywood,51.0,
Frying Pan Mountain,2025-05-09,Haywood,48.0,
Frying Pan Mountain,2025-05-10,Haywood,44.0,22.0
Frying Pan Mountain,2025-05-11,Haywood,36.0,
Frying Pan Mountain,2025-05-12,Haywood,39.0,
Frying Pan Mountain,2025-05-13,Haywood,41.0,9.0
Frying Pan Mountain,2025-05-14,Haywood,46.0,
Frying Pan Mountain,2025-05-15,Haywood,46.0,
Frying Pan Mountain,2025-05-16,Haywood,42.0,40.0
Frying Pan Mountain,2025-05-17,Haywood,48.0,
Frying Pan Mountain,2025-05-18,Haywood,48.0,
Frying Pan Mountain,2025-05-19,Haywood,39.0,24.0
Frying Pan Mountain,2025-05-20,Haywood,34.0,
Frying Pan Mountain,2025-05-21,Haywood,45.0,
Frying Pan Mountain,2025-05-22,Haywood,50.0,12.0
Frying Pan Mountain,2025-05-23,Haywood,42.0,
Frying Pan Mountain,2025-05-24,Haywood,45.0,
Frying Pan Mountain,2025-05-25,Haywood,33.0,12.0
Frying Pan Mountain,2025-05-26,Haywood,27.0,
Frying Pan Mountain,2025-05-27,Haywood,31.0,
Frying Pan Mountain,2025-05-28,Haywood,36.0,14.0
Frying Pan Mountain,2025-05-29,Haywood,41.0,
Frying Pan Mountain,2025-05-30,Haywood,44.0,
Frying Pan Mountain,2025-05-31,Haywood,51.0,53.0
Frying Pan Mountain,2025-06-01,Haywood,47.0,
Frying Pan Mountain,2025-06-02,Haywood,44.0,
Frying Pan Mountain,2025-06-03,Haywood,49.0,57.0
Frying Pan Mountain,2025-06-04,Haywood,44.0,
Frying Pan Mountain,2025-06-05,Haywood,40.0,
Frying Pan Mountain,2025-06-06,Haywood,36.0,43.0
Frying Pan Mountain,2025-06-07,Haywood,43.0,
Frying Pan Mountain,2025-06-08,Haywood,42.0,
Frying Pan Mountain,2025-06-09,Haywood,42.0,19.0
Frying Pan Mountain,2025-06-10,Haywood,49.0,
Frying Pan Mountain,2025-06-11,Haywood,42.0,
Frying Pan Mountain,2025-06-12,Haywood,31.0,31.0
Frying Pan Mountain,2025-06-13,Haywood,23.0,
Frying Pan Mountain,2025-06-14,Haywood,31.0,
Frying Pan Mountain,2025-06-15,Haywood,31.0,18.0
Frying Pan Mountain,2025-06-16,Haywood,29.0,
Frying Pan Mountain,2025-06-17,Haywood,39.0,
Frying Pan Mountain,2025-06-18,Haywood,30.0,27.0
Frying Pan Mountain,2025-06-19,Haywood,44.0,
Frying Pan Mountain,2025-06-20,Haywood,34.0,
Frying Pan Mountain,2025-06-21,Haywood,44.0,28.0
Frying Pan Mountain,2025-06-22,Haywood,48.0,
Frying Pan Mountain,2025-06-23,Haywood,43.0,
Frying Pan Mountain,2025-06-24,Haywood,41.0,49.0
Frying Pan Mountain,2025-06-25,Haywood,43.0,
Frying Pan Mountain,2025-06-26,Haywood,44.0,
Frying Pan Mountain,2025-06-27,Haywood,44.0,36.0
Frying Pan Mountain,2025-06-28,Haywood,40.0,
Frying Pan Mountain,2025-06-29,Haywood,37.0,
Frying Pan Mountain,2025-06-30,Haywood,33.0,31.0
Frying Pan Mountain,2025-07-01,Haywood,30.0,
Frying Pan Mountain,2025-07-02,Haywood,44.0,
Frying Pan Mountain,2025-07-03,Haywood,51.0,29.0
Frying Pan Mountain,2025-07-04,Haywood,43.0,
Frying Pan Mountain,2025-07-05,Haywood,45.0,
Frying Pan Mountain,2025-07-06,Haywood,41.0,45.0
Frying Pan Mountain,2025-07-07,Haywood,36.0,
Frying Pan Mountain,2025-07-08,Haywood,36.0,
Frying Pan Mountain,2025-07-09,Haywood,35.0,42.0
Frying Pan Mountain,2025-07-10,Haywood,33.0,
Frying Pan Mountain,2025-07-11,Haywood,36.0,
Frying Pan Mountain,2025-07-12,Haywood,34.0,19.0
Frying Pan Mountain,2025-07-13,Haywood,29.0,
Frying Pan Mountain,2025-07-14,Haywood,29.0,
Frying Pan Mountain,2025-07-15,Haywood,24.0,22.0
Frying Pan Mountain,2025-07-16,Haywood,32.0,
Frying Pan Mountain,2025-07-17,Haywood,35.0,
Frying Pan Mountain,2025-07-18,Haywood,32.0,19.0
Frying Pan Mountain,2025-07-19,Haywood,28.0,
Frying Pan Mountain,2025-07-20,Haywood,29.0,
Frying Pan Mountain,2025-07-21,Haywood,31.0,39.0
Frying Pan Mountain,2025-07-22,Haywood,30.0,
Frying Pan Mountain,2025-07-23,Haywood,39.0,
Frying Pan Mountain,2025-07-24,Haywood,32.0,39.0
Frying Pan Mountain,2025-07-25,Haywood,31.0,
Frying Pan Mountain,2025-07-26,Haywood,30.0,
Frying Pan Mountain,2025-07-27,Haywood,27.0,15.0
Frying Pan Mountain,2025-07-28,Haywood,32.0,
Frying Pan Mountain,2025-07-29,Haywood,31.0,
Frying Pan Mountain,2025-07-30,Haywood,34.0,22.0
Frying Pan Mountain,2025-07-31,Haywood,33.0,
Frying Pan Mountain,2025-08-01,Haywood,37.0,
Frying Pan Mountain,2025-08-02,Haywood,26.0,1.0
Frying Pan Mountain,2025-08-03,Haywood,34.0,
Frying Pan Mountain,2025-08-04,Haywood,35.0,
Frying Pan Mountain,2025-08-05,Haywood,29.0,2.0
Frying Pan Mountain,2025-08-06,Haywood,26.0,
Frying Pan Mountain,2025-08-07,Haywood,29.0,
Frying Pan Mountain,2025-08-08,Haywood,30.0,19.0
Frying Pan Mountain,2025-08-09,Haywood,30.0,
Frying Pan Mountain,2025-08-10,Haywood,25.0,
Frying Pan Mountain,2025-08-11,Haywood,19.0,2.0
Frying Pan Mountain,2025-08-12,Haywood,23.0,
Frying Pan Mountain,2025-08-13,Haywood,23.0,
Frying Pan Mountain,2025-08-14,Haywood,35.0,
Frying Pan Mountain,2025-08-15,Haywood,43.0,
Frying Pan Mountain,2025-08-16,Haywood,39.0,
Frying Pan Mountain,2025-08-17,Haywood,42.0,38.0
Frying Pan Mountain,2025-08-18,Haywood,38.0,
Frying Pan Mountain,2025-08-19,Haywood,36.0,
Frying Pan Mountain,2025-08-20,Haywood,36.0,29.0
Frying Pan Mountain,2025-08-21,Haywood,32.0,
Frying Pan Mountain,2025-08-22,Haywood,27.0,
Frying Pan Mountain,2025-08-23,Haywood,34.0,12.0
Frying Pan Mountain,2025-08-24,Haywood,31.0,
Frying Pan Mountain,2025-08-25,Haywood,31.0,
Frying Pan Mountain,2025-08-26,Haywood,34.0,17.0
Frying Pan Mountain,2025-08-27,Haywood,34.0,
Frying Pan Mountain,2025-08-28,Haywood,45.0,
Frying Pan Mountain,2025-08-29,Haywood,44.0,21.0
Frying Pan Mountain,2025-08-30,Haywood,41.0,
Frying Pan Mountain,2025-08-31,Haywood,31.0,
Frying Pan Mountain,2025-09-01,Haywood,39.0,22.0
Frying Pan Mountain,2025-09-02,Haywood,35.0,
Frying Pan Mountain,2025-09-03,Haywood,36.0,
Frying Pan Mountain,2025-09-04,Haywood,36.0,31.0
Frying Pan Mountain,2025-09-05,Haywood,41.0,
Frying Pan Mountain,2025-09-06,Haywood,44.0,
Frying Pan Mountain,2025-09-07,Haywood,33.0,14.0
Frying Pan Mountain,2025-09-08,Haywood,38.0,
Frying Pan Mountain,2025-09-09,Haywood,39.0,
Frying Pan Mountain,2025-09-10,Haywood,42.0,22.0
Frying Pan Mountain,2025-09-11,Haywood,47.0,
Frying Pan Mountain,2025-09-12,Haywood,49.0,
Frying Pan Mountain,2025-09-13,Haywood,48.0,30.0
Frying Pan Mountain,2025-09-14,Haywood,47.0,
Frying Pan Mountain,2025-09-15,Haywood,45.0,
Frying Pan Mountain,2025-09-16,Haywood,44.0,38.0
Frying Pan Mountain,2025-09-17,Haywood,44.0,
Frying Pan Mountain,2025-09-18,Haywood,44.0,
Frying Pan Mountain,2025-09-19,Haywood,51.0,32.0
Frying Pan Mountain,2025-09-20,Haywood,50.0,
Frying Pan Mountain,2025-09-21,Haywood,37.0,
Frying Pan Mountain,2025-09-22,Haywood,38.0,38.0
Frying Pan Mountain,2025-09-23,Haywood,36.0,
Frying Pan Mountain,2025-09-24,Haywood,37.0,
Frying Pan Mountain,2025-09-25,Haywood,32.0,11.0
Frying Pan Mountain,2025-09-26,Haywood,30.0,
Frying Pan Mountain,2025-09-27,Haywood,35.0,
Frying Pan Mountain,2025-09-28,Haywood,38.0,14.0
Frying Pan Mountain,2025-09-29,Haywood,36.0,
Frying Pan Mountain,2025-09-30,Haywood,39.0,
Frying Pan Mountain,2025-10-01,Haywood,45.0,
Frying Pan Mountain,2025-10-02,Haywood,40.0,
Frying Pan Mountain,2025-10-03,Haywood,44.0,
Frying Pan Mountain,2025-10-04,Haywood,36.0,
Frying Pan Mountain,2025-10-05,Haywood,28.0,
Frying Pan Mountain,2025-10-06,Haywood,26.0,
Frying Pan Mountain,2025-10-07,Haywood,24.0,
Frying Pan Mountain,2025-10-08,Haywood,32.0,
Frying Pan Mountain,2025-10-09,Haywood,37.0,
Frying Pan Mountain,2025-10-10,Haywood,38.0,
Frying Pan Mountain,2025-10-11,Haywood,39.0,
Frying Pan Mountain,2025-10-12,Haywood,37.0,
Frying Pan Mountain,2025-10-13,Haywood,39.0,
Frying Pan Mountain,2025-10-14,Haywood,43.0,
Frying Pan Mountain,2025-10-15,Haywood,44.0,
Frying Pan Mountain,2025-10-16,Haywood,43.0,
Frying Pan Mountain,2025-10-17,Haywood,43.0,
Frying Pan Mountain,2025-10-18,Haywood,43.0,
Frying Pan Mountain,2025-10-19,Haywood,37.0,
Frying Pan Mountain,2025-10-20,Haywood,48.0,
Frying Pan Mountain,2025-10-21,Haywood,45.0,
Frying Pan Mountain,2025-10-22,Haywood,39.0,
Frying Pan Mountain,2025-10-23,Haywood,41.0,
Frying Pan Mountain,2025-10-24,Haywood,37.0,
Frying Pan Mountain,2025-10-25,Haywood,39.0,
Frying Pan Mountain,2025-10-26,Haywood,36.0,
Frying Pan Mountain,2025-10-27,Haywood,36.0,
Frying Pan Mountain,2025-10-28,Haywood,38.0,
Frying Pan Mountain,2025-10-29,Haywood,24.0,
Frying Pan Mountain,2025-10-30,Haywood,30.0,
Frying Pan Mountain,2025-10-31,Haywood,34.0,
Frying Pan Mountain,2025-11-01,Haywood,36.0,
Frying Pan Mountain,2025-11-02,Haywood,38.0,
Garinger High School,2024-01-01,Mecklenburg,28.0,42.0
Garinger High School,2024-01-02,Mecklenburg,23.0,32.0
Garinger High School,2024-01-03,Mecklenburg,21.0,52.0
Garinger High School,2024-01-04,Mecklenburg,29.0,33.0
Garinger High School,2024-01-05,Mecklenburg,25.0,35.0
Garinger High School,2024-01-06,Mecklenburg,21.0,23.0
Garinger High School,2024-01-07,Mecklenburg,31.0,15.0
Garinger High School,2024-01-08,Mecklenburg,29.0,24.0
Garinger High School,2024-01-09,Mecklenburg,34.0,13.0
Garinger High School,2024-01-10,Mecklenburg,23.0,11.0
Garinger High School,2024-01-11,Mecklenburg,28.0,45.0
Garinger High School,2024-01-12,Mecklenburg,29.0,52.0
Garinger High School,2024-01-13,Mecklenburg,31.0,28.0
Garinger High School,2024-01-14,Mecklenburg,38.0,23.0
Garinger High School,2024-01-15,Mecklenburg,25.0,44.0
Garinger High School,2024-01-16,Mecklenburg,31.0,47.0
Garinger High School,2024-01-17,Mecklenburg,30.0,31.0
Garinger High School,2024-01-18,Mecklenburg,33.0,39.0
Garinger High School,2024-01-19,Mecklenburg,33.0,34.5
Garinger High School,2024-01-20,Mecklenburg,32.0,27.0
Garinger High School,2024-01-21,Mecklenburg,31.0,35.0
Garinger High School,2024-01-22,Mecklenburg,33.0,62.5
Garinger High School,2024-01-23,Mecklenburg,,61.0
Garinger High School,2024-01-24,Mecklenburg,26.0,54.0
Garinger High School,2024-01-25,Mecklenburg,22.0,10.5
Garinger High School,2024-01-26,Mecklenburg,27.0,24.0
Garinger High School,2024-01-27,Mecklenburg,24.0,34.0
Garinger High School,2024-01-28,Mecklenburg,23.0,8.5
Garinger High School,2024-01-29,Mecklenburg,32.0,5.0
Garinger High School,2024-01-30,Mecklenburg,31.0,20.0
Garinger High School,2024-01-31,Mecklenburg,28.0,34.0
Garinger High School,2024-02-01,Mecklenburg,30.0,39.0
Garinger High School,2024-02-02,Mecklenburg,37.0,39.0
Garinger High School,2024-02-03,Mecklenburg,29.0,35.0
Garinger High School,2024-02-04,Mecklenburg,33.0,40.0
Garinger High School,2024-02-05,Mecklenburg,37.0,33.0
Garinger High School,2024-02-06,Mecklenburg,32.0,36.0
Garinger High School,2024-02-07,Mecklenburg,35.0,44.0
Garinger High School,2024-02-08,Mecklenburg,36.0,57.0
Garinger High School,2024-02-09,Mecklenburg,30.0,60.5
Garinger High School,2024-02-10,Mecklenburg,34.0,55.0
Garinger High School,2024-02-11,Mecklenburg,25.0,29.0
Garinger High School,2024-02-12,Mecklenburg,33.0,12.0
Garinger High School,2024-02-13,Mecklenburg,37.0,10.0
Garinger High School,2024-02-14,Mecklenburg,39.0,31.0
Garinger High School,2024-02-15,Mecklenburg,43.0,41.5
Garinger High School,2024-02-16,Mecklenburg,36.0,49.0
Garinger High School,2024-02-17,Mecklenburg,36.0,29.0
Garinger High School,2024-02-18,Mecklenburg,34.0,30.5
Garinger High School,2024-02-19,Mecklenburg,39.0,40.0
Garinger High School,2024-02-20,Mecklenburg,44.0,54.0
Garinger High School,2024-02-21,Mecklenburg,40.0,57.0
Garinger High School,2024-02-22,Mecklenburg,64.0,74.0
Garinger High School,2024-02-23,Mecklenburg,36.0,63.0
Garinger High School,2024-02-24,Mecklenburg,36.0,21.5
Garinger High School,2024-02-25,Mecklenburg,39.0,25.0
Garinger High School,2024-02-26,Mecklenburg,48.0,58.0
Garinger High School,2024-02-27,Mecklenburg,40.0,59.0
Garinger High School,2024-02-28,Mecklenburg,38.0,49.0
Garinger High School,2024-02-29,Mecklenburg,33.0,14.0
Garinger High School,2024-03-01,Mecklenburg,23.0,48.0
Garinger High School,2024-03-02,Mecklenburg,31.0,31.0
Garinger High School,2024-03-03,Mecklenburg,31.0,48.0
Garinger High School,2024-03-04,Mecklenburg,36.0,49.5
Garinger High School,2024-03-05,Mecklenburg,42.0,47.0
Garinger High School,2024-03-06,Mecklenburg,29.0,46.0
Garinger High School,2024-03-07,Mecklenburg,40.0,22.5
Garinger High School,2024-03-08,Mecklenburg,30.0,43.0
Garinger High School,2024-03-09,Mecklenburg,22.0,10.0
Garinger High School,2024-03-10,Mecklenburg,41.0,8.5
Garinger High School,2024-03-11,Mecklenburg,43.0,9.0
Garinger High School,2024-03-12,Mecklenburg,43.0,43.0
Garinger High School,2024-03-13,Mecklenburg,58.0,56.0
Garinger High School,2024-03-14,Mecklenburg,80.0,69.0
Garinger High School,2024-03-15,Mecklenburg,33.0,89.0
Garinger High School,2024-03-16,Mecklenburg,42.0,52.5
Garinger High School,2024-03-17,Mecklenburg,41.0,33.0
Garinger High School,2024-03-18,Mecklenburg,42.0,21.0
Garinger High School,2024-03-19,Mecklenburg,37.0,19.5
Garinger High School,2024-03-20,Mecklenburg,48.0,52.0
Garinger High School,2024-03-21,Mecklenburg,47.0,37.0
Garinger High School,2024-03-22,Mecklenburg,33.0,58.5
Garinger High School,2024-03-23,Mecklenburg,42.0,19.0
Garinger High School,2024-03-24,Mecklenburg,44.0,20.0
Garinger High School,2024-03-25,Mecklenburg,46.0,55.0
Garinger High School,2024-03-26,Mecklenburg,37.0,60.0
Garinger High School,2024-03-27,Mecklenburg,19.0,21.0
Garinger High School,2024-03-28,Mecklenburg,42.0,18.0
Garinger High School,2024-03-29,Mecklenburg,47.0,28.0
Garinger High School,2024-03-30,Mecklenburg,54.0,52.0
Garinger High School,2024-03-31,Mecklenburg,50.0,54.0
Garinger High School,2024-04-01,Mecklenburg,43.0,58.0
Garinger High School,2024-04-02,Mecklenburg,41.0,57.0
Garinger High School,2024-04-03,Mecklenburg,43.0,23.5
Garinger High School,2024-04-04,Mecklenburg,38.0,3.0
Garinger High School,2024-04-05,Mecklenburg,36.0,7.0
Garinger High School,2024-04-06,Mecklenburg,43.0,8.0
Garinger High School,2024-04-07,Mecklenburg,47.0,22.0
Garinger High School,2024-04-08,Mecklenburg,45.0,46.0
Garinger High School,2024-04-09,Mecklenburg,32.0,52.5
Garinger High School,2024-04-10,Mecklenburg,37.0,42.0
Garinger High School,2024-04-11,Mecklenburg,36.0,9.0
Garinger High School,2024-04-12,Mecklenburg,44.0,15.0
Garinger High School,2024-04-13,Mecklenburg,47.0,27.0
Garinger High School,2024-04-14,Mecklenburg,54.0,55.0
Garinger High School,2024-04-15,Mecklenburg,61.0,53.5
Garinger High School,2024-04-16,Mecklenburg,61.0,59.0
Garinger High School,2024-04-17,Mecklenburg,45.0,58.0
Garinger High School,2024-04-18,Mecklenburg,50.0,42.5
Garinger High School,2024-04-19,Mecklenburg,74.0,52.0
Garinger High School,2024-04-20,Mecklenburg,40.0,54.0
Garinger High School,2024-04-21,Mecklenburg,33.0,20.0
Garinger High School,2024-04-22,Mecklenburg,39.0,24.0
Garinger High School,2024-04-23,Mecklenburg,43.0,36.0
Garinger High School,2024-04-24,Mecklenburg,46.0,52.0
Garinger High School,2024-04-25,Mecklenburg,71.0,43.0
Garinger High School,2024-04-26,Mecklenburg,38.0,50.0
Garinger High School,2024-04-27,Mecklenburg,44.0,41.0
Garinger High School,2024-04-28,Mecklenburg,41.0,30.0
Garinger High School,2024-04-29,Mecklenburg,45.0,29.0
Garinger High School,2024-04-30,Mecklenburg,38.0,37.5
Garinger High School,2024-05-01,Mecklenburg,50.0,28.0
Garinger High School,2024-05-02,Mecklenburg,67.0,55.0
Garinger High School,2024-05-03,Mecklenburg,46.0,52.0
Garinger High School,2024-05-04,Mecklenburg,28.0,27.0
Garinger High School,2024-05-05,Mecklenburg,34.0,14.0
Garinger High School,2024-05-06,Mecklenburg,31.0,37.0
Garinger High School,2024-05-07,Mecklenburg,32.0,29.0
Garinger High School,2024-05-08,Mecklenburg,35.0,42.0
Garinger High School,2024-05-09,Mecklenburg,38.0,15.5
Garinger High School,2024-05-10,Mecklenburg,43.0,19.0
Garinger High School,2024-05-11,Mecklenburg,44.0,20.0
Garinger High School,2024-05-12,Mecklenburg,46.0,38.5
Garinger High School,2024-05-13,Mecklenburg,43.0,46.0
Garinger High School,2024-05-14,Mecklenburg,20.0,18.0
Garinger High School,2024-05-15,Mecklenburg,32.0,17.5
Garinger High School,2024-05-16,Mecklenburg,44.0,21.0
Garinger High School,2024-05-17,Mecklenburg,38.0,33.0
Garinger High School,2024-05-18,Mecklenburg,32.0,23.5
Garinger High School,2024-05-19,Mecklenburg,38.0,12.0
Garinger High School,2024-05-20,Mecklenburg,47.0,25.0
Garinger High School,2024-05-21,Mecklenburg,61.0,41.0
Garinger High School,2024-05-22,Mecklenburg,51.0,43.0
Garinger High School,2024-05-23,Mecklenburg,46.0,51.0
Garinger High School,2024-05-24,Mecklenburg,47.0,36.0
Garinger High School,2024-05-25,Mecklenburg,46.0,32.0
Garinger High School,2024-05-26,Mecklenburg,46.0,42.0
Garinger High School,2024-05-27,Mecklenburg,47.0,37.5
Garinger High School,2024-05-28,Mecklenburg,47.0,19.0
Garinger High School,2024-05-29,Mecklenburg,51.0,21.0
Garinger High School,2024-05-30,Mecklenburg,46.0,26.5
Garinger High School,2024-05-31,Mecklenburg,74.0,41.0
Garinger High School,2024-06-01,Mecklenburg,58.0,55.0
Garinger High School,2024-06-02,Mecklenburg,42.0,37.5
Garinger High School,2024-06-03,Mecklenburg,42.0,39.0
Garinger High School,2024-06-04,Mecklenburg,44.0,42.0
Garinger High School,2024-06-05,Mecklenburg,31.0,33.0
Garinger High School,2024-06-06,Mecklenburg,36.0,37.0
Garinger High School,2024-06-07,Mecklenburg,51.0,33.0
Garinger High School,2024-06-08,Mecklenburg,97.0,35.0
Garinger High School,2024-06-09,Mecklenburg,46.0,40.0
Garinger High School,2024-06-10,Mecklenburg,54.0,32.0
Garinger High School,2024-06-11,Mecklenburg,51.0,48.5
Garinger High School,2024-06-12,Mecklenburg,71.0,56.0
Garinger High School,2024-06-13,Mecklenburg,58.0,50.0
Garinger High School,2024-06-14,Mecklenburg,93.0,55.5
Garinger High School,2024-06-15,Mecklenburg,64.0,57.0
Garinger High School,2024-06-16,Mecklenburg,44.0,59.0
Garinger High School,2024-06-17,Mecklenburg,46.0,50.5
Garinger High School,2024-06-18,Mecklenburg,44.0,49.0
Garinger High School,2024-06-19,Mecklenburg,42.0,36.0
Garinger High School,2024-06-20,Mecklenburg,40.0,47.0
Garinger High School,2024-06-21,Mecklenburg,45.0,49.0
Garinger High School,2024-06-22,Mecklenburg,28.0,29.0
Garinger High School,2024-06-23,Mecklenburg,32.0,39.0
Garinger High School,2024-06-24,Mecklenburg,64.0,49.0
Garinger High School,2024-06-25,Mecklenburg,115.0,52.0
Garinger High School,2024-06-26,Mecklenburg,74.0,59.0
Garinger High School,2024-06-27,Mecklenburg,51.0,53.0
Garinger High School,2024-06-28,Mecklenburg,51.0,56.0
Garinger High School,2024-06-29,Mecklenburg,35.0,34.0
Garinger High School,2024-06-30,Mecklenburg,42.0,36.0
Garinger High School,2024-07-01,Mecklenburg,50.0,41.0
Garinger High School,2024-07-02,Mecklenburg,49.0,28.5
Garinger High School,2024-07-03,Mecklenburg,74.0,49.0
Garinger High School,2024-07-04,Mecklenburg,39.0,61.0
Garinger High School,2024-07-05,Mecklenburg,37.0,52.5
Garinger High School,2024-07-06,Mecklenburg,45.0,28.0
Garinger High School,2024-07-07,Mecklenburg,35.0,27.0
Garinger High School,2024-07-08,Mecklenburg,74.0,29.0
Garinger High School,2024-07-09,Mecklenburg,45.0,38.0
Garinger High School,2024-07-10,Mecklenburg,41.0,28.0
Garinger High School,2024-07-11,Mecklenburg,74.0,24.5
Garinger High School,2024-07-12,Mecklenburg,32.0,37.0
Garinger High School,2024-07-13,Mecklenburg,77.0,31.0
Garinger High School,2024-07-14,Mecklenburg,50.0,53.0
Garinger High School,2024-07-15,Mecklenburg,80.0,57.0
Garinger High School,2024-07-16,Mecklenburg,49.0,53.0
Garinger High School,2024-07-17,Mecklenburg,46.0,45.0
Garinger High School,2024-07-18,Mecklenburg,47.0,40.0
Garinger High School,2024-07-19,Mecklenburg,32.0,31.0
Garinger High School,2024-07-20,Mecklenburg,33.0,36.5
Garinger High School,2024-07-21,Mecklenburg,24.0,13.0
Garinger High School,2024-07-22,Mecklenburg,33.0,18.0
Garinger High School,2024-07-23,Mecklenburg,31.0,24.0
Garinger High School,2024-07-24,Mecklenburg,37.0,18.0
Garinger High School,2024-07-25,Mecklenburg,29.0,21.0
Garinger High School,2024-07-26,Mecklenburg,36.0,39.5
Garinger High School,2024-07-27,Mecklenburg,42.0,56.0
Garinger High School,2024-07-28,Mecklenburg,44.0,57.0
Garinger High School,2024-07-29,Mecklenburg,,48.0
Garinger High School,2024-07-30,Mecklenburg,34.0,21.0
Garinger High School,2024-07-31,Mecklenburg,54.0,22.0
Garinger High School,2024-08-01,Mecklenburg,77.0,40.0
Garinger High School,2024-08-02,Mecklenburg,31.0,60.0
Garinger High School,2024-08-03,Mecklenburg,32.0,58.0
Garinger High School,2024-08-04,Mecklenburg,44.0,44.0
Garinger High School,2024-08-05,Mecklenburg,24.0,17.0
Garinger High School,2024-08-06,Mecklenburg,17.0,14.0
Garinger High School,2024-08-07,Mecklenburg,28.0,12.5
Garinger High School,2024-08-08,Mecklenburg,27.0,0.0
Garinger High School,2024-08-09,Mecklenburg,47.0,22.0
Garinger High School,2024-08-10,Mecklenburg,47.0,46.5
Garinger High School,2024-08-11,Mecklenburg,43.0,49.0
Garinger High School,2024-08-12,Mecklenburg,42.0,48.0
Garinger High School,2024-08-13,Mecklenburg,32.0,53.5
Garinger High School,2024-08-14,Mecklenburg,51.0,46.0
Garinger High School,2024-08-15,Mecklenburg,44.0,52.0
Garinger High School,2024-08-16,Mecklenburg,42.0,55.5
Garinger High School,2024-08-17,Mecklenburg,41.0,46.0
Garinger High School,2024-08-18,Mecklenburg,44.0,28.0
Garinger High School,2024-08-19,Mecklenburg,40.0,28.5
Garinger High School,2024-08-20,Mecklenburg,44.0,34.0
Garinger High School,2024-08-21,Mecklenburg,44.0,37.0
Garinger High School,2024-08-22,Mecklenburg,42.0,40.5
Garinger High School,2024-08-23,Mecklenburg,42.0,52.0
Garinger High School,2024-08-24,Mecklenburg,47.0,55.0
Garinger High School,2024-08-25,Mecklenburg,48.0,56.0
Garinger High School,2024-08-26,Mecklenburg,71.0,59.0
Garinger High School,2024-08-27,Mecklenburg,136.0,60.0
Garinger High School,2024-08-28,Mecklenburg,71.0,60.5
Garinger High School,2024-08-29,Mecklenburg,93.0,58.0
Garinger High School,2024-08-30,Mecklenburg,44.0,44.0
Garinger High School,2024-08-31,Mecklenburg,51.0,45.0
Garinger High School,2024-09-01,Mecklenburg,31.0,34.0
Garinger High School,2024-09-02,Mecklenburg,40.0,32.0
Garinger High School,2024-09-03,Mecklenburg,38.0,24.5
Garinger High School,2024-09-04,Mecklenburg,38.0,24.0
Garinger High School,2024-09-05,Mecklenburg,44.0,29.0
Garinger High School,2024-09-06,Mecklenburg,43.0,40.0
Garinger High School,2024-09-07,Mecklenburg,42.0,36.0
Garinger High School,2024-09-08,Mecklenburg,33.0,21.0
Garinger High School,2024-09-09,Mecklenburg,42.0,35.5
Garinger High School,2024-09-10,Mecklenburg,51.0,47.0
Garinger High School,2024-09-11,Mecklenburg,42.0,55.0
Garinger High School,2024-09-12,Mecklenburg,45.0,48.0
Garinger High School,2024-09-13,Mecklenburg,31.0,27.0
Garinger High School,2024-09-14,Mecklenburg,32.0,26.0
Garinger High School,2024-09-15,Mecklenburg,28.0,33.5
Garinger High School,2024-09-16,Mecklenburg,27.0,28.0
Garinger High School,2024-09-17,Mecklenburg,19.0,11.0
Garinger High School,2024-09-18,Mecklenburg,30.0,48.0
Garinger High School,2024-09-19,Mecklenburg,31.0,30.0
Garinger High School,2024-09-20,Mecklenburg,44.0,34.0
Garinger High School,2024-09-21,Mecklenburg,46.0,50.0
Garinger High School,2024-09-22,Mecklenburg,48.0,52.0
Garinger High School,2024-09-23,Mecklenburg,19.0,52.0
Garinger High School,2024-09-24,Mecklenburg,33.0,56.0
Garinger High School,2024-09-25,Mecklenburg,37.0,32.0
Garinger High School,2024-09-26,Mecklenburg,26.0,13.0
Garinger High School,2024-09-28,Mecklenburg,36.0,56.0
Garinger High School,2024-09-29,Mecklenburg,34.0,54.0
Garinger High School,2024-09-30,Mecklenburg,34.0,56.5
Garinger High School,2024-10-01,Mecklenburg,28.0,43.0
Garinger High School,2024-10-02,Mecklenburg,35.0,24.0
Garinger High School,2024-10-03,Mecklenburg,36.0,42.5
Garinger High School,2024-10-04,Mecklenburg,36.0,41.0
Garinger High School,2024-10-05,Mecklenburg,50.0,52.0
Garinger High School,2024-10-06,Mecklenburg,36.0,57.0
Garinger High School,2024-10-07,Mecklenburg,47.0,57.0
Garinger High School,2024-10-08,Mecklenburg,41.0,48.0
Garinger High School,2024-10-09,Mecklenburg,43.0,54.0
Garinger High School,2024-10-10,Mecklenburg,41.0,29.0
Garinger High School,2024-10-11,Mecklenburg,32.0,47.0
Garinger High School,2024-10-12,Mecklenburg,43.0,55.0
Garinger High School,2024-10-13,Mecklenburg,44.0,56.0
Garinger High School,2024-10-14,Mecklenburg,43.0,44.0
Garinger High School,2024-10-15,Mecklenburg,30.0,18.0
Garinger High School,2024-10-16,Mecklenburg,26.0,8.0
Garinger High School,2024-10-17,Mecklenburg,33.0,22.0
Garinger High School,2024-10-18,Mecklenburg,35.0,47.5
Garinger High School,2024-10-19,Mecklenburg,42.0,48.0
Garinger High School,2024-10-20,Mecklenburg,44.0,55.0
Garinger High School,2024-10-21,Mecklenburg,44.0,56.5
Garinger High School,2024-10-22,Mecklenburg,47.0,
Garinger High School,2024-10-23,Mecklenburg,44.0,
Garinger High School,2024-10-24,Mecklenburg,50.0,55.0
Garinger High School,2024-10-25,Mecklenburg,49.0,
Garinger High School,2024-10-26,Mecklenburg,50.0,61.0
Garinger High School,2024-10-27,Mecklenburg,30.0,44.0
Garinger High School,2024-10-28,Mecklenburg,41.0,54.0
Garinger High School,2024-10-29,Mecklenburg,37.0,54.0
Garinger High School,2024-10-30,Mecklenburg,37.0,55.0
Garinger High School,2024-10-31,Mecklenburg,35.0,47.0
Garinger High School,2024-11-01,Mecklenburg,27.0,48.0
Garinger High School,2024-11-02,Mecklenburg,31.0,52.5
Garinger High School,2024-11-03,Mecklenburg,36.0,52.0
Garinger High School,2024-11-04,Mecklenburg,30.0,37.0
Garinger High School,2024-11-05,Mecklenburg,20.0,44.0
Garinger High School,2024-11-06,Mecklenburg,23.0,31.0
Garinger High School,2024-11-07,Mecklenburg,24.0,24.0
Garinger High School,2024-11-08,Mecklenburg,27.0,43.0
Garinger High School,2024-11-09,Mecklenburg,37.0,31.0
Garinger High School,2024-11-10,Mecklenburg,23.0,47.0
Garinger High School,2024-11-11,Mecklenburg,14.0,44.5
Garinger High School,2024-11-12,Mecklenburg,35.0,34.0
Garinger High School,2024-11-13,Mecklenburg,31.0,27.0
Garinger High School,2024-11-14,Mecklenburg,19.0,22.5
Garinger High School,2024-11-15,Mecklenburg,24.0,23.0
Garinger High School,2024-11-16,Mecklenburg,27.0,52.0
Garinger High School,2024-11-17,Mecklenburg,33.0,66.0
Garinger High School,2024-11-18,Mecklenburg,33.0,63.0
Garinger High School,2024-11-19,Mecklenburg,27.0,59.0
Garinger High School,2024-11-20,Mecklenburg,23.0,35.0
Garinger High School,2024-11-21,Mecklenburg,31.0,12.0
Garinger High School,2024-11-22,Mecklenburg,18.0,9.0
Garinger High School,2024-11-23,Mecklenburg,23.0,43.0
Garinger High School,2024-11-24,Mecklenburg,29.0,72.0
Garinger High School,2024-11-25,Mecklenburg,32.0,55.0
Garinger High School,2024-11-26,Mecklenburg,27.0,37.0
Garinger High School,2024-11-27,Mecklenburg,26.0,52.0
Garinger High School,2024-11-28,Mecklenburg,26.0,44.0
Garinger High School,2024-11-29,Mecklenburg,29.0,25.5
Garinger High School,2024-11-30,Mecklenburg,33.0,48.0
Garinger High School,2024-12-01,Mecklenburg,30.0,63.0
Garinger High School,2024-12-02,Mecklenburg,32.0,32.0
Garinger High School,2024-12-03,Mecklenburg,26.0,29.0
Garinger High School,2024-12-04,Mecklenburg,32.0,52.0
Garinger High School,2024-12-05,Mecklenburg,35.0,47.5
Garinger High School,2024-12-06,Mecklenburg,30.0,38.0
Garinger High School,2024-12-07,Mecklenburg,31.0,63.0
Garinger High School,2024-12-08,Mecklenburg,34.0,52.5
Garinger High School,2024-12-09,Mecklenburg,19.0,53.0
Garinger High School,2024-12-10,Mecklenburg,27.0,45.0
Garinger High School,2024-12-11,Mecklenburg,26.0,17.5
Garinger High School,2024-12-12,Mecklenburg,31.0,42.0
Garinger High School,2024-12-13,Mecklenburg,24.0,56.0
Garinger High School,2024-12-14,Mecklenburg,23.0,55.0
Garinger High School,2024-12-15,Mecklenburg,21.0,40.0
Garinger High School,2024-12-16,Mecklenburg,14.0,42.0
Garinger High School,2024-12-17,Mecklenburg,23.0,51.0
Garinger High School,2024-12-18,Mecklenburg,25.0,50.0
Garinger High School,2024-12-19,Mecklenburg,26.0,26.0
Garinger High School,2024-12-20,Mecklenburg,21.0,34.5
Garinger High School,2024-12-21,Mecklenburg,28.0,21.0
Garinger High School,2024-12-22,Mecklenburg,32.0,27.0
Garinger High School,2024-12-23,Mecklenburg,32.0,52.5
Garinger High School,2024-12-24,Mecklenburg,27.0,68.0
Garinger High School,2024-12-25,Mecklenburg,34.0,59.0
Garinger High School,2024-12-26,Mecklenburg,29.0,53.5
Garinger High School,2024-12-27,Mecklenburg,20.0,56.0
Garinger High School,2024-12-28,Mecklenburg,16.0,28.0
Garinger High School,2024-12-29,Mecklenburg,34.0,16.0
Garinger High School,2024-12-30,Mecklenburg,29.0,32.0
Garinger High School,2024-12-31,Mecklenburg,,48.0
Garinger High School,2025-01-01,Mecklenburg,30.0,13.0
Garinger High School,2025-01-02,Mecklenburg,29.0,43.0
Garinger High School,2025-01-03,Mecklenburg,30.0,40.0
Garinger High School,2025-01-04,Mecklenburg,31.0,28.0
Garinger High School,2025-01-05,Mecklenburg,24.0,53.0
Garinger High School,2025-01-06,Mecklenburg,22.0,48.0
Garinger High School,2025-01-07,Mecklenburg,27.0,19.0
Garinger High School,2025-01-08,Mecklenburg,25.0,37.0
Garinger High School,2025-01-09,Mecklenburg,35.0,34.0
Garinger High School,2025-01-10,Mecklenburg,23.0,50.5
Garinger High School,2025-01-11,Mecklenburg,30.0,31.0
Garinger High School,2025-01-12,Mecklenburg,33.0,44.0
Garinger High School,2025-01-13,Mecklenburg,26.0,55.5
Garinger High School,2025-01-14,Mecklenburg,36.0,30.0
Garinger High School,2025-01-15,Mecklenburg,32.0,39.0
Garinger High School,2025-01-16,Mecklenburg,36.0,47.5
Garinger High School,2025-01-17,Mecklenburg,35.0,37.0
Garinger High School,2025-01-18,Mecklenburg,29.0,40.0
Garinger High School,2025-01-19,Mecklenburg,26.0,39.0
Garinger High School,2025-01-20,Mecklenburg,33.0,21.0
Garinger High School,2025-01-21,Mecklenburg,28.0,25.0
Garinger High School,2025-01-22,Mecklenburg,33.0,44.5
Garinger High School,2025-01-23,Mecklenburg,29.0,57.0
Garinger High School,2025-01-24,Mecklenburg,34.0,66.0
Garinger High School,2025-01-25,Mecklenburg,36.0,67.5
Garinger High School,2025-01-26,Mecklenburg,36.0,57.0
Garinger High School,2025-01-27,Mecklenburg,23.0,48.0
Garinger High School,2025-01-28,Mecklenburg,35.0,27.0
Garinger High School,2025-01-29,Mecklenburg,38.0,33.5
Garinger High School,2025-01-30,Mecklenburg,37.0,41.0
Garinger High School,2025-01-31,Mecklenburg,38.0,49.0
Garinger High School,2025-02-01,Mecklenburg,37.0,23.0
Garinger High School,2025-02-02,Mecklenburg,35.0,43.0
Garinger High School,2025-02-03,Mecklenburg,36.0,56.5
Garinger High School,2025-02-04,Mecklenburg,41.0,56.0
Garinger High School,2025-02-05,Mecklenburg,31.0,52.0
Garinger High School,2025-02-06,Mecklenburg,31.0,56.0
Garinger High School,2025-02-07,Mecklenburg,34.0,47.0
Garinger High School,2025-02-08,Mecklenburg,29.0,53.0
Garinger High School,2025-02-09,Mecklenburg,39.0,41.0
Garinger High School,2025-02-10,Mecklenburg,26.0,28.0
Garinger High School,2025-02-11,Mecklenburg,28.0,39.0
Garinger High School,2025-02-12,Mecklenburg,20.0,8.0
Garinger High School,2025-02-13,Mecklenburg,,19.0
Garinger High School,2025-02-14,Mecklenburg,35.0,38.0
Garinger High School,2025-02-15,Mecklenburg,23.0,39.0
Garinger High School,2025-02-16,Mecklenburg,33.0,24.0
Garinger High School,2025-02-17,Mecklenburg,39.0,28.0
Garinger High School,2025-02-18,Mecklenburg,37.0,47.0
Garinger High School,2025-02-19,Mecklenburg,27.0,51.0
Garinger High School,2025-02-20,Mecklenburg,35.0,39.0
Garinger High School,2025-02-21,Mecklenburg,32.0,33.0
Garinger High School,2025-02-22,Mecklenburg,40.0,42.0
Garinger High School,2025-02-23,Mecklenburg,44.0,55.0
Garinger High School,2025-02-24,Mecklenburg,50.0,66.0
Garinger High School,2025-02-25,Mecklenburg,49.0,62.0
Garinger High School,2025-02-26,Mecklenburg,51.0,59.0
Garinger High School,2025-02-27,Mecklenburg,46.0,57.5
Garinger High School,2025-02-28,Mecklenburg,45.0,19.0
Garinger High School,2025-03-01,Mecklenburg,49.0,32.0
Garinger High School,2025-03-02,Mecklenburg,40.0,25.5
Garinger High School,2025-03-03,Mecklenburg,42.0,40.0
Garinger High School,2025-03-04,Mecklenburg,42.0,29.0
Garinger High School,2025-03-05,Mecklenburg,42.0,38.0
Garinger High School,2025-03-06,Mecklenburg,35.0,7.0
Garinger High School,2025-03-07,Mecklenburg,39.0,26.0
Garinger High School,2025-03-08,Mecklenburg,44.0,52.0
Garinger High School,2025-03-09,Mecklenburg,43.0,23.0
Garinger High School,2025-03-10,Mecklenburg,30.0,46.0
Garinger High School,2025-03-11,Mecklenburg,49.0,34.0
Garinger High School,2025-03-12,Mecklenburg,74.0,53.0
Garinger High School,2025-03-13,Mecklenburg,54.0,68.0
Garinger High School,2025-03-14,Mecklenburg,48.0,75.0
Garinger High School,2025-03-15,Mecklenburg,36.0,55.0
Garinger High School,2025-03-16,Mecklenburg,39.0,42.0
Garinger High School,2025-03-17,Mecklenburg,33.0,17.0
Garinger High School,2025-03-18,Mecklenburg,42.0,14.0
Garinger High School,2025-03-19,Mecklenburg,50.0,52.0
Garinger High School,2025-03-20,Mecklenburg,41.0,52.5
Garinger High School,2025-03-21,Mecklenburg,44.0,19.0
Garinger High School,2025-03-22,Mecklenburg,54.0,42.0
Garinger High School,2025-03-23,Mecklenburg,48.0,35.5
Garinger High School,2025-03-24,Mecklenburg,40.0,54.0
Garinger High School,2025-03-25,Mecklenburg,49.0,20.0
Garinger High School,2025-03-26,Mecklenburg,46.0,21.0
Garinger High School,2025-03-27,Mecklenburg,48.0,37.0
Garinger High School,2025-03-28,Mecklenburg,58.0,48.0
Garinger High School,2025-03-29,Mecklenburg,43.0,37.5
Garinger High School,2025-03-30,Mecklenburg,40.0,33.0
Garinger High School,2025-03-31,Mecklenburg,24.0,32.0
Garinger High School,2025-04-01,Mecklenburg,37.0,14.5
Garinger High School,2025-04-02,Mecklenburg,28.0,52.0
Garinger High School,2025-04-03,Mecklenburg,27.0,40.0
Garinger High School,2025-04-04,Mecklenburg,32.0,51.5
Garinger High School,2025-04-05,Mecklenburg,35.0,46.0
Garinger High School,2025-04-06,Mecklenburg,38.0,34.0
Garinger High School,2025-04-07,Mecklenburg,28.0,31.5
Garinger High School,2025-04-08,Mecklenburg,51.0,30.0
Garinger High School,2025-04-09,Mecklenburg,47.0,36.0
Garinger High School,2025-04-10,Mecklenburg,41.0,49.0
Garinger High School,2025-04-11,Mecklenburg,40.0,29.0
Garinger High School,2025-04-12,Mecklenburg,38.0,40.0
Garinger High School,2025-04-13,Mecklenburg,48.0,43.0
Garinger High School,2025-04-14,Mecklenburg,77.0,52.0
Garinger High School,2025-04-15,Mecklenburg,44.0,46.0
Garinger High School,2025-04-16,Mecklenburg,47.0,32.0
Garinger High School,2025-04-17,Mecklenburg,77.0,46.0
Garinger High School,2025-04-18,Mecklenburg,71.0,55.0
Garinger High School,2025-04-19,Mecklenburg,45.0,53.5
Garinger High School,2025-04-20,Mecklenburg,38.0,51.0
Garinger High School,2025-04-21,Mecklenburg,46.0,50.0
Garinger High School,2025-04-22,Mecklenburg,44.0,52.0
Garinger High School,2025-04-23,Mecklenburg,46.0,46.0
Garinger High School,2025-04-24,Mecklenburg,26.0,55.0
Garinger High School,2025-04-25,Mecklenburg,38.0,50.0
Garinger High School,2025-04-26,Mecklenburg,40.0,33.0
Garinger High School,2025-04-27,Mecklenburg,54.0,28.0
Garinger High School,2025-04-28,Mecklenburg,51.0,44.0
Garinger High School,2025-04-29,Mecklenburg,44.0,42.0
Garinger High School,2025-04-30,Mecklenburg,44.0,52.0
Garinger High School,2025-05-01,Mecklenburg,43.0,50.0
Garinger High School,2025-05-02,Mecklenburg,43.0,44.0
Garinger High School,2025-05-03,Mecklenburg,31.0,42.0
Garinger High School,2025-05-04,Mecklenburg,40.0,16.0
Garinger High School,2025-05-05,Mecklenburg,44.0,24.0
Garinger High School,2025-05-06,Mecklenburg,47.0,31.0
Garinger High School,2025-05-07,Mecklenburg,43.0,41.5
Garinger High School,2025-05-08,Mecklenburg,47.0,43.0
Garinger High School,2025-05-09,Mecklenburg,47.0,22.0
Garinger High School,2025-05-10,Mecklenburg,37.0,30.5
Garinger High School,2025-05-11,Mecklenburg,30.0,47.0
Garinger High School,2025-05-12,Mecklenburg,22.0,18.0
Garinger High School,2025-05-13,Mecklenburg,39.0,18.0
Garinger High School,2025-05-14,Mecklenburg,42.0,23.0
Garinger High School,2025-05-15,Mecklenburg,44.0,47.0
Garinger High School,2025-05-16,Mecklenburg,44.0,57.5
Garinger High School,2025-05-17,Mecklenburg,41.0,33.0
Garinger High School,2025-05-18,Mecklenburg,44.0,29.0
Garinger High School,2025-05-19,Mecklenburg,47.0,45.5
Garinger High School,2025-05-20,Mecklenburg,44.0,53.0
Garinger High School,2025-05-21,Mecklenburg,43.0,40.0
Garinger High School,2025-05-22,Mecklenburg,50.0,18.5
Garinger High School,2025-05-23,Mecklenburg,44.0,14.0
Garinger High School,2025-05-24,Mecklenburg,44.0,31.0
Garinger High School,2025-05-25,Mecklenburg,39.0,53.5
Garinger High School,2025-05-26,Mecklenburg,30.0,53.0
Garinger High School,2025-05-27,Mecklenburg,25.0,5.0
Garinger High School,2025-05-28,Mecklenburg,24.0,19.5
Garinger High School,2025-05-29,Mecklenburg,31.0,34.0
Garinger High School,2025-05-30,Mecklenburg,35.0,24.0
Garinger High School,2025-05-31,Mecklenburg,45.0,49.0
Garinger High School,2025-06-01,Mecklenburg,50.0,58.0
Garinger High School,2025-06-02,Mecklenburg,50.0,50.0
Garinger High School,2025-06-03,Mecklenburg,61.0,53.5
Garinger High School,2025-06-04,Mecklenburg,49.0,61.0
Garinger High School,2025-06-05,Mecklenburg,25.0,19.0
Garinger High School,2025-06-06,Mecklenburg,48.0,52.0
Garinger High School,2025-06-07,Mecklenburg,40.0,34.0
Garinger High School,2025-06-08,Mecklenburg,36.0,41.0
Garinger High School,2025-06-09,Mecklenburg,46.0,34.0
Garinger High School,2025-06-10,Mecklenburg,33.0,28.0
Garinger High School,2025-06-11,Mecklenburg,77.0,52.0
Garinger High School,2025-06-12,Mecklenburg,44.0,51.0
Garinger High School,2025-06-13,Mecklenburg,29.0,18.0
Garinger High School,2025-06-14,Mecklenburg,28.0,23.0
Garinger High School,2025-06-15,Mecklenburg,28.0,27.0
Garinger High School,2025-06-16,Mecklenburg,31.0,37.0
Garinger High School,2025-06-17,Mecklenburg,29.0,34.0
Garinger High School,2025-06-18,Mecklenburg,30.0,29.5
Garinger High School,2025-06-19,Mecklenburg,28.0,31.0
Garinger High School,2025-06-20,Mecklenburg,58.0,33.0
Garinger High School,2025-06-21,Mecklenburg,67.0,52.0
Garinger High School,2025-06-22,Mecklenburg,67.0,56.0
Garinger High School,2025-06-23,Mecklenburg,71.0,57.0
Garinger High School,2025-06-24,Mecklenburg,46.0,61.0
Garinger High School,2025-06-25,Mecklenburg,74.0,61.0
Garinger High School,2025-06-26,Mecklenburg,67.0,52.0
Garinger High School,2025-06-27,Mecklenburg,58.0,51.0
Garinger High School,2025-06-28,Mecklenburg,46.0,52.0
Garinger High School,2025-06-29,Mecklenburg,50.0,39.0
Garinger High School,2025-06-30,Mecklenburg,42.0,49.0
Garinger High School,2025-07-01,Mecklenburg,40.0,46.0
Garinger High School,2025-07-02,Mecklenburg,40.0,26.0
Garinger High School,2025-07-03,Mecklenburg,51.0,40.0
Garinger High School,2025-07-04,Mecklenburg,47.0,68.0
Garinger High School,2025-07-05,Mecklenburg,45.0,61.0
Garinger High School,2025-07-06,Mecklenburg,27.0,36.0
Garinger High School,2025-07-07,Mecklenburg,54.0,48.0
Garinger High School,2025-07-08,Mecklenburg,80.0,58.0
Garinger High School,2025-07-09,Mecklenburg,48.0,52.0
Garinger High School,2025-07-10,Mecklenburg,54.0,40.0
Garinger High School,2025-07-11,Mecklenburg,44.0,28.0
Garinger High School,2025-07-12,Mecklenburg,48.0,26.5
Garinger High School,2025-07-13,Mecklenburg,36.0,39.0
Garinger High School,2025-07-14,Mecklenburg,71.0,37.0
Garinger High School,2025-07-15,Mecklenburg,37.0,35.5
Garinger High School,2025-07-16,Mecklenburg,36.0,24.0
Garinger High School,2025-07-17,Mecklenburg,33.0,36.0
Garinger High School,2025-07-18,Mecklenburg,33.0,41.0
Garinger High School,2025-07-19,Mecklenburg,42.0,26.0
Garinger High School,2025-07-20,Mecklenburg,36.0,36.0
Garinger High School,2025-07-21,Mecklenburg,40.0,51.5
Garinger High School,2025-07-22,Mecklenburg,32.0,39.0
Garinger High School,2025-07-23,Mecklenburg,49.0,52.0
Garinger High School,2025-07-24,Mecklenburg,44.0,51.5
Garinger High School,2025-07-25,Mecklenburg,45.0,28.0
Garinger High School,2025-07-26,Mecklenburg,64.0,39.0
Garinger High School,2025-07-27,Mecklenburg,44.0,46.0
Garinger High School,2025-07-28,Mecklenburg,44.0,26.0
Garinger High School,2025-07-29,Mecklenburg,42.0,23.0
Garinger High School,2025-07-30,Mecklenburg,46.0,41.5
Garinger High School,2025-07-31,Mecklenburg,45.0,26.0
Garinger High School,2025-08-01,Mecklenburg,37.0,31.0
Garinger High School,2025-08-02,Mecklenburg,24.0,18.0
Garinger High School,2025-08-03,Mecklenburg,33.0,38.0
Garinger High School,2025-08-04,Mecklenburg,36.0,45.0
Garinger High School,2025-08-05,Mecklenburg,33.0,26.0
Garinger High School,2025-08-06,Mecklenburg,24.0,21.0
Garinger High School,2025-08-07,Mecklenburg,29.0,44.0
Garinger High School,2025-08-08,Mecklenburg,34.0,74.5
Garinger High School,2025-08-09,Mecklenburg,32.0,57.0
Garinger High School,2025-08-10,Mecklenburg,26.0,31.0
Garinger High School,2025-08-11,Mecklenburg,17.0,8.5
Garinger High School,2025-08-12,Mecklenburg,22.0,20.0
Garinger High School,2025-08-13,Mecklenburg,21.0,27.0
Garinger High School,2025-08-14,Mecklenburg,31.0,23.5
Garinger High School,2025-08-15,Mecklenburg,42.0,36.0
Garinger High School,2025-08-16,Mecklenburg,43.0,51.0
Garinger High School,2025-08-17,Mecklenburg,45.0,51.5
Garinger High School,2025-08-18,Mecklenburg,43.0,52.0
Garinger High School,2025-08-19,Mecklenburg,41.0,42.0
Garinger High School,2025-08-20,Mecklenburg,41.0,43.0
Garinger High School,2025-08-21,Mecklenburg,39.0,42.0
Garinger High School,2025-08-22,Mecklenburg,25.0,16.0
Garinger High School,2025-08-23,Mecklenburg,31.0,34.5
Garinger High School,2025-08-24,Mecklenburg,46.0,36.0
Garinger High School,2025-08-25,Mecklenburg,45.0,32.0
Garinger High School,2025-08-26,Mecklenburg,41.0,34.0
Garinger High School,2025-08-27,Mecklenburg,45.0,29.0
Garinger High School,2025-08-28,Mecklenburg,45.0,46.0
Garinger High School,2025-08-29,Mecklenburg,49.0,48.5
Garinger High School,2025-08-30,Mecklenburg,44.0,52.0
Garinger High School,2025-08-31,Mecklenburg,37.0,40.0
Garinger High School,2025-09-01,Mecklenburg,39.0,30.5
Garinger High School,2025-09-02,Mecklenburg,43.0,34.0
Garinger High School,2025-09-03,Mecklenburg,47.0,50.0
Garinger High School,2025-09-04,Mecklenburg,38.0,50.0
Garinger High School,2025-09-05,Mecklenburg,42.0,54.0
Garinger High School,2025-09-06,Mecklenburg,36.0,54.0
Garinger High School,2025-09-07,Mecklenburg,27.0,36.0
Garinger High School,2025-09-08,Mecklenburg,40.0,28.0
Garinger High School,2025-09-09,Mecklenburg,48.0,29.0
Garinger High School,2025-09-10,Mecklenburg,43.0,35.5
Garinger High School,2025-09-11,Mecklenburg,47.0,40.0
Garinger High School,2025-09-12,Mecklenburg,48.0,50.0
Garinger High School,2025-09-13,Mecklenburg,44.0,52.5
Garinger High School,2025-09-14,Mecklenburg,48.0,53.0
Garinger High School,2025-09-15,Mecklenburg,48.0,52.0
Garinger High School,2025-09-16,Mecklenburg,45.0,40.0
Garinger High School,2025-09-17,Mecklenburg,46.0,47.0
Garinger High School,2025-09-18,Mecklenburg,64.0,52.0
Garinger High School,2025-09-19,Mecklenburg,67.0,57.0
Garinger High School,2025-09-20,Mecklenburg,77.0,59.0
Garinger High School,2025-09-21,Mecklenburg,48.0,57.0
Garinger High School,2025-09-22,Mecklenburg,45.0,55.0
Garinger High School,2025-09-23,Mecklenburg,49.0,55.0
Garinger High School,2025-09-24,Mecklenburg,42.0,56.0
Garinger High School,2025-09-25,Mecklenburg,33.0,40.5
Garinger High School,2025-09-26,Mecklenburg,31.0,26.0
Garinger High School,2025-09-27,Mecklenburg,34.0,28.0
Garinger High School,2025-09-28,Mecklenburg,36.0,28.5
Garinger High School,2025-09-29,Mecklenburg,29.0,30.0
Garinger High School,2025-09-30,Mecklenburg,40.0,39.0
Garinger High School,2025-10-01,Mecklenburg,44.0,45.0
Garinger High School,2025-10-02,Mecklenburg,35.0,37.0
Garinger High School,2025-10-03,Mecklenburg,35.0,32.0
Garinger High School,2025-10-04,Mecklenburg,34.0,48.5
Garinger High School,2025-10-05,Mecklenburg,30.0,35.0
Garinger High School,2025-10-06,Mecklenburg,27.0,34.0
Garinger High School,2025-10-07,Mecklenburg,31.0,21.0
Garinger High School,2025-10-08,Mecklenburg,28.0,19.0
Garinger High School,2025-10-09,Mecklenburg,40.0,23.0
Garinger High School,2025-10-10,Mecklenburg,31.0,26.5
Garinger High School,2025-10-11,Mecklenburg,30.0,22.0
Garinger High School,2025-10-12,Mecklenburg,28.0,9.0
Garinger High School,2025-10-13,Mecklenburg,35.0,10.5
Garinger High School,2025-10-14,Mecklenburg,38.0,14.0
Garinger High School,2025-10-15,Mecklenburg,44.0,28.0
Garinger High School,2025-10-16,Mecklenburg,39.0,26.5
Garinger High School,2025-10-17,Mecklenburg,44.0,48.0
Garinger High School,2025-10-18,Mecklenburg,42.0,52.0
Garinger High School,2025-10-19,Mecklenburg,37.0,30.5
Garinger High School,2025-10-20,Mecklenburg,33.0,25.0
Garinger High School,2025-10-21,Mecklenburg,42.0,50.0
Garinger High School,2025-10-22,Mecklenburg,38.0,29.0
Garinger High School,2025-10-23,Mecklenburg,38.0,28.0
Garinger High School,2025-10-24,Mecklenburg,38.0,
Garinger High School,2025-10-25,Mecklenburg,30.0,49.0
Garinger High School,2025-10-26,Mecklenburg,33.0,
Garinger High School,2025-10-27,Mecklenburg,28.0,
Garinger High School,2025-10-28,Mecklenburg,27.0,17.0
Garinger High School,2025-10-29,Mecklenburg,12.0,17.0
Garinger High School,2025-10-30,Mecklenburg,22.0,7.0
Garinger High School,2025-10-31,Mecklenburg,31.0,27.0
Garinger High School,2025-11-01,Mecklenburg,36.0,66.0
Garinger High School,2025-11-02,Mecklenburg,33.0,66.0
Garinger High School,2025-11-03,Mecklenburg,33.0,45.0
Garinger High School,2025-11-04,Mecklenburg,36.0,39.0
Garinger High School,2025-11-05,Mecklenburg,40.0,54.0
Garinger High School,2025-11-06,Mecklenburg,43.0,51.0
Garinger High School,2025-11-07,Mecklenburg,37.0,56.0
Garinger High School,2025-11-08,Mecklenburg,36.0,45.0
Garinger High School,2025-11-09,Mecklenburg,37.0,50.0
Garinger High School,2025-11-10,Mecklenburg,26.0,4.0
Garinger High School,2025-11-11,Mecklenburg,30.0,16.0
Garinger High School,2025-11-12,Mecklenburg,36.0,47.5
Garinger High School,2025-11-13,Mecklenburg,37.0,55.0
Garinger High School,2025-11-14,Mecklenburg,39.0,48.0
Garinger High School,2025-11-15,Mecklenburg,42.0,54.5
Garinger High School,2025-11-16,Mecklenburg,36.0,43.0
Garinger High School,2025-11-17,Mecklenburg,35.0,29.0
Garinger High School,2025-11-18,Mecklenburg,41.0,43.0
Garinger High School,2025-11-19,Mecklenburg,39.0,55.0
Garinger High School,2025-11-20,Mecklenburg,37.0,63.0
Garinger High School,2025-11-21,Mecklenburg,25.0,81.0
Garinger High School,2025-11-22,Mecklenburg,30.0,37.0
Garinger High School,2025-11-23,Mecklenburg,33.0,46.0
Garinger High School,2025-11-24,Mecklenburg,34.0,40.5
Garinger High School,2025-11-25,Mecklenburg,31.0,33.0
Garinger High School,2025-11-26,Mecklenburg,33.0,37.0
Garinger High School,2025-11-27,Mecklenburg,33.0,13.5
Garinger High School,2025-11-28,Mecklenburg,31.0,24.0
Garinger High School,2025-11-29,Mecklenburg,31.0,38.0
Garinger High School,2025-11-30,Mecklenburg,20.0,47.0
Garinger High School,2025-12-01,Mecklenburg,25.0,36.0
Garinger High School,2025-12-02,Mecklenburg,13.0,37.0
Garinger High School,2025-12-03,Mecklenburg,26.0,37.5
Garinger High School,2025-12-04,Mecklenburg,12.0,60.0
Garinger High School,2025-12-05,Mecklenburg,12.0,43.0
Garinger High School,2025-12-06,Mecklenburg,6.0,58.5
Garinger High School,2025-12-07,Mecklenburg,7.0,51.0
Garinger High School,2025-12-08,Mecklenburg,19.0,46.0
Garinger High School,2025-12-09,Mecklenburg,20.0,41.0
Garinger High School,2025-12-10,Mecklenburg,30.0,39.0
Garinger High School,2025-12-11,Mecklenburg,27.0,15.0
Garinger High School,2025-12-12,Mecklenburg,27.0,33.0
Garinger High School,2025-12-13,Mecklenburg,31.0,59.0
Garinger High School,2025-12-14,Mecklenburg,33.0,32.0
Garinger High School,2025-12-15,Mecklenburg,27.0,29.5
Garinger High School,2025-12-16,Mecklenburg,26.0,54.0
Garinger High School,2025-12-17,Mecklenburg,30.0,59.0
Garinger High School,2025-12-18,Mecklenburg,26.0,52.0
Garinger High School,2025-12-19,Mecklenburg,32.0,14.0
Garinger High School,2025-12-20,Mecklenburg,33.0,27.0
Garinger High School,2025-12-21,Mecklenburg,31.0,36.5
Garinger High School,2025-12-22,Mecklenburg,34.0,23.0
Garinger High School,2025-12-23,Mecklenburg,37.0,33.0
Garinger High School,2025-12-24,Mecklenburg,30.0,59.0
Garinger High School,2025-12-25,Mecklenburg,30.0,54.0
Garinger High School,2025-12-26,Mecklenburg,24.0,54.0
Garinger High School,2025-12-27,Mecklenburg,27.0,57.5
Garinger High School,2025-12-28,Mecklenburg,17.0,45.0
Garinger High School,2025-12-29,Mecklenburg,30.0,24.0
Garinger High School,2025-12-30,Mecklenburg,27.0,17.5
Garinger High School,2025-12-31,Mecklenburg,34.0,31.0
Hattie Avenue,2024-01-01,Forsyth,,48.0
Hattie Avenue,2024-01-02,Forsyth,,33.0
Hattie Avenue,2024-01-03,Forsyth,,56.0
Hattie Avenue,2024-01-04,Forsyth,,28.0
Hattie Avenue,2024-01-05,Forsyth,,46.0
Hattie Avenue,2024-01-06,Forsyth,,51.0
Hattie Avenue,2024-01-07,Forsyth,,23.0
Hattie Avenue,2024-01-08,Forsyth,,26.0
Hattie Avenue,2024-01-09,Forsyth,,22.0
Hattie Avenue,2024-01-10,Forsyth,,19.0
Hattie Avenue,2024-01-11,Forsyth,,49.0
Hattie Avenue,2024-01-12,Forsyth,,49.0
Hattie Avenue,2024-01-13,Forsyth,,24.0
Hattie Avenue,2024-01-14,Forsyth,,25.0
Hattie Avenue,2024-01-15,Forsyth,,33.0
Hattie Avenue,2024-01-16,Forsyth,,29.5
Hattie Avenue,2024-01-17,Forsyth,,26.0
Hattie Avenue,2024-01-18,Forsyth,,41.0
Hattie Avenue,2024-01-19,Forsyth,,33.5
Hattie Avenue,2024-01-20,Forsyth,,29.0
Hattie Avenue,2024-01-21,Forsyth,,28.0
Hattie Avenue,2024-01-22,Forsyth,,59.0
Hattie Avenue,2024-01-23,Forsyth,,63.0
Hattie Avenue,2024-01-24,Forsyth,,55.0
Hattie Avenue,2024-01-25,Forsyth,,15.5
Hattie Avenue,2024-01-26,Forsyth,,36.0
Hattie Avenue,2024-01-27,Forsyth,,24.0
Hattie Avenue,2024-01-28,Forsyth,,5.5
Hattie Avenue,2024-01-29,Forsyth,,4.0
Hattie Avenue,2024-01-30,Forsyth,,28.0
Hattie Avenue,2024-01-31,Forsyth,,34.0
Hattie Avenue,2024-02-01,Forsyth,,28.0
Hattie Avenue,2024-02-02,Forsyth,,40.0
Hattie Avenue,2024-02-03,Forsyth,,29.5
Hattie Avenue,2024-02-04,Forsyth,,37.0
Hattie Avenue,2024-02-05,Forsyth,,27.0
Hattie Avenue,2024-02-06,Forsyth,,33.5
Hattie Avenue,2024-02-07,Forsyth,,32.0
Hattie Avenue,2024-02-08,Forsyth,,55.0
Hattie Avenue,2024-02-09,Forsyth,,70.5
Hattie Avenue,2024-02-10,Forsyth,,74.0
Hattie Avenue,2024-02-11,Forsyth,,25.0
Hattie Avenue,2024-02-12,Forsyth,,25.0
Hattie Avenue,2024-02-13,Forsyth,,14.0
Hattie Avenue,2024-02-14,Forsyth,,26.0
Hattie Avenue,2024-02-15,Forsyth,,37.0
Hattie Avenue,2024-02-16,Forsyth,,41.0
Hattie Avenue,2024-02-17,Forsyth,,31.0
Hattie Avenue,2024-02-18,Forsyth,,27.0
Hattie Avenue,2024-02-19,Forsyth,,30.0
Hattie Avenue,2024-02-20,Forsyth,,48.0
Hattie Avenue,2024-02-21,Forsyth,,55.0
Hattie Avenue,2024-02-22,Forsyth,,88.0
Hattie Avenue,2024-02-23,Forsyth,,79.0
Hattie Avenue,2024-02-24,Forsyth,,20.5
Hattie Avenue,2024-02-25,Forsyth,,24.0
Hattie Avenue,2024-02-26,Forsyth,,59.0
Hattie Avenue,2024-02-27,Forsyth,,66.0
Hattie Avenue,2024-02-28,Forsyth,,50.0
Hattie Avenue,2024-02-29,Forsyth,,19.0
Hattie Avenue,2024-03-01,Forsyth,27.0,39.5
Hattie Avenue,2024-03-02,Forsyth,35.0,14.0
Hattie Avenue,2024-03-03,Forsyth,35.0,51.0
Hattie Avenue,2024-03-04,Forsyth,36.0,46.5
Hattie Avenue,2024-03-05,Forsyth,40.0,34.0
Hattie Avenue,2024-03-06,Forsyth,23.0,41.0
Hattie Avenue,2024-03-07,Forsyth,36.0,19.5
Hattie Avenue,2024-03-08,Forsyth,32.0,22.0
Hattie Avenue,2024-03-09,Forsyth,23.0,16.0
Hattie Avenue,2024-03-10,Forsyth,39.0,9.5
Hattie Avenue,2024-03-11,Forsyth,43.0,11.0
Hattie Avenue,2024-03-12,Forsyth,42.0,23.0
Hattie Avenue,2024-03-13,Forsyth,50.0,50.0
Hattie Avenue,2024-03-14,Forsyth,80.0,71.0
Hattie Avenue,2024-03-15,Forsyth,35.0,111.0
Hattie Avenue,2024-03-16,Forsyth,43.0,47.0
Hattie Avenue,2024-03-17,Forsyth,42.0,27.0
Hattie Avenue,2024-03-18,Forsyth,44.0,17.0
Hattie Avenue,2024-03-19,Forsyth,36.0,22.0
Hattie Avenue,2024-03-20,Forsyth,44.0,38.0
Hattie Avenue,2024-03-21,Forsyth,47.0,24.0
Hattie Avenue,2024-03-22,Forsyth,32.0,54.0
Hattie Avenue,2024-03-23,Forsyth,40.0,18.0
Hattie Avenue,2024-03-24,Forsyth,44.0,23.0
Hattie Avenue,2024-03-25,Forsyth,48.0,29.0
Hattie Avenue,2024-03-26,Forsyth,33.0,42.0
Hattie Avenue,2024-03-27,Forsyth,25.0,19.0
Hattie Avenue,2024-03-28,Forsyth,44.0,21.5
Hattie Avenue,2024-03-29,Forsyth,47.0,32.0
Hattie Avenue,2024-03-30,Forsyth,54.0,41.0
Hattie Avenue,2024-03-31,Forsyth,49.0,50.5
Hattie Avenue,2024-04-01,Forsyth,45.0,58.0
Hattie Avenue,2024-04-02,Forsyth,45.0,65.0
Hattie Avenue,2024-04-03,Forsyth,43.0,39.0
Hattie Avenue,2024-04-04,Forsyth,37.0,11.0
Hattie Avenue,2024-04-05,Forsyth,35.0,12.0
Hattie Avenue,2024-04-06,Forsyth,41.0,14.0
Hattie Avenue,2024-04-07,Forsyth,47.0,22.0
Hattie Avenue,2024-04-08,Forsyth,49.0,52.0
Hattie Avenue,2024-04-09,Forsyth,33.0,52.0
Hattie Avenue,2024-04-10,Forsyth,36.0,54.0
Hattie Avenue,2024-04-11,Forsyth,38.0,28.0
Hattie Avenue,2024-04-12,Forsyth,44.0,16.0
Hattie Avenue,2024-04-13,Forsyth,45.0,17.0
Hattie Avenue,2024-04-14,Forsyth,58.0,37.0
Hattie Avenue,2024-04-15,Forsyth,64.0,53.0
Hattie Avenue,2024-04-16,Forsyth,67.0,61.0
Hattie Avenue,2024-04-17,Forsyth,51.0,67.0
Hattie Avenue,2024-04-18,Forsyth,44.0,43.5
Hattie Avenue,2024-04-19,Forsyth,46.0,59.0
Hattie Avenue,2024-04-20,Forsyth,37.0,52.0
Hattie Avenue,2024-04-21,Forsyth,29.0,25.0
Hattie Avenue,2024-04-22,Forsyth,43.0,23.0
Hattie Avenue,2024-04-23,Forsyth,46.0,35.0
Hattie Avenue,2024-04-24,Forsyth,42.0,41.5
Hattie Avenue,2024-04-25,Forsyth,61.0,31.0
Hattie Avenue,2024-04-26,Forsyth,44.0,51.0
Hattie Avenue,2024-04-27,Forsyth,45.0,51.0
Hattie Avenue,2024-04-28,Forsyth,44.0,43.0
Hattie Avenue,2024-04-29,Forsyth,61.0,44.0
Hattie Avenue,2024-04-30,Forsyth,41.0,41.5
Hattie Avenue,2024-05-01,Forsyth,46.0,29.0
Hattie Avenue,2024-05-02,Forsyth,87.0,45.0
Hattie Avenue,2024-05-03,Forsyth,51.0,55.5
Hattie Avenue,2024-05-04,Forsyth,18.0,41.0
Hattie Avenue,2024-05-05,Forsyth,23.0,17.0
Hattie Avenue,2024-05-06,Forsyth,36.0,40.0
Hattie Avenue,2024-05-07,Forsyth,33.0,47.0
Hattie Avenue,2024-05-08,Forsyth,29.0,55.0
Hattie Avenue,2024-05-09,Forsyth,43.0,26.5
Hattie Avenue,2024-05-10,Forsyth,42.0,23.0
Hattie Avenue,2024-05-11,Forsyth,40.0,21.0
Hattie Avenue,2024-05-12,Forsyth,44.0,37.5
Hattie Avenue,2024-05-13,Forsyth,43.0,36.0
Hattie Avenue,2024-05-14,Forsyth,30.0,25.0
Hattie Avenue,2024-05-15,Forsyth,32.0,27.5
Hattie Avenue,2024-05-16,Forsyth,44.0,26.0
Hattie Avenue,2024-05-17,Forsyth,35.0,38.0
Hattie Avenue,2024-05-18,Forsyth,36.0,37.0
Hattie Avenue,2024-05-19,Forsyth,39.0,20.0
Hattie Avenue,2024-05-20,Forsyth,43.0,37.0
Hattie Avenue,2024-05-21,Forsyth,64.0,46.0
Hattie Avenue,2024-05-22,Forsyth,61.0,53.0
Hattie Avenue,2024-05-23,Forsyth,43.0,54.0
Hattie Avenue,2024-05-24,Forsyth,42.0,31.5
Hattie Avenue,2024-05-25,Forsyth,44.0,34.0
Hattie Avenue,2024-05-26,Forsyth,48.0,49.0
Hattie Avenue,2024-05-27,Forsyth,47.0,40.0
Hattie Avenue,2024-05-28,Forsyth,44.0,28.0
Hattie Avenue,2024-05-29,Forsyth,48.0,23.0
Hattie Avenue,2024-05-30,Forsyth,42.0,24.5
Hattie Avenue,2024-05-31,Forsyth,58.0,27.0
Hattie Avenue,2024-06-01,Forsyth,54.0,43.0
Hattie Avenue,2024-06-02,Forsyth,43.0,41.5
Hattie Avenue,2024-06-03,Forsyth,39.0,52.0
Hattie Avenue,2024-06-04,Forsyth,46.0,53.0
Hattie Avenue,2024-06-05,Forsyth,37.0,50.5
Hattie Avenue,2024-06-06,Forsyth,40.0,41.0
Hattie Avenue,2024-06-07,Forsyth,48.0,29.0
Hattie Avenue,2024-06-08,Forsyth,67.0,33.5
Hattie Avenue,2024-06-09,Forsyth,43.0,39.0
Hattie Avenue,2024-06-10,Forsyth,47.0,22.0
Hattie Avenue,2024-06-11,Forsyth,44.0,43.0
Hattie Avenue,2024-06-12,Forsyth,71.0,56.0
Hattie Avenue,2024-06-13,Forsyth,64.0,58.0
Hattie Avenue,2024-06-14,Forsyth,54.0,61.5
Hattie Avenue,2024-06-15,Forsyth,77.0,57.0
Hattie Avenue,2024-06-16,Forsyth,45.0,52.0
Hattie Avenue,2024-06-17,Forsyth,46.0,56.0
Hattie Avenue,2024-06-18,Forsyth,50.0,56.0
Hattie Avenue,2024-06-19,Forsyth,71.0,50.0
Hattie Avenue,2024-06-20,Forsyth,58.0,47.5
Hattie Avenue,2024-06-21,Forsyth,67.0,54.0
Hattie Avenue,2024-06-22,Forsyth,36.0,43.0
Hattie Avenue,2024-06-23,Forsyth,39.0,44.5
Hattie Avenue,2024-06-24,Forsyth,61.0,38.0
Hattie Avenue,2024-06-25,Forsyth,71.0,43.0
Hattie Avenue,2024-06-26,Forsyth,105.0,61.0
Hattie Avenue,2024-06-27,Forsyth,49.0,53.0
Hattie Avenue,2024-06-28,Forsyth,77.0,55.0
Hattie Avenue,2024-06-29,Forsyth,39.0,50.0
Hattie Avenue,2024-06-30,Forsyth,37.0,46.0
Hattie Avenue,2024-07-01,Forsyth,48.0,37.0
Hattie Avenue,2024-07-02,Forsyth,84.0,24.0
Hattie Avenue,2024-07-03,Forsyth,67.0,49.0
Hattie Avenue,2024-07-04,Forsyth,46.0,68.0
Hattie Avenue,2024-07-05,Forsyth,41.0,57.0
Hattie Avenue,2024-07-06,Forsyth,46.0,35.0
Hattie Avenue,2024-07-07,Forsyth,31.0,39.0
Hattie Avenue,2024-07-08,Forsyth,58.0,46.0
Hattie Avenue,2024-07-09,Forsyth,64.0,43.0
Hattie Avenue,2024-07-10,Forsyth,48.0,35.0
Hattie Avenue,2024-07-11,Forsyth,61.0,26.5
Hattie Avenue,2024-07-12,Forsyth,32.0,30.0
Hattie Avenue,2024-07-13,Forsyth,51.0,29.0
Hattie Avenue,2024-07-14,Forsyth,50.0,55.5
Hattie Avenue,2024-07-15,Forsyth,64.0,58.0
Hattie Avenue,2024-07-16,Forsyth,47.0,59.0
Hattie Avenue,2024-07-17,Forsyth,45.0,50.5
Hattie Avenue,2024-07-18,Forsyth,44.0,39.0
Hattie Avenue,2024-07-19,Forsyth,46.0,46.0
Hattie Avenue,2024-07-20,Forsyth,32.0,26.0
Hattie Avenue,2024-07-21,Forsyth,37.0,27.0
Hattie Avenue,2024-07-22,Forsyth,38.0,27.0
Hattie Avenue,2024-07-23,Forsyth,41.0,30.0
Hattie Avenue,2024-07-24,Forsyth,38.0,40.0
Hattie Avenue,2024-07-25,Forsyth,27.0,26.0
Hattie Avenue,2024-07-26,Forsyth,38.0,50.5
Hattie Avenue,2024-07-27,Forsyth,49.0,63.0
Hattie Avenue,2024-07-28,Forsyth,47.0,62.0
Hattie Avenue,2024-07-29,Forsyth,33.0,54.0
Hattie Avenue,2024-07-30,Forsyth,47.0,43.0
Hattie Avenue,2024-07-31,Forsyth,47.0,44.0
Hattie Avenue,2024-08-01,Forsyth,46.0,42.0
Hattie Avenue,2024-08-02,Forsyth,37.0,54.0
Hattie Avenue,2024-08-03,Forsyth,38.0,62.0
Hattie Avenue,2024-08-04,Forsyth,41.0,41.0
Hattie Avenue,2024-08-05,Forsyth,47.0,46.0
Hattie Avenue,2024-08-06,Forsyth,26.0,22.0
Hattie Avenue,2024-08-07,Forsyth,26.0,31.5
Hattie Avenue,2024-08-08,Forsyth,30.0,15.0
Hattie Avenue,2024-08-09,Forsyth,32.0,28.0
Hattie Avenue,2024-08-10,Forsyth,44.0,53.5
Hattie Avenue,2024-08-11,Forsyth,77.0,53.0
Hattie Avenue,2024-08-12,Forsyth,44.0,47.0
Hattie Avenue,2024-08-13,Forsyth,28.0,43.0
Hattie Avenue,2024-08-14,Forsyth,46.0,52.0
Hattie Avenue,2024-08-15,Forsyth,47.0,54.0
Hattie Avenue,2024-08-16,Forsyth,51.0,58.0
Hattie Avenue,2024-08-17,Forsyth,39.0,42.0
Hattie Avenue,2024-08-18,Forsyth,40.0,39.0
Hattie Avenue,2024-08-19,Forsyth,32.0,27.0
Hattie Avenue,2024-08-20,Forsyth,38.0,47.0
Hattie Avenue,2024-08-21,Forsyth,43.0,43.0
Hattie Avenue,2024-08-22,Forsyth,54.0,52.0
Hattie Avenue,2024-08-23,Forsyth,48.0,52.0
Hattie Avenue,2024-08-24,Forsyth,45.0,56.0
Hattie Avenue,2024-08-25,Forsyth,49.0,57.0
Hattie Avenue,2024-08-26,Forsyth,105.0,64.0
Hattie Avenue,2024-08-27,Forsyth,112.0,69.0
Hattie Avenue,2024-08-28,Forsyth,71.0,68.0
Hattie Avenue,2024-08-29,Forsyth,67.0,66.0
Hattie Avenue,2024-08-30,Forsyth,64.0,55.0
Hattie Avenue,2024-08-31,Forsyth,46.0,54.5
Hattie Avenue,2024-09-01,Forsyth,39.0,37.0
Hattie Avenue,2024-09-02,Forsyth,37.0,43.0
Hattie Avenue,2024-09-03,Forsyth,33.0,21.0
Hattie Avenue,2024-09-04,Forsyth,41.0,24.0
Hattie Avenue,2024-09-05,Forsyth,41.0,31.0
Hattie Avenue,2024-09-06,Forsyth,48.0,34.5
Hattie Avenue,2024-09-07,Forsyth,36.0,34.0
Hattie Avenue,2024-09-08,Forsyth,41.0,20.0
Hattie Avenue,2024-09-09,Forsyth,47.0,34.5
Hattie Avenue,2024-09-10,Forsyth,47.0,32.0
Hattie Avenue,2024-09-11,Forsyth,64.0,43.0
Hattie Avenue,2024-09-12,Forsyth,46.0,48.0
Hattie Avenue,2024-09-13,Forsyth,29.0,41.0
Hattie Avenue,2024-09-14,Forsyth,31.0,31.0
Hattie Avenue,2024-09-15,Forsyth,29.0,35.5
Hattie Avenue,2024-09-16,Forsyth,29.0,37.0
Hattie Avenue,2024-09-17,Forsyth,21.0,20.0
Hattie Avenue,2024-09-18,Forsyth,36.0,32.5
Hattie Avenue,2024-09-19,Forsyth,23.0,18.0
Hattie Avenue,2024-09-20,Forsyth,32.0,32.0
Hattie Avenue,2024-09-21,Forsyth,45.0,51.0
Hattie Avenue,2024-09-22,Forsyth,49.0,52.0
Hattie Avenue,2024-09-23,Forsyth,19.0,56.0
Hattie Avenue,2024-09-24,Forsyth,24.0,55.5
Hattie Avenue,2024-09-25,Forsyth,35.0,37.0
Hattie Avenue,2024-09-26,Forsyth,23.0,29.0
Hattie Avenue,2024-09-27,Forsyth,23.0,27.0
Hattie Avenue,2024-09-28,Forsyth,39.0,56.0
Hattie Avenue,2024-09-29,Forsyth,38.0,58.0
Hattie Avenue,2024-09-30,Forsyth,32.0,59.0
Hattie Avenue,2024-10-01,Forsyth,22.0,22.0
Hattie Avenue,2024-10-02,Forsyth,32.0,24.0
Hattie Avenue,2024-10-03,Forsyth,33.0,44.0
Hattie Avenue,2024-10-04,Forsyth,32.0,44.0
Hattie Avenue,2024-10-05,Forsyth,54.0,48.0
Hattie Avenue,2024-10-06,Forsyth,36.0,56.0
Hattie Avenue,2024-10-07,Forsyth,44.0,55.0
Hattie Avenue,2024-10-08,Forsyth,37.0,52.0
Hattie Avenue,2024-10-09,Forsyth,44.0,37.5
Hattie Avenue,2024-10-10,Forsyth,33.0,21.0
Hattie Avenue,2024-10-11,Forsyth,33.0,24.0
Hattie Avenue,2024-10-12,Forsyth,41.0,36.0
Hattie Avenue,2024-10-13,Forsyth,46.0,54.0
Hattie Avenue,2024-10-14,Forsyth,37.0,44.0
Hattie Avenue,2024-10-15,Forsyth,30.0,23.5
Hattie Avenue,2024-10-16,Forsyth,25.0,15.0
Hattie Avenue,2024-10-17,Forsyth,34.0,33.0
Hattie Avenue,2024-10-18,Forsyth,34.0,29.0
Hattie Avenue,2024-10-19,Forsyth,38.0,26.0
Hattie Avenue,2024-10-20,Forsyth,40.0,43.0
Hattie Avenue,2024-10-21,Forsyth,44.0,42.5
Hattie Avenue,2024-10-22,Forsyth,50.0,49.0
Hattie Avenue,2024-10-23,Forsyth,45.0,51.0
Hattie Avenue,2024-10-24,Forsyth,45.0,54.0
Hattie Avenue,2024-10-25,Forsyth,51.0,60.0
Hattie Avenue,2024-10-26,Forsyth,45.0,58.0
Hattie Avenue,2024-10-27,Forsyth,30.0,35.5
Hattie Avenue,2024-10-28,Forsyth,38.0,53.0
Hattie Avenue,2024-10-29,Forsyth,44.0,58.0
Hattie Avenue,2024-10-30,Forsyth,39.0,56.0
Hattie Avenue,2024-10-31,Forsyth,,49.0
Hattie Avenue,2024-11-01,Forsyth,,50.0
Hattie Avenue,2024-11-02,Forsyth,,37.5
Hattie Avenue,2024-11-03,Forsyth,,37.0
Hattie Avenue,2024-11-04,Forsyth,,33.0
Hattie Avenue,2024-11-05,Forsyth,,43.5
Hattie Avenue,2024-11-06,Forsyth,,46.0
Hattie Avenue,2024-11-07,Forsyth,,32.0
Hattie Avenue,2024-11-08,Forsyth,,47.0
Hattie Avenue,2024-11-09,Forsyth,,26.0
Hattie Avenue,2024-11-10,Forsyth,,36.0
Hattie Avenue,2024-11-11,Forsyth,,34.0
Hattie Avenue,2024-11-12,Forsyth,,24.0
Hattie Avenue,2024-11-13,Forsyth,,13.0
Hattie Avenue,2024-11-14,Forsyth,,20.5
Hattie Avenue,2024-11-15,Forsyth,,16.0
Hattie Avenue,2024-11-16,Forsyth,,28.0
Hattie Avenue,2024-11-17,Forsyth,,47.5
Hattie Avenue,2024-11-18,Forsyth,,55.0
Hattie Avenue,2024-11-19,Forsyth,,55.0
Hattie Avenue,2024-11-20,Forsyth,,34.5
Hattie Avenue,2024-11-21,Forsyth,,10.0
Hattie Avenue,2024-11-22,Forsyth,,12.0
Hattie Avenue,2024-11-23,Forsyth,,7.5
Hattie Avenue,2024-11-24,Forsyth,,44.0
Hattie Avenue,2024-11-25,Forsyth,,55.0
Hattie Avenue,2024-11-26,Forsyth,,46.0
Hattie Avenue,2024-11-27,Forsyth,,52.0
Hattie Avenue,2024-11-28,Forsyth,,52.0
Hattie Avenue,2024-11-29,Forsyth,,32.0
Hattie Avenue,2024-11-30,Forsyth,,27.0
Hattie Avenue,2024-12-01,Forsyth,,34.0
Hattie Avenue,2024-12-02,Forsyth,,33.0
Hattie Avenue,2024-12-03,Forsyth,,33.0
Hattie Avenue,2024-12-04,Forsyth,,55.0
Hattie Avenue,2024-12-05,Forsyth,,49.0
Hattie Avenue,2024-12-06,Forsyth,,26.0
Hattie Avenue,2024-12-07,Forsyth,,52.0
Hattie Avenue,2024-12-08,Forsyth,,51.5
Hattie Avenue,2024-12-09,Forsyth,,57.0
Hattie Avenue,2024-12-10,Forsyth,,57.0
Hattie Avenue,2024-12-11,Forsyth,,18.5
Hattie Avenue,2024-12-12,Forsyth,,36.0
Hattie Avenue,2024-12-13,Forsyth,,57.0
Hattie Avenue,2024-12-14,Forsyth,,50.5
Hattie Avenue,2024-12-15,Forsyth,,42.0
Hattie Avenue,2024-12-16,Forsyth,,45.0
Hattie Avenue,2024-12-17,Forsyth,,45.5
Hattie Avenue,2024-12-18,Forsyth,,51.0
Hattie Avenue,2024-12-19,Forsyth,,16.0
Hattie Avenue,2024-12-20,Forsyth,,27.5
Hattie Avenue,2024-12-21,Forsyth,,13.0
Hattie Avenue,2024-12-22,Forsyth,,41.0
Hattie Avenue,2024-12-23,Forsyth,,57.5
Hattie Avenue,2024-12-24,Forsyth,,61.0
Hattie Avenue,2024-12-25,Forsyth,,47.0
Hattie Avenue,2024-12-26,Forsyth,,56.0
Hattie Avenue,2024-12-27,Forsyth,,58.0
Hattie Avenue,2024-12-28,Forsyth,,27.0
Hattie Avenue,2024-12-29,Forsyth,,20.5
Hattie Avenue,2024-12-30,Forsyth,,32.0
Hattie Avenue,2024-12-31,Forsyth,,54.0
Hattie Avenue,2025-01-01,Forsyth,,7.0
Hattie Avenue,2025-01-02,Forsyth,,22.0
Hattie Avenue,2025-01-03,Forsyth,,23.0
Hattie Avenue,2025-01-04,Forsyth,,15.0
Hattie Avenue,2025-01-05,Forsyth,,28.0
Hattie Avenue,2025-01-06,Forsyth,,39.0
Hattie Avenue,2025-01-07,Forsyth,,17.0
Hattie Avenue,2025-01-08,Forsyth,,28.0
Hattie Avenue,2025-01-09,Forsyth,,31.0
Hattie Avenue,2025-01-10,Forsyth,,48.0
Hattie Avenue,2025-01-11,Forsyth,,56.0
Hattie Avenue,2025-01-12,Forsyth,,50.0
Hattie Avenue,2025-01-13,Forsyth,,48.5
Hattie Avenue,2025-01-14,Forsyth,,21.0
Hattie Avenue,2025-01-15,Forsyth,,43.0
Hattie Avenue,2025-01-16,Forsyth,,50.5
Hattie Avenue,2025-01-17,Forsyth,,41.0
Hattie Avenue,2025-01-18,Forsyth,,54.0
Hattie Avenue,2025-01-19,Forsyth,,51.0
Hattie Avenue,2025-01-20,Forsyth,,21.0
Hattie Avenue,2025-01-21,Forsyth,,29.0
Hattie Avenue,2025-01-22,Forsyth,,41.5
Hattie Avenue,2025-01-23,Forsyth,,63.0
Hattie Avenue,2025-01-24,Forsyth,,62.0
Hattie Avenue,2025-01-25,Forsyth,,55.0
Hattie Avenue,2025-01-26,Forsyth,,55.0
Hattie Avenue,2025-01-27,Forsyth,,55.0
Hattie Avenue,2025-01-28,Forsyth,,28.5
Hattie Avenue,2025-01-29,Forsyth,,30.0
Hattie Avenue,2025-01-30,Forsyth,,31.0
Hattie Avenue,2025-01-31,Forsyth,,56.5
Hattie Avenue,2025-02-01,Forsyth,,28.0
Hattie Avenue,2025-02-02,Forsyth,,31.0
Hattie Avenue,2025-02-03,Forsyth,,55.0
Hattie Avenue,2025-02-04,Forsyth,,53.0
Hattie Avenue,2025-02-05,Forsyth,,32.0
Hattie Avenue,2025-02-06,Forsyth,,58.5
Hattie Avenue,2025-02-07,Forsyth,,39.0
Hattie Avenue,2025-02-08,Forsyth,,35.0
Hattie Avenue,2025-02-09,Forsyth,,38.0
Hattie Avenue,2025-02-10,Forsyth,,32.0
Hattie Avenue,2025-02-11,Forsyth,,52.0
Hattie Avenue,2025-02-12,Forsyth,,8.5
Hattie Avenue,2025-02-13,Forsyth,,22.0
Hattie Avenue,2025-02-14,Forsyth,,33.0
Hattie Avenue,2025-02-15,Forsyth,,39.0
Hattie Avenue,2025-02-16,Forsyth,,16.0
Hattie Avenue,2025-02-17,Forsyth,,19.0
Hattie Avenue,2025-02-18,Forsyth,,25.0
Hattie Avenue,2025-02-19,Forsyth,,30.0
Hattie Avenue,2025-02-20,Forsyth,,32.0
Hattie Avenue,2025-02-21,Forsyth,,16.5
Hattie Avenue,2025-02-22,Forsyth,,30.0
Hattie Avenue,2025-02-23,Forsyth,,33.0
Hattie Avenue,2025-02-24,Forsyth,,42.0
Hattie Avenue,2025-02-25,Forsyth,46.0,58.0
Hattie Avenue,2025-02-26,Forsyth,54.0,33.0
Hattie Avenue,2025-02-27,Forsyth,44.0,55.5
Hattie Avenue,2025-02-28,Forsyth,44.0,14.0
Hattie Avenue,2025-03-01,Forsyth,47.0,29.0
Hattie Avenue,2025-03-02,Forsyth,41.0,21.5
Hattie Avenue,2025-03-03,Forsyth,44.0,33.0
Hattie Avenue,2025-03-04,Forsyth,44.0,34.0
Hattie Avenue,2025-03-05,Forsyth,44.0,33.0
Hattie Avenue,2025-03-06,Forsyth,35.0,10.0
Hattie Avenue,2025-03-07,Forsyth,33.0,25.0
Hattie Avenue,2025-03-08,Forsyth,41.0,46.5
Hattie Avenue,2025-03-09,Forsyth,44.0,24.0
Hattie Avenue,2025-03-10,Forsyth,44.0,34.0
Hattie Avenue,2025-03-11,Forsyth,64.0,30.0
Hattie Avenue,2025-03-12,Forsyth,84.0,52.0
Hattie Avenue,2025-03-13,Forsyth,80.0,63.0
Hattie Avenue,2025-03-14,Forsyth,50.0,66.0
Hattie Avenue,2025-03-15,Forsyth,37.0,63.0
Hattie Avenue,2025-03-16,Forsyth,41.0,46.0
Hattie Avenue,2025-03-17,Forsyth,33.0,21.5
Hattie Avenue,2025-03-18,Forsyth,44.0,19.0
Hattie Avenue,2025-03-19,Forsyth,67.0,52.0
Hattie Avenue,2025-03-20,Forsyth,40.0,58.5
Hattie Avenue,2025-03-21,Forsyth,44.0,22.0
Hattie Avenue,2025-03-22,Forsyth,50.0,53.0
Hattie Avenue,2025-03-23,Forsyth,50.0,28.0
Hattie Avenue,2025-03-24,Forsyth,41.0,55.0
Hattie Avenue,2025-03-25,Forsyth,49.0,16.0
Hattie Avenue,2025-03-26,Forsyth,46.0,19.5
Hattie Avenue,2025-03-27,Forsyth,51.0,28.0
Hattie Avenue,2025-03-28,Forsyth,77.0,54.0
Hattie Avenue,2025-03-29,Forsyth,46.0,41.5
Hattie Avenue,2025-03-30,Forsyth,44.0,39.0
Hattie Avenue,2025-03-31,Forsyth,31.0,33.0
Hattie Avenue,2025-04-01,Forsyth,34.0,10.5
Hattie Avenue,2025-04-02,Forsyth,32.0,37.0
Hattie Avenue,2025-04-03,Forsyth,29.0,51.0
Hattie Avenue,2025-04-04,Forsyth,38.0,53.0
Hattie Avenue,2025-04-05,Forsyth,38.0,52.0
Hattie Avenue,2025-04-06,Forsyth,45.0,37.0
Hattie Avenue,2025-04-07,Forsyth,28.0,30.0
Hattie Avenue,2025-04-08,Forsyth,49.0,23.0
Hattie Avenue,2025-04-09,Forsyth,49.0,23.0
Hattie Avenue,2025-04-10,Forsyth,40.0,47.5
Hattie Avenue,2025-04-11,Forsyth,35.0,27.0
Hattie Avenue,2025-04-12,Forsyth,40.0,36.0
Hattie Avenue,2025-04-13,Forsyth,47.0,25.0
Hattie Avenue,2025-04-14,Forsyth,71.0,53.0
Hattie Avenue,2025-04-15,Forsyth,44.0,35.0
Hattie Avenue,2025-04-16,Forsyth,47.0,30.0
Hattie Avenue,2025-04-17,Forsyth,67.0,34.0
Hattie Avenue,2025-04-18,Forsyth,90.0,55.0
Hattie Avenue,2025-04-19,Forsyth,46.0,58.0
Hattie Avenue,2025-04-20,Forsyth,47.0,61.0
Hattie Avenue,2025-04-21,Forsyth,47.0,54.0
Hattie Avenue,2025-04-22,Forsyth,37.0,53.0
Hattie Avenue,2025-04-23,Forsyth,67.0,39.0
Hattie Avenue,2025-04-24,Forsyth,40.0,55.0
Hattie Avenue,2025-04-25,Forsyth,40.0,60.0
Hattie Avenue,2025-04-26,Forsyth,38.0,38.0
Hattie Avenue,2025-04-27,Forsyth,50.0,33.0
Hattie Avenue,2025-04-28,Forsyth,58.0,38.0
Hattie Avenue,2025-04-29,Forsyth,49.0,47.0
Hattie Avenue,2025-04-30,Forsyth,44.0,53.0
Hattie Avenue,2025-05-01,Forsyth,45.0,54.0
Hattie Avenue,2025-05-02,Forsyth,48.0,51.0
Hattie Avenue,2025-05-03,Forsyth,35.0,46.0
Hattie Avenue,2025-05-04,Forsyth,44.0,23.5
Hattie Avenue,2025-05-05,Forsyth,47.0,33.0
Hattie Avenue,2025-05-06,Forsyth,47.0,29.0
Hattie Avenue,2025-05-07,Forsyth,45.0,38.0
Hattie Avenue,2025-05-08,Forsyth,49.0,41.0
Hattie Avenue,2025-05-09,Forsyth,46.0,30.0
Hattie Avenue,2025-05-10,Forsyth,49.0,28.0
Hattie Avenue,2025-05-11,Forsyth,36.0,42.0
Hattie Avenue,2025-05-12,Forsyth,25.0,25.0
Hattie Avenue,2025-05-13,Forsyth,42.0,24.5
Hattie Avenue,2025-05-14,Forsyth,41.0,24.0
Hattie Avenue,2025-05-15,Forsyth,51.0,51.0
Hattie Avenue,2025-05-16,Forsyth,35.0,55.5
Hattie Avenue,2025-05-17,Forsyth,44.0,27.0
Hattie Avenue,2025-05-18,Forsyth,44.0,23.0
Hattie Avenue,2025-05-19,Forsyth,45.0,32.5
Hattie Avenue,2025-05-20,Forsyth,58.0,34.0
Hattie Avenue,2025-05-21,Forsyth,40.0,34.0
Hattie Avenue,2025-05-22,Forsyth,46.0,16.5
Hattie Avenue,2025-05-23,Forsyth,37.0,13.0
Hattie Avenue,2025-05-24,Forsyth,43.0,23.0
Hattie Avenue,2025-05-25,Forsyth,45.0,33.5
Hattie Avenue,2025-05-26,Forsyth,25.0,28.0
Hattie Avenue,2025-05-27,Forsyth,31.0,12.0
Hattie Avenue,2025-05-28,Forsyth,26.0,12.0
Hattie Avenue,2025-05-29,Forsyth,31.0,33.0
Hattie Avenue,2025-05-30,Forsyth,41.0,19.0
Hattie Avenue,2025-05-31,Forsyth,43.0,52.0
Hattie Avenue,2025-06-01,Forsyth,45.0,58.0
Hattie Avenue,2025-06-02,Forsyth,67.0,29.0
Hattie Avenue,2025-06-03,Forsyth,64.0,53.0
Hattie Avenue,2025-06-04,Forsyth,64.0,61.0
Hattie Avenue,2025-06-05,Forsyth,30.0,43.0
Hattie Avenue,2025-06-06,Forsyth,41.0,46.0
Hattie Avenue,2025-06-07,Forsyth,35.0,25.0
Hattie Avenue,2025-06-08,Forsyth,36.0,23.0
Hattie Avenue,2025-06-09,Forsyth,49.0,23.0
Hattie Avenue,2025-06-10,Forsyth,42.0,24.0
Hattie Avenue,2025-06-11,Forsyth,67.0,52.0
Hattie Avenue,2025-06-12,Forsyth,80.0,59.5
Hattie Avenue,2025-06-13,Forsyth,35.0,19.0
Hattie Avenue,2025-06-14,Forsyth,33.0,17.0
Hattie Avenue,2025-06-15,Forsyth,32.0,23.5
Hattie Avenue,2025-06-16,Forsyth,33.0,21.0
Hattie Avenue,2025-06-17,Forsyth,39.0,21.0
Hattie Avenue,2025-06-18,Forsyth,39.0,21.5
Hattie Avenue,2025-06-19,Forsyth,37.0,22.0
Hattie Avenue,2025-06-20,Forsyth,67.0,26.0
Hattie Avenue,2025-06-21,Forsyth,74.0,42.5
Hattie Avenue,2025-06-22,Forsyth,46.0,38.0
Hattie Avenue,2025-06-23,Forsyth,50.0,41.0
Hattie Avenue,2025-06-24,Forsyth,44.0,62.0
Hattie Avenue,2025-06-25,Forsyth,41.0,62.0
Hattie Avenue,2025-06-26,Forsyth,71.0,53.0
Hattie Avenue,2025-06-27,Forsyth,50.0,53.0
Hattie Avenue,2025-06-28,Forsyth,44.0,51.0
Hattie Avenue,2025-06-29,Forsyth,46.0,41.0
Hattie Avenue,2025-06-30,Forsyth,44.0,53.0
Hattie Avenue,2025-07-01,Forsyth,49.0,44.0
Hattie Avenue,2025-07-02,Forsyth,32.0,26.0
Hattie Avenue,2025-07-03,Forsyth,49.0,52.0
Hattie Avenue,2025-07-04,Forsyth,50.0,70.0
Hattie Avenue,2025-07-05,Forsyth,48.0,66.0
Hattie Avenue,2025-07-06,Forsyth,19.0,46.5
Hattie Avenue,2025-07-07,Forsyth,41.0,51.0
Hattie Avenue,2025-07-08,Forsyth,58.0,60.0
Hattie Avenue,2025-07-09,Forsyth,50.0,54.5
Hattie Avenue,2025-07-10,Forsyth,38.0,26.0
Hattie Avenue,2025-07-11,Forsyth,48.0,41.0
Hattie Avenue,2025-07-12,Forsyth,47.0,46.5
Hattie Avenue,2025-07-13,Forsyth,33.0,44.0
Hattie Avenue,2025-07-14,Forsyth,45.0,41.0
Hattie Avenue,2025-07-15,Forsyth,43.0,39.0
Hattie Avenue,2025-07-16,Forsyth,40.0,32.0
Hattie Avenue,2025-07-17,Forsyth,36.0,38.0
Hattie Avenue,2025-07-18,Forsyth,38.0,33.5
Hattie Avenue,2025-07-19,Forsyth,32.0,23.0
Hattie Avenue,2025-07-20,Forsyth,30.0,36.0
Hattie Avenue,2025-07-21,Forsyth,32.0,45.5
Hattie Avenue,2025-07-22,Forsyth,44.0,52.0
Hattie Avenue,2025-07-23,Forsyth,51.0,59.0
Hattie Avenue,2025-07-24,Forsyth,50.0,55.5
Hattie Avenue,2025-07-25,Forsyth,43.0,56.0
Hattie Avenue,2025-07-26,Forsyth,44.0,55.0
Hattie Avenue,2025-07-27,Forsyth,31.0,34.0
Hattie Avenue,2025-07-28,Forsyth,43.0,28.0
Hattie Avenue,2025-07-29,Forsyth,47.0,33.0
Hattie Avenue,2025-07-30,Forsyth,54.0,45.5
Hattie Avenue,2025-07-31,Forsyth,46.0,29.0
Hattie Avenue,2025-08-01,Forsyth,36.0,29.0
Hattie Avenue,2025-08-02,Forsyth,35.0,27.0
Hattie Avenue,2025-08-03,Forsyth,32.0,48.0
Hattie Avenue,2025-08-04,Forsyth,42.0,47.0
Hattie Avenue,2025-08-05,Forsyth,36.0,41.0
Hattie Avenue,2025-08-06,Forsyth,30.0,37.0
Hattie Avenue,2025-08-07,Forsyth,26.0,66.0
Hattie Avenue,2025-08-08,Forsyth,39.0,81.5
Hattie Avenue,2025-08-09,Forsyth,36.0,60.0
Hattie Avenue,2025-08-10,Forsyth,36.0,48.0
Hattie Avenue,2025-08-11,Forsyth,22.0,30.0
Hattie Avenue,2025-08-12,Forsyth,21.0,21.0
Hattie Avenue,2025-08-13,Forsyth,24.0,29.0
Hattie Avenue,2025-08-14,Forsyth,30.0,28.0
Hattie Avenue,2025-08-15,Forsyth,44.0,42.0
Hattie Avenue,2025-08-16,Forsyth,45.0,52.0
Hattie Avenue,2025-08-17,Forsyth,37.0,53.5
Hattie Avenue,2025-08-18,Forsyth,46.0,51.0
Hattie Avenue,2025-08-19,Forsyth,35.0,37.0
Hattie Avenue,2025-08-20,Forsyth,32.0,43.0
Hattie Avenue,2025-08-21,Forsyth,38.0,35.0
Hattie Avenue,2025-08-22,Forsyth,32.0,23.0
Hattie Avenue,2025-08-23,Forsyth,35.0,36.0
Hattie Avenue,2025-08-24,Forsyth,39.0,39.0
Hattie Avenue,2025-08-25,Forsyth,37.0,30.0
Hattie Avenue,2025-08-26,Forsyth,39.0,29.0
Hattie Avenue,2025-08-27,Forsyth,43.0,29.0
Hattie Avenue,2025-08-28,Forsyth,54.0,42.0
Hattie Avenue,2025-08-29,Forsyth,44.0,45.0
Hattie Avenue,2025-08-30,Forsyth,43.0,39.0
Hattie Avenue,2025-08-31,Forsyth,43.0,34.0
Hattie Avenue,2025-09-01,Forsyth,40.0,25.5
Hattie Avenue,2025-09-02,Forsyth,44.0,23.0
Hattie Avenue,2025-09-03,Forsyth,45.0,37.0
Hattie Avenue,2025-09-04,Forsyth,41.0,51.0
Hattie Avenue,2025-09-05,Forsyth,46.0,55.0
Hattie Avenue,2025-09-06,Forsyth,36.0,61.0
Hattie Avenue,2025-09-07,Forsyth,27.0,39.5
Hattie Avenue,2025-09-08,Forsyth,41.0,24.0
Hattie Avenue,2025-09-09,Forsyth,46.0,22.0
Hattie Avenue,2025-09-10,Forsyth,41.0,27.0
Hattie Avenue,2025-09-11,Forsyth,46.0,31.0
Hattie Avenue,2025-09-12,Forsyth,50.0,39.0
Hattie Avenue,2025-09-13,Forsyth,46.0,43.0
Hattie Avenue,2025-09-14,Forsyth,61.0,51.0
Hattie Avenue,2025-09-15,Forsyth,46.0,54.0
Hattie Avenue,2025-09-16,Forsyth,43.0,41.0
Hattie Avenue,2025-09-17,Forsyth,42.0,41.0
Hattie Avenue,2025-09-18,Forsyth,45.0,30.0
Hattie Avenue,2025-09-19,Forsyth,87.0,51.5
Hattie Avenue,2025-09-20,Forsyth,61.0,55.0
Hattie Avenue,2025-09-21,Forsyth,49.0,57.0
Hattie Avenue,2025-09-22,Forsyth,49.0,55.5
Hattie Avenue,2025-09-23,Forsyth,64.0,58.0
Hattie Avenue,2025-09-24,Forsyth,54.0,59.0
Hattie Avenue,2025-09-25,Forsyth,32.0,43.5
Hattie Avenue,2025-09-26,Forsyth,37.0,26.0
Hattie Avenue,2025-09-27,Forsyth,39.0,17.0
Hattie Avenue,2025-09-28,Forsyth,41.0,28.5
Hattie Avenue,2025-09-29,Forsyth,39.0,38.0
Hattie Avenue,2025-09-30,Forsyth,39.0,41.0
Hattie Avenue,2025-10-01,Forsyth,41.0,47.0
Hattie Avenue,2025-10-02,Forsyth,38.0,34.0
Hattie Avenue,2025-10-03,Forsyth,35.0,28.0
Hattie Avenue,2025-10-04,Forsyth,46.0,43.5
Hattie Avenue,2025-10-05,Forsyth,34.0,30.0
Hattie Avenue,2025-10-06,Forsyth,43.0,28.0
Hattie Avenue,2025-10-07,Forsyth,33.0,29.0
Hattie Avenue,2025-10-08,Forsyth,32.0,20.0
Hattie Avenue,2025-10-09,Forsyth,38.0,20.0
Hattie Avenue,2025-10-10,Forsyth,33.0,27.0
Hattie Avenue,2025-10-11,Forsyth,31.0,24.0
Hattie Avenue,2025-10-12,Forsyth,28.0,13.0
Hattie Avenue,2025-10-13,Forsyth,32.0,13.0
Hattie Avenue,2025-10-14,Forsyth,35.0,19.0
Hattie Avenue,2025-10-15,Forsyth,39.0,22.0
Hattie Avenue,2025-10-16,Forsyth,37.0,29.5
Hattie Avenue,2025-10-17,Forsyth,43.0,23.0
Hattie Avenue,2025-10-18,Forsyth,50.0,55.0
Hattie Avenue,2025-10-19,Forsyth,39.0,29.5
Hattie Avenue,2025-10-20,Forsyth,32.0,20.0
Hattie Avenue,2025-10-21,Forsyth,44.0,41.0
Hattie Avenue,2025-10-22,Forsyth,36.0,20.5
Hattie Avenue,2025-10-23,Forsyth,37.0,26.0
Hattie Avenue,2025-10-24,Forsyth,37.0,23.0
Hattie Avenue,2025-10-25,Forsyth,36.0,36.0
Hattie Avenue,2025-10-26,Forsyth,32.0,35.0
Hattie Avenue,2025-10-27,Forsyth,31.0,30.0
Hattie Avenue,2025-10-28,Forsyth,27.0,19.0
Hattie Avenue,2025-10-29,Forsyth,15.0,18.0
Hattie Avenue,2025-10-30,Forsyth,25.0,10.0
Hattie Avenue,2025-10-31,Forsyth,32.0,22.0
Hattie Avenue,2025-11-01,Forsyth,35.0,46.0
Hattie Avenue,2025-11-02,Forsyth,39.0,56.0
Hattie Avenue,2025-11-03,Forsyth,35.0,39.0
Hattie Avenue,2025-11-04,Forsyth,,27.0
Hattie Avenue,2025-11-05,Forsyth,,54.0
Hattie Avenue,2025-11-06,Forsyth,,39.0
Hattie Avenue,2025-11-07,Forsyth,,58.0
Hattie Avenue,2025-11-08,Forsyth,,63.0
Hattie Avenue,2025-11-09,Forsyth,,55.5
Hattie Avenue,2025-11-10,Forsyth,,11.0
Hattie Avenue,2025-11-11,Forsyth,,15.0
Hattie Avenue,2025-11-12,Forsyth,,28.5
Hattie Avenue,2025-11-13,Forsyth,,24.0
Hattie Avenue,2025-11-14,Forsyth,,25.0
Hattie Avenue,2025-11-15,Forsyth,,54.5
Hattie Avenue,2025-11-16,Forsyth,,37.0
Hattie Avenue,2025-11-17,Forsyth,,16.0
Hattie Avenue,2025-11-18,Forsyth,,31.5
Hattie Avenue,2025-11-19,Forsyth,,52.0
Hattie Avenue,2025-11-20,Forsyth,,53.0
Hattie Avenue,2025-11-21,Forsyth,,84.5
Hattie Avenue,2025-11-22,Forsyth,,63.0
Hattie Avenue,2025-11-23,Forsyth,,29.0
Hattie Avenue,2025-11-24,Forsyth,,32.0
Hattie Avenue,2025-11-25,Forsyth,,56.0
Hattie Avenue,2025-11-26,Forsyth,,54.0
Hattie Avenue,2025-11-27,Forsyth,,16.5
Hattie Avenue,2025-11-28,Forsyth,,22.0
Hattie Avenue,2025-11-29,Forsyth,,39.0
Hattie Avenue,2025-11-30,Forsyth,,53.0
Hattie Avenue,2025-12-01,Forsyth,,42.0
Hattie Avenue,2025-12-02,Forsyth,,37.0
Hattie Avenue,2025-12-03,Forsyth,,35.5
Hattie Avenue,2025-12-04,Forsyth,,54.0
Hattie Avenue,2025-12-05,Forsyth,,37.0
Hattie Avenue,2025-12-06,Forsyth,,53.5
Hattie Avenue,2025-12-07,Forsyth,,56.0
Hattie Avenue,2025-12-08,Forsyth,,55.0
Hattie Avenue,2025-12-09,Forsyth,,38.0
Hattie Avenue,2025-12-10,Forsyth,,53.0
Hattie Avenue,2025-12-11,Forsyth,,18.0
Hattie Avenue,2025-12-12,Forsyth,,39.0
Hattie Avenue,2025-12-13,Forsyth,,64.0
Hattie Avenue,2025-12-14,Forsyth,,39.0
Hattie Avenue,2025-12-15,Forsyth,,22.5
Hattie Avenue,2025-12-16,Forsyth,,52.0
Hattie Avenue,2025-12-17,Forsyth,,78.0
Hattie Avenue,2025-12-18,Forsyth,,69.5
Hattie Avenue,2025-12-19,Forsyth,,14.0
Hattie Avenue,2025-12-20,Forsyth,,23.0
Hattie Avenue,2025-12-21,Forsyth,,31.0
Hattie Avenue,2025-12-22,Forsyth,,20.0
Hattie Avenue,2025-12-23,Forsyth,,37.0
Hattie Avenue,2025-12-24,Forsyth,,52.5
Hattie Avenue,2025-12-25,Forsyth,,54.0
Hattie Avenue,2025-12-26,Forsyth,,43.0
Hattie Avenue,2025-12-27,Forsyth,,50.0
Hattie Avenue,2025-12-28,Forsyth,,39.0
Hattie Avenue,2025-12-29,Forsyth,,26.0
Hattie Avenue,2025-12-30,Forsyth,,18.5
Hattie Avenue,2025-12-31,Forsyth,,18.0
Leggett,2024-01-01,Edgecombe,,38.0
Leggett,2024-01-02,Edgecombe,,18.0
Leggett,2024-01-03,Edgecombe,,41.0
Leggett,2024-01-04,Edgecombe,,38.0
Leggett,2024-01-05,Edgecombe,,21.0
Leggett,2024-01-06,Edgecombe,,25.0
Leggett,2024-01-07,Edgecombe,,11.0
Leggett,2024-01-08,Edgecombe,,19.0
Leggett,2024-01-09,Edgecombe,,38.0
Leggett,2024-01-10,Edgecombe,,3.0
Leggett,2024-01-11,Edgecombe,,33.0
Leggett,2024-01-12,Edgecombe,,45.0
Leggett,2024-01-13,Edgecombe,,0.0
Leggett,2024-01-14,Edgecombe,,27.0
Leggett,2024-01-15,Edgecombe,,22.0
Leggett,2024-01-16,Edgecombe,,31.0
Leggett,2024-01-17,Edgecombe,,19.0
Leggett,2024-01-18,Edgecombe,,39.0
Leggett,2024-01-19,Edgecombe,,27.0
Leggett,2024-01-20,Edgecombe,,19.0
Leggett,2024-01-25,Edgecombe,,17.0
Leggett,2024-01-26,Edgecombe,,18.0
Leggett,2024-01-27,Edgecombe,,19.0
Leggett,2024-01-28,Edgecombe,,14.0
Leggett,2024-01-29,Edgecombe,,8.0
Leggett,2024-01-30,Edgecombe,,20.0
Leggett,2024-01-31,Edgecombe,,21.0
Leggett,2024-02-01,Edgecombe,,30.0
Leggett,2024-02-02,Edgecombe,,31.0
Leggett,2024-02-03,Edgecombe,,4.0
Leggett,2024-02-04,Edgecombe,,27.0
Leggett,2024-02-05,Edgecombe,,27.0
Leggett,2024-02-06,Edgecombe,,19.0
Leggett,2024-02-07,Edgecombe,,21.0
Leggett,2024-02-08,Edgecombe,,17.0
Leggett,2024-02-09,Edgecombe,,70.0
Leggett,2024-02-10,Edgecombe,,61.0
Leggett,2024-02-11,Edgecombe,,51.0
Leggett,2024-02-12,Edgecombe,,19.0
Leggett,2024-02-13,Edgecombe,,9.0
Leggett,2024-02-14,Edgecombe,,16.0
Leggett,2024-02-15,Edgecombe,,33.0
Leggett,2024-02-16,Edgecombe,,30.0
Leggett,2024-02-17,Edgecombe,,24.0
Leggett,2024-02-18,Edgecombe,,22.0
Leggett,2024-02-19,Edgecombe,,31.0
Leggett,2024-02-20,Edgecombe,,33.0
Leggett,2024-02-21,Edgecombe,,20.0
Leggett,2024-02-22,Edgecombe,,55.0
Leggett,2024-02-23,Edgecombe,,59.0
Leggett,2024-02-24,Edgecombe,,38.0
Leggett,2024-03-01,Edgecombe,37.0,
Leggett,2024-03-02,Edgecombe,31.0,
Leggett,2024-03-03,Edgecombe,33.0,
Leggett,2024-03-04,Edgecombe,33.0,
Leggett,2024-03-05,Edgecombe,30.0,
Leggett,2024-03-06,Edgecombe,23.0,
Leggett,2024-03-07,Edgecombe,35.0,
Leggett,2024-03-08,Edgecombe,34.0,
Leggett,2024-03-09,Edgecombe,29.0,
Leggett,2024-03-10,Edgecombe,40.0,
Leggett,2024-03-11,Edgecombe,42.0,
Leggett,2024-03-12,Edgecombe,45.0,
Leggett,2024-03-13,Edgecombe,50.0,55.0
Leggett,2024-03-14,Edgecombe,67.0,59.0
Leggett,2024-03-15,Edgecombe,50.0,76.0
Leggett,2024-03-16,Edgecombe,39.0,37.0
Leggett,2024-03-17,Edgecombe,44.0,46.0
Leggett,2024-03-18,Edgecombe,43.0,13.0
Leggett,2024-03-19,Edgecombe,37.0,24.0
Leggett,2024-03-20,Edgecombe,49.0,46.0
Leggett,2024-03-21,Edgecombe,44.0,29.0
Leggett,2024-03-22,Edgecombe,40.0,46.0
Leggett,2024-03-23,Edgecombe,35.0,13.0
Leggett,2024-03-24,Edgecombe,40.0,16.0
Leggett,2024-03-25,Edgecombe,,29.0
Leggett,2024-03-26,Edgecombe,,37.0
Leggett,2024-03-28,Edgecombe,26.0,
Leggett,2024-03-29,Edgecombe,48.0,34.0
Leggett,2024-03-30,Edgecombe,51.0,51.0
Leggett,2024-03-31,Edgecombe,51.0,52.0
Leggett,2024-04-01,Edgecombe,44.0,56.0
Leggett,2024-04-02,Edgecombe,42.0,57.0
Leggett,2024-04-03,Edgecombe,30.0,42.0
Leggett,2024-04-04,Edgecombe,40.0,6.0
Leggett,2024-04-05,Edgecombe,40.0,4.0
Leggett,2024-04-06,Edgecombe,38.0,
Leggett,2024-04-07,Edgecombe,42.0,
Leggett,2024-04-08,Edgecombe,45.0,
Leggett,2024-04-09,Edgecombe,42.0,
Leggett,2024-04-10,Edgecombe,37.0,
Leggett,2024-04-11,Edgecombe,36.0,
Leggett,2024-04-12,Edgecombe,49.0,
Leggett,2024-04-13,Edgecombe,45.0,22.0
Leggett,2024-04-14,Edgecombe,50.0,33.0
Leggett,2024-04-15,Edgecombe,64.0,46.0
Leggett,2024-04-16,Edgecombe,46.0,38.0
Leggett,2024-04-17,Edgecombe,45.0,54.0
Leggett,2024-04-18,Edgecombe,44.0,39.0
Leggett,2024-04-19,Edgecombe,38.0,31.0
Leggett,2024-04-20,Edgecombe,25.0,46.0
Leggett,2024-04-21,Edgecombe,29.0,15.0
Leggett,2024-04-22,Edgecombe,37.0,27.0
Leggett,2024-04-23,Edgecombe,48.0,23.0
Leggett,2024-04-24,Edgecombe,38.0,44.0
Leggett,2024-04-25,Edgecombe,44.0,43.0
Leggett,2024-04-26,Edgecombe,42.0,38.0
Leggett,2024-04-27,Edgecombe,38.0,29.0
Leggett,2024-04-28,Edgecombe,43.0,53.0
Leggett,2024-04-29,Edgecombe,47.0,42.0
Leggett,2024-04-30,Edgecombe,40.0,39.0
Leggett,2024-05-01,Edgecombe,47.0,38.0
Leggett,2024-05-02,Edgecombe,51.0,39.0
Leggett,2024-05-03,Edgecombe,48.0,42.0
Leggett,2024-05-04,Edgecombe,27.0,34.0
Leggett,2024-05-05,Edgecombe,25.0,31.0
Leggett,2024-05-06,Edgecombe,35.0,36.0
Leggett,2024-05-07,Edgecombe,41.0,47.0
Leggett,2024-05-08,Edgecombe,39.0,54.0
Leggett,2024-05-09,Edgecombe,44.0,37.0
Leggett,2024-05-10,Edgecombe,40.0,28.0
Leggett,2024-05-11,Edgecombe,31.0,22.0
Leggett,2024-05-12,Edgecombe,43.0,29.0
Leggett,2024-05-13,Edgecombe,41.0,23.0
Leggett,2024-05-14,Edgecombe,34.0,33.0
Leggett,2024-05-15,Edgecombe,31.0,13.0
Leggett,2024-05-16,Edgecombe,36.0,22.0
Leggett,2024-05-17,Edgecombe,34.0,
Leggett,2024-05-18,Edgecombe,27.0,28.0
Leggett,2024-05-19,Edgecombe,30.0,37.0
Leggett,2024-05-20,Edgecombe,35.0,21.0
Leggett,2024-05-21,Edgecombe,33.0,20.0
Leggett,2024-05-22,Edgecombe,44.0,34.0
Leggett,2024-05-23,Edgecombe,47.0,45.0
Leggett,2024-05-24,Edgecombe,40.0,45.0
Leggett,2024-05-25,Edgecombe,39.0,42.0
Leggett,2024-05-26,Edgecombe,42.0,52.0
Leggett,2024-05-27,Edgecombe,26.0,47.0
Leggett,2024-05-28,Edgecombe,42.0,32.0
Leggett,2024-05-29,Edgecombe,49.0,39.0
Leggett,2024-05-30,Edgecombe,38.0,24.0
Leggett,2024-05-31,Edgecombe,46.0,28.0
Leggett,2024-06-01,Edgecombe,51.0,38.0
Leggett,2024-06-02,Edgecombe,44.0,53.0
Leggett,2024-06-03,Edgecombe,36.0,33.0
Leggett,2024-06-04,Edgecombe,42.0,52.0
Leggett,2024-06-05,Edgecombe,34.0,41.0
Leggett,2024-06-06,Edgecombe,41.0,34.0
Leggett,2024-06-07,Edgecombe,54.0,33.0
Leggett,2024-06-08,Edgecombe,64.0,44.0
Leggett,2024-06-09,Edgecombe,49.0,53.0
Leggett,2024-06-10,Edgecombe,50.0,32.0
Leggett,2024-06-11,Edgecombe,45.0,44.0
Leggett,2024-06-12,Edgecombe,46.0,44.0
Leggett,2024-06-13,Edgecombe,45.0,44.0
Leggett,2024-06-14,Edgecombe,54.0,55.0
Leggett,2024-06-15,Edgecombe,67.0,50.0
Leggett,2024-06-16,Edgecombe,49.0,37.0
Leggett,2024-06-17,Edgecombe,45.0,49.0
Leggett,2024-06-18,Edgecombe,44.0,39.0
Leggett,2024-06-19,Edgecombe,39.0,32.0
Leggett,2024-06-20,Edgecombe,36.0,28.0
Leggett,2024-06-21,Edgecombe,40.0,38.0
Leggett,2024-06-22,Edgecombe,29.0,37.0
Leggett,2024-06-23,Edgecombe,31.0,31.0
Leggett,2024-06-24,Edgecombe,42.0,50.0
Leggett,2024-06-25,Edgecombe,50.0,44.0
Leggett,2024-06-26,Edgecombe,67.0,33.0
Leggett,2024-06-27,Edgecombe,44.0,49.0
Leggett,2024-06-28,Edgecombe,61.0,41.0
Leggett,2024-06-29,Edgecombe,36.0,46.0
Leggett,2024-06-30,Edgecombe,33.0,39.0
Leggett,2024-07-01,Edgecombe,34.0,15.0
Leggett,2024-07-02,Edgecombe,42.0,30.0
Leggett,2024-07-03,Edgecombe,50.0,39.0
Leggett,2024-07-04,Edgecombe,48.0,42.0
Leggett,2024-07-05,Edgecombe,43.0,53.0
Leggett,2024-07-06,Edgecombe,45.0,51.0
Leggett,2024-07-07,Edgecombe,35.0,44.0
Leggett,2024-07-08,Edgecombe,39.0,
Leggett,2024-07-09,Edgecombe,33.0,
Leggett,2024-07-10,Edgecombe,32.0,21.0
Leggett,2024-07-11,Edgecombe,26.0,24.0
Leggett,2024-07-12,Edgecombe,24.0,11.0
Leggett,2024-07-13,Edgecombe,28.0,29.0
Leggett,2024-07-14,Edgecombe,41.0,53.0
Leggett,2024-07-15,Edgecombe,46.0,58.0
Leggett,2024-07-16,Edgecombe,50.0,60.0
Leggett,2024-07-17,Edgecombe,40.0,55.0
Leggett,2024-07-18,Edgecombe,36.0,40.0
Leggett,2024-07-19,Edgecombe,33.0,36.0
Leggett,2024-07-20,Edgecombe,32.0,31.0
Leggett,2024-07-21,Edgecombe,32.0,31.0
Leggett,2024-07-22,Edgecombe,28.0,18.0
Leggett,2024-07-23,Edgecombe,27.0,
Leggett,2024-07-24,Edgecombe,31.0,
Leggett,2024-07-25,Edgecombe,23.0,
Leggett,2024-07-26,Edgecombe,30.0,
Leggett,2024-07-27,Edgecombe,38.0,
Leggett,2024-07-28,Edgecombe,44.0,
Leggett,2024-07-29,Edgecombe,38.0,
Leggett,2024-07-30,Edgecombe,35.0,52.0
Leggett,2024-07-31,Edgecombe,41.0,46.0
Leggett,2024-08-01,Edgecombe,44.0,53.0
Leggett,2024-08-02,Edgecombe,35.0,57.0
Leggett,2024-08-03,Edgecombe,29.0,54.0
Leggett,2024-08-04,Edgecombe,31.0,31.0
Leggett,2024-08-05,Edgecombe,22.0,14.0
Leggett,2024-08-06,Edgecombe,15.0,12.0
Leggett,2024-08-07,Edgecombe,19.0,17.0
Leggett,2024-08-08,Edgecombe,33.0,27.0
Leggett,2024-08-09,Edgecombe,30.0,27.0
Leggett,2024-08-10,Edgecombe,32.0,47.0
Leggett,2024-08-11,Edgecombe,26.0,52.0
Leggett,2024-08-12,Edgecombe,29.0,52.0
Leggett,2024-08-13,Edgecombe,37.0,47.0
Leggett,2024-08-14,Edgecombe,35.0,39.0
Leggett,2024-08-15,Edgecombe,45.0,56.0
Leggett,2024-08-16,Edgecombe,46.0,63.0
Leggett,2024-08-17,Edgecombe,37.0,62.0
Leggett,2024-08-18,Edgecombe,39.0,55.0
Leggett,2024-08-19,Edgecombe,33.0,32.0
Leggett,2024-08-20,Edgecombe,32.0,32.0
Leggett,2024-08-21,Edgecombe,36.0,24.0
Leggett,2024-08-22,Edgecombe,38.0,24.0
Leggett,2024-08-23,Edgecombe,41.0,33.0
Leggett,2024-08-24,Edgecombe,41.0,32.0
Leggett,2024-08-25,Edgecombe,33.0,34.0
Leggett,2024-08-26,Edgecombe,42.0,48.0
Leggett,2024-08-27,Edgecombe,49.0,57.0
Leggett,2024-08-28,Edgecombe,80.0,64.0
Leggett,2024-08-29,Edgecombe,49.0,63.0
Leggett,2024-08-30,Edgecombe,35.0,34.0
Leggett,2024-08-31,Edgecombe,32.0,47.0
Leggett,2024-09-01,Edgecombe,24.0,47.0
Leggett,2024-09-02,Edgecombe,20.0,33.0
Leggett,2024-09-03,Edgecombe,31.0,21.0
Leggett,2024-09-04,Edgecombe,32.0,23.0
Leggett,2024-09-05,Edgecombe,31.0,23.0
Leggett,2024-09-06,Edgecombe,32.0,32.0
Leggett,2024-09-07,Edgecombe,21.0,31.0
Leggett,2024-09-08,Edgecombe,31.0,17.0
Leggett,2024-09-09,Edgecombe,33.0,10.0
Leggett,2024-09-10,Edgecombe,38.0,28.0
Leggett,2024-09-11,Edgecombe,44.0,30.0
Leggett,2024-09-12,Edgecombe,38.0,37.0
Leggett,2024-09-13,Edgecombe,25.0,27.0
Leggett,2024-09-14,Edgecombe,28.0,32.0
Leggett,2024-09-15,Edgecombe,26.0,37.0
Leggett,2024-09-16,Edgecombe,25.0,29.0
Leggett,2024-09-17,Edgecombe,24.0,8.0
Leggett,2024-09-18,Edgecombe,23.0,19.0
Leggett,2024-09-19,Edgecombe,21.0,22.0
Leggett,2024-09-20,Edgecombe,42.0,37.0
Leggett,2024-09-21,Edgecombe,38.0,23.0
Leggett,2024-09-22,Edgecombe,30.0,34.0
Leggett,2024-09-23,Edgecombe,31.0,23.0
Leggett,2024-09-24,Edgecombe,20.0,27.0
Leggett,2024-09-25,Edgecombe,26.0,29.0
Leggett,2024-09-26,Edgecombe,19.0,17.0
Leggett,2024-09-27,Edgecombe,20.0,19.0
Leggett,2024-09-28,Edgecombe,34.0,32.0
Leggett,2024-09-29,Edgecombe,33.0,
Leggett,2024-09-30,Edgecombe,24.0,
Leggett,2024-10-01,Edgecombe,23.0,19.0
Leggett,2024-10-02,Edgecombe,21.0,26.0
Leggett,2024-10-03,Edgecombe,29.0,16.0
Leggett,2024-10-04,Edgecombe,31.0,18.0
Leggett,2024-10-05,Edgecombe,30.0,46.0
Leggett,2024-10-06,Edgecombe,38.0,40.0
Leggett,2024-10-07,Edgecombe,40.0,42.0
Leggett,2024-10-08,Edgecombe,32.0,32.0
Leggett,2024-10-09,Edgecombe,35.0,26.0
Leggett,2024-10-10,Edgecombe,32.0,
Leggett,2024-10-11,Edgecombe,27.0,
Leggett,2024-10-12,Edgecombe,42.0,34.0
Leggett,2024-10-13,Edgecombe,44.0,47.0
Leggett,2024-10-14,Edgecombe,42.0,38.0
Leggett,2024-10-15,Edgecombe,31.0,16.0
Leggett,2024-10-16,Edgecombe,27.0,14.0
Leggett,2024-10-17,Edgecombe,31.0,19.0
Leggett,2024-10-18,Edgecombe,33.0,15.0
Leggett,2024-10-19,Edgecombe,35.0,27.0
Leggett,2024-10-20,Edgecombe,32.0,32.0
Leggett,2024-10-21,Edgecombe,43.0,28.0
Leggett,2024-10-22,Edgecombe,44.0,39.0
Leggett,2024-10-23,Edgecombe,39.0,46.0
Leggett,2024-10-24,Edgecombe,40.0,43.0
Leggett,2024-10-25,Edgecombe,39.0,34.0
Leggett,2024-10-26,Edgecombe,39.0,53.0
Leggett,2024-10-27,Edgecombe,25.0,36.0
Leggett,2024-10-28,Edgecombe,36.0,26.0
Leggett,2024-10-29,Edgecombe,35.0,34.0
Leggett,2024-10-30,Edgecombe,31.0,37.0
Leggett,2024-10-31,Edgecombe,34.0,32.0
Leggett,2024-11-01,Edgecombe,,34.0
Leggett,2024-11-02,Edgecombe,,35.0
Leggett,2024-11-03,Edgecombe,,38.0
Leggett,2024-11-04,Edgecombe,,28.0
Leggett,2024-11-05,Edgecombe,,26.0
Leggett,2024-11-06,Edgecombe,,35.0
Leggett,2024-11-07,Edgecombe,,44.0
Leggett,2024-11-08,Edgecombe,,57.0
Leggett,2024-11-09,Edgecombe,,26.0
Leggett,2024-11-10,Edgecombe,,31.0
Leggett,2024-11-11,Edgecombe,,29.0
Leggett,2024-11-12,Edgecombe,,22.0
Leggett,2024-11-13,Edgecombe,,27.0
Leggett,2024-11-14,Edgecombe,,21.0
Leggett,2024-11-15,Edgecombe,,7.0
Leggett,2024-11-16,Edgecombe,,13.0
Leggett,2024-11-17,Edgecombe,,27.0
Leggett,2024-11-20,Edgecombe,,48.0
Leggett,2024-11-21,Edgecombe,,9.0
Leggett,2024-11-22,Edgecombe,,11.0
Leggett,2024-11-23,Edgecombe,,6.0
Leggett,2024-11-24,Edgecombe,,20.0
Leggett,2024-11-25,Edgecombe,,44.0
Leggett,2024-11-26,Edgecombe,,41.0
Leggett,2024-11-27,Edgecombe,,24.0
Leggett,2024-11-28,Edgecombe,,30.0
Leggett,2024-11-29,Edgecombe,,15.0
Leggett,2024-11-30,Edgecombe,,19.0
Leggett,2024-12-01,Edgecombe,,29.0
Leggett,2024-12-02,Edgecombe,,17.0
Leggett,2024-12-03,Edgecombe,,17.0
Leggett,2024-12-04,Edgecombe,,42.0
Leggett,2024-12-05,Edgecombe,,44.0
Leggett,2024-12-06,Edgecombe,,11.0
Leggett,2024-12-07,Edgecombe,,24.0
Leggett,2024-12-08,Edgecombe,,53.0
Leggett,2024-12-09,Edgecombe,,47.0
Leggett,2024-12-10,Edgecombe,,57.0
Leggett,2024-12-11,Edgecombe,,18.0
Leggett,2024-12-12,Edgecombe,,22.0
Leggett,2024-12-13,Edgecombe,,33.0
Leggett,2024-12-14,Edgecombe,,34.0
Leggett,2024-12-15,Edgecombe,,26.0
Leggett,2024-12-16,Edgecombe,,23.0
Leggett,2024-12-17,Edgecombe,,34.0
Leggett,2024-12-18,Edgecombe,,49.0
Leggett,2024-12-19,Edgecombe,,12.0
Leggett,2024-12-20,Edgecombe,,24.0
Leggett,2024-12-21,Edgecombe,,15.0
Leggett,2024-12-22,Edgecombe,,15.0
Leggett,2024-12-23,Edgecombe,,21.0
Leggett,2024-12-24,Edgecombe,,26.0
Leggett,2024-12-25,Edgecombe,,32.0
Leggett,2024-12-26,Edgecombe,,48.0
Leggett,2024-12-27,Edgecombe,,52.0
Leggett,2024-12-28,Edgecombe,,25.0
Leggett,2024-12-29,Edgecombe,,12.0
Leggett,2024-12-30,Edgecombe,,9.0
Leggett,2024-12-31,Edgecombe,,21.0
Leggett,2025-01-01,Edgecombe,,4.0
Leggett,2025-01-02,Edgecombe,,16.0
Leggett,2025-01-03,Edgecombe,,22.0
Leggett,2025-01-04,Edgecombe,,13.0
Leggett,2025-01-05,Edgecombe,,15.0
Leggett,2025-01-06,Edgecombe,,33.0
Leggett,2025-01-07,Edgecombe,,19.0
Leggett,2025-01-08,Edgecombe,,23.0
Leggett,2025-01-09,Edgecombe,,25.0
Leggett,2025-01-10,Edgecombe,,33.0
Leggett,2025-01-11,Edgecombe,,22.0
Leggett,2025-01-12,Edgecombe,,23.0
Leggett,2025-01-13,Edgecombe,,34.0
Leggett,2025-01-14,Edgecombe,,28.0
Leggett,2025-01-15,Edgecombe,,21.0
Leggett,2025-01-16,Edgecombe,,45.0
Leggett,2025-01-17,Edgecombe,,26.0
Leggett,2025-01-18,Edgecombe,,41.0
Leggett,2025-01-19,Edgecombe,,37.0
Leggett,2025-01-20,Edgecombe,,15.0
Leggett,2025-01-21,Edgecombe,,21.0
Leggett,2025-01-22,Edgecombe,,25.0
Leggett,2025-01-23,Edgecombe,,44.0
Leggett,2025-01-24,Edgecombe,,36.0
Leggett,2025-01-25,Edgecombe,,37.0
Leggett,2025-01-26,Edgecombe,,43.0
Leggett,2025-01-27,Edgecombe,,43.0
Leggett,2025-01-28,Edgecombe,,31.0
Leggett,2025-01-29,Edgecombe,,27.0
Leggett,2025-01-30,Edgecombe,,22.0
Leggett,2025-01-31,Edgecombe,,49.0
Leggett,2025-02-01,Edgecombe,,13.0
Leggett,2025-02-02,Edgecombe,,21.0
Leggett,2025-02-03,Edgecombe,,31.0
Leggett,2025-02-04,Edgecombe,,48.0
Leggett,2025-02-05,Edgecombe,,26.0
Leggett,2025-02-06,Edgecombe,,36.0
Leggett,2025-02-07,Edgecombe,,36.0
Leggett,2025-02-08,Edgecombe,,34.0
Leggett,2025-02-09,Edgecombe,,36.0
Leggett,2025-02-10,Edgecombe,,26.0
Leggett,2025-02-11,Edgecombe,,31.0
Leggett,2025-02-12,Edgecombe,,11.0
Leggett,2025-02-13,Edgecombe,,14.0
Leggett,2025-02-14,Edgecombe,,25.0
Leggett,2025-02-15,Edgecombe,,24.0
Leggett,2025-02-16,Edgecombe,,14.0
Leggett,2025-02-17,Edgecombe,,17.0
Leggett,2025-02-18,Edgecombe,,13.0
Leggett,2025-02-19,Edgecombe,,23.0
Leggett,2025-02-20,Edgecombe,,25.0
Leggett,2025-02-21,Edgecombe,,22.0
Leggett,2025-02-22,Edgecombe,,25.0
Leggett,2025-02-23,Edgecombe,,32.0
Leggett,2025-02-24,Edgecombe,,31.0
Leggett,2025-02-25,Edgecombe,,51.0
Leggett,2025-02-26,Edgecombe,,46.0
Leggett,2025-02-27,Edgecombe,,62.0
Leggett,2025-02-28,Edgecombe,,19.0
Leggett,2025-03-01,Edgecombe,0.0,36.0
Leggett,2025-03-02,Edgecombe,0.0,19.0
Leggett,2025-03-03,Edgecombe,0.0,24.0
Leggett,2025-03-04,Edgecombe,,26.0
Leggett,2025-03-05,Edgecombe,,32.0
Leggett,2025-03-06,Edgecombe,36.0,11.0
Leggett,2025-03-07,Edgecombe,39.0,30.0
Leggett,2025-03-08,Edgecombe,44.0,47.0
Leggett,2025-03-09,Edgecombe,44.0,32.0
Leggett,2025-03-10,Edgecombe,41.0,28.0
Leggett,2025-03-11,Edgecombe,46.0,22.0
Leggett,2025-03-12,Edgecombe,64.0,51.0
Leggett,2025-03-13,Edgecombe,37.0,60.0
Leggett,2025-03-14,Edgecombe,33.0,53.0
Leggett,2025-03-15,Edgecombe,39.0,58.0
Leggett,2025-03-16,Edgecombe,34.0,31.0
Leggett,2025-03-17,Edgecombe,31.0,28.0
Leggett,2025-03-18,Edgecombe,41.0,16.0
Leggett,2025-03-19,Edgecombe,47.0,32.0
Leggett,2025-03-20,Edgecombe,42.0,51.0
Leggett,2025-03-21,Edgecombe,40.0,11.0
Leggett,2025-03-22,Edgecombe,50.0,37.0
Leggett,2025-03-23,Edgecombe,43.0,30.0
Leggett,2025-03-24,Edgecombe,45.0,42.0
Leggett,2025-03-25,Edgecombe,49.0,15.0
Leggett,2025-03-26,Edgecombe,45.0,17.0
Leggett,2025-03-27,Edgecombe,49.0,21.0
Leggett,2025-03-28,Edgecombe,58.0,42.0
Leggett,2025-03-29,Edgecombe,44.0,37.0
Leggett,2025-03-30,Edgecombe,41.0,29.0
Leggett,2025-03-31,Edgecombe,32.0,29.0
Leggett,2025-04-01,Edgecombe,,15.0
Leggett,2025-04-02,Edgecombe,40.0,27.0
Leggett,2025-04-03,Edgecombe,31.0,37.0
Leggett,2025-04-04,Edgecombe,32.0,48.0
Leggett,2025-04-05,Edgecombe,31.0,50.0
Leggett,2025-04-06,Edgecombe,36.0,39.0
Leggett,2025-04-07,Edgecombe,28.0,36.0
Leggett,2025-04-08,Edgecombe,37.0,23.0
Leggett,2025-04-09,Edgecombe,45.0,26.0
Leggett,2025-04-10,Edgecombe,45.0,34.0
Leggett,2025-04-11,Edgecombe,32.0,17.0
Leggett,2025-04-12,Edgecombe,30.0,14.0
Leggett,2025-04-13,Edgecombe,43.0,29.0
Leggett,2025-04-14,Edgecombe,58.0,52.0
Leggett,2025-04-15,Edgecombe,44.0,53.0
Leggett,2025-04-16,Edgecombe,44.0,28.0
Leggett,2025-04-17,Edgecombe,48.0,26.0
Leggett,2025-04-18,Edgecombe,54.0,41.0
Leggett,2025-04-19,Edgecombe,44.0,39.0
Leggett,2025-04-20,Edgecombe,41.0,51.0
Leggett,2025-04-21,Edgecombe,46.0,52.0
Leggett,2025-04-22,Edgecombe,43.0,54.0
Leggett,2025-04-23,Edgecombe,44.0,53.0
Leggett,2025-04-24,Edgecombe,47.0,48.0
Leggett,2025-04-25,Edgecombe,44.0,40.0
Leggett,2025-04-26,Edgecombe,40.0,35.0
Leggett,2025-04-27,Edgecombe,44.0,17.0
Leggett,2025-04-28,Edgecombe,46.0,17.0
Leggett,2025-04-29,Edgecombe,51.0,31.0
Leggett,2025-04-30,Edgecombe,46.0,53.0
Leggett,2025-05-01,Edgecombe,47.0,53.0
Leggett,2025-05-02,Edgecombe,46.0,42.0
Leggett,2025-05-03,Edgecombe,42.0,39.0
Leggett,2025-05-04,Edgecombe,33.0,26.0
Leggett,2025-05-05,Edgecombe,36.0,21.0
Leggett,2025-05-06,Edgecombe,46.0,28.0
Leggett,2025-05-07,Edgecombe,45.0,37.0
Leggett,2025-05-08,Edgecombe,58.0,52.0
Leggett,2025-05-09,Edgecombe,43.0,31.0
Leggett,2025-05-10,Edgecombe,48.0,27.0
Leggett,2025-05-11,Edgecombe,36.0,38.0
Leggett,2025-05-12,Edgecombe,31.0,22.0
Leggett,2025-05-13,Edgecombe,30.0,18.0
Leggett,2025-05-14,Edgecombe,37.0,33.0
Leggett,2025-05-15,Edgecombe,40.0,53.0
Leggett,2025-05-16,Edgecombe,38.0,59.0
Leggett,2025-05-17,Edgecombe,44.0,47.0
Leggett,2025-05-18,Edgecombe,40.0,29.0
Leggett,2025-05-19,Edgecombe,44.0,32.0
Leggett,2025-05-20,Edgecombe,42.0,34.0
Leggett,2025-05-21,Edgecombe,30.0,31.0
Leggett,2025-05-22,Edgecombe,44.0,21.0
Leggett,2025-05-23,Edgecombe,,23.0
Leggett,2025-05-24,Edgecombe,44.0,28.0
Leggett,2025-05-25,Edgecombe,39.0,36.0
Leggett,2025-05-26,Edgecombe,31.0,30.0
Leggett,2025-05-27,Edgecombe,30.0,22.0
Leggett,2025-05-28,Edgecombe,26.0,19.0
Leggett,2025-05-29,Edgecombe,27.0,31.0
Leggett,2025-05-30,Edgecombe,38.0,28.0
Leggett,2025-05-31,Edgecombe,44.0,46.0
Leggett,2025-06-01,Edgecombe,44.0,44.0
Leggett,2025-06-02,Edgecombe,44.0,33.0
Leggett,2025-06-03,Edgecombe,49.0,37.0
Leggett,2025-06-04,Edgecombe,49.0,44.0
Leggett,2025-06-05,Edgecombe,25.0,39.0
Leggett,2025-06-06,Edgecombe,35.0,43.0
Leggett,2025-06-07,Edgecombe,41.0,48.0
Leggett,2025-06-08,Edgecombe,35.0,49.0
Leggett,2025-06-09,Edgecombe,44.0,46.0
Leggett,2025-06-10,Edgecombe,36.0,30.0
Leggett,2025-06-11,Edgecombe,42.0,42.0
Leggett,2025-06-12,Edgecombe,46.0,51.0
Leggett,2025-06-13,Edgecombe,25.0,35.0
Leggett,2025-06-14,Edgecombe,29.0,38.0
Leggett,2025-06-15,Edgecombe,28.0,39.0
Leggett,2025-06-16,Edgecombe,27.0,33.0
Leggett,2025-06-17,Edgecombe,34.0,47.0
Leggett,2025-06-18,Edgecombe,34.0,41.0
Leggett,2025-06-19,Edgecombe,39.0,48.0
Leggett,2025-06-20,Edgecombe,42.0,26.0
Leggett,2025-06-21,Edgecombe,40.0,46.0
Leggett,2025-06-22,Edgecombe,44.0,55.0
Leggett,2025-06-23,Edgecombe,44.0,58.0
Leggett,2025-06-24,Edgecombe,,67.0
Leggett,2025-06-25,Edgecombe,,58.0
Leggett,2025-06-26,Edgecombe,48.0,61.0
Leggett,2025-06-27,Edgecombe,46.0,65.0
Leggett,2025-06-28,Edgecombe,44.0,56.0
Leggett,2025-06-29,Edgecombe,42.0,57.0
Leggett,2025-06-30,Edgecombe,37.0,55.0
Leggett,2025-07-01,Edgecombe,36.0,45.0
Leggett,2025-07-02,Edgecombe,27.0,47.0
Leggett,2025-07-03,Edgecombe,43.0,36.0
Leggett,2025-07-04,Edgecombe,50.0,54.0
Leggett,2025-07-05,Edgecombe,44.0,53.0
Leggett,2025-07-06,Edgecombe,26.0,31.0
Leggett,2025-07-07,Edgecombe,37.0,39.0
Leggett,2025-07-08,Edgecombe,36.0,55.0
Leggett,2025-07-09,Edgecombe,31.0,38.0
Leggett,2025-07-10,Edgecombe,38.0,38.0
Leggett,2025-07-11,Edgecombe,42.0,48.0
Leggett,2025-07-12,Edgecombe,39.0,54.0
Leggett,2025-07-13,Edgecombe,36.0,49.0
Leggett,2025-07-14,Edgecombe,34.0,41.0
Leggett,2025-07-15,Edgecombe,32.0,31.0
Leggett,2025-07-16,Edgecombe,32.0,46.0
Leggett,2025-07-17,Edgecombe,31.0,44.0
Leggett,2025-07-18,Edgecombe,44.0,47.0
Leggett,2025-07-19,Edgecombe,37.0,42.0
Leggett,2025-07-20,Edgecombe,35.0,40.0
Leggett,2025-07-21,Edgecombe,38.0,53.0
Leggett,2025-07-22,Edgecombe,44.0,42.0
Leggett,2025-07-23,Edgecombe,,44.0
Leggett,2025-07-24,Edgecombe,,40.0
Leggett,2025-07-25,Edgecombe,44.0,52.0
Leggett,2025-07-26,Edgecombe,38.0,58.0
Leggett,2025-07-27,Edgecombe,32.0,54.0
Leggett,2025-07-28,Edgecombe,35.0,47.0
Leggett,2025-07-29,Edgecombe,38.0,52.0
Leggett,2025-07-30,Edgecombe,40.0,46.0
Leggett,2025-07-31,Edgecombe,38.0,51.0
Leggett,2025-08-01,Edgecombe,25.0,39.0
Leggett,2025-08-02,Edgecombe,30.0,28.0
Leggett,2025-08-03,Edgecombe,37.0,33.0
Leggett,2025-08-04,Edgecombe,41.0,31.0
Leggett,2025-08-05,Edgecombe,28.0,32.0
Leggett,2025-08-06,Edgecombe,26.0,35.0
Leggett,2025-08-07,Edgecombe,31.0,68.0
Leggett,2025-08-08,Edgecombe,28.0,63.0
Leggett,2025-08-09,Edgecombe,28.0,33.0
Leggett,2025-08-10,Edgecombe,24.0,31.0
Leggett,2025-08-11,Edgecombe,19.0,22.0
Leggett,2025-08-12,Edgecombe,19.0,16.0
Leggett,2025-08-13,Edgecombe,24.0,28.0
Leggett,2025-08-14,Edgecombe,22.0,42.0
Leggett,2025-08-15,Edgecombe,30.0,29.0
Leggett,2025-08-16,Edgecombe,34.0,42.0
Leggett,2025-08-17,Edgecombe,35.0,46.0
Leggett,2025-08-18,Edgecombe,38.0,52.0
Leggett,2025-08-19,Edgecombe,22.0,20.0
Leggett,2025-08-20,Edgecombe,20.0,23.0
Leggett,2025-08-21,Edgecombe,25.0,23.0
Leggett,2025-08-22,Edgecombe,34.0,26.0
Leggett,2025-08-23,Edgecombe,32.0,29.0
Leggett,2025-08-24,Edgecombe,27.0,32.0
Leggett,2025-08-25,Edgecombe,33.0,34.0
Leggett,2025-08-26,Edgecombe,32.0,31.0
Leggett,2025-08-27,Edgecombe,39.0,38.0
Leggett,2025-08-28,Edgecombe,42.0,34.0
Leggett,2025-08-29,Edgecombe,41.0,41.0
Leggett,2025-08-30,Edgecombe,38.0,31.0
Leggett,2025-08-31,Edgecombe,40.0,27.0
Leggett,2025-09-01,Edgecombe,34.0,21.0
Leggett,2025-09-02,Edgecombe,31.0,21.0
Leggett,2025-09-03,Edgecombe,42.0,29.0
Leggett,2025-09-04,Edgecombe,44.0,50.0
Leggett,2025-09-05,Edgecombe,44.0,50.0
Leggett,2025-09-06,Edgecombe,41.0,53.0
Leggett,2025-09-07,Edgecombe,26.0,52.0
Leggett,2025-09-08,Edgecombe,40.0,28.0
Leggett,2025-09-09,Edgecombe,29.0,31.0
Leggett,2025-09-10,Edgecombe,20.0,20.0
Leggett,2025-09-11,Edgecombe,21.0,28.0
Leggett,2025-09-12,Edgecombe,46.0,37.0
Leggett,2025-09-13,Edgecombe,43.0,32.0
Leggett,2025-09-14,Edgecombe,42.0,48.0
Leggett,2025-09-15,Edgecombe,40.0,44.0
Leggett,2025-09-16,Edgecombe,31.0,40.0
Leggett,2025-09-17,Edgecombe,25.0,17.0
Leggett,2025-09-18,Edgecombe,26.0,
Leggett,2025-09-19,Edgecombe,47.0,
Leggett,2025-09-20,Edgecombe,49.0,
Leggett,2025-09-21,Edgecombe,40.0,3.0
Leggett,2025-09-22,Edgecombe,36.0,
Leggett,2025-09-23,Edgecombe,41.0,
Leggett,2025-09-24,Edgecombe,41.0,
Leggett,2025-09-25,Edgecombe,35.0,
Leggett,2025-09-26,Edgecombe,41.0,22.0
Leggett,2025-09-27,Edgecombe,20.0,48.0
Leggett,2025-09-28,Edgecombe,31.0,24.0
Leggett,2025-09-29,Edgecombe,31.0,30.0
Leggett,2025-09-30,Edgecombe,33.0,44.0
Leggett,2025-10-01,Edgecombe,31.0,37.0
Leggett,2025-10-02,Edgecombe,30.0,18.0
Leggett,2025-10-03,Edgecombe,33.0,22.0
Leggett,2025-10-04,Edgecombe,32.0,23.0
Leggett,2025-10-05,Edgecombe,31.0,18.0
Leggett,2025-10-06,Edgecombe,34.0,17.0
Leggett,2025-10-07,Edgecombe,31.0,14.0
Leggett,2025-10-08,Edgecombe,25.0,19.0
Leggett,2025-10-09,Edgecombe,34.0,19.0
Leggett,2025-10-10,Edgecombe,33.0,19.0
Leggett,2025-10-11,Edgecombe,27.0,22.0
Leggett,2025-10-12,Edgecombe,30.0,8.0
Leggett,2025-10-13,Edgecombe,24.0,7.0
Leggett,2025-10-14,Edgecombe,20.0,8.0
Leggett,2025-10-15,Edgecombe,34.0,21.0
Leggett,2025-10-16,Edgecombe,37.0,18.0
Leggett,2025-10-17,Edgecombe,33.0,17.0
Leggett,2025-10-18,Edgecombe,44.0,38.0
Leggett,2025-10-19,Edgecombe,40.0,29.0
Leggett,2025-10-20,Edgecombe,33.0,10.0
Leggett,2025-10-21,Edgecombe,42.0,35.0
Leggett,2025-10-22,Edgecombe,40.0,34.0
Leggett,2025-10-23,Edgecombe,37.0,34.0
Leggett,2025-10-24,Edgecombe,36.0,25.0
Leggett,2025-10-25,Edgecombe,31.0,23.0
Leggett,2025-10-26,Edgecombe,29.0,19.0
Leggett,2025-10-27,Edgecombe,31.0,17.0
Leggett,2025-10-28,Edgecombe,25.0,16.0
Leggett,2025-10-29,Edgecombe,19.0,12.0
Leggett,2025-10-30,Edgecombe,29.0,18.0
Leggett,2025-10-31,Edgecombe,34.0,18.0
Leggett,2025-11-01,Edgecombe,33.0,38.0
Leggett,2025-11-02,Edgecombe,37.0,33.0
Leggett,2025-11-03,Edgecombe,,21.0
Leggett,2025-11-04,Edgecombe,,23.0
Leggett,2025-11-05,Edgecombe,,42.0
Leggett,2025-11-06,Edgecombe,,40.0
Leggett,2025-11-07,Edgecombe,,31.0
Leggett,2025-11-08,Edgecombe,,56.0
Leggett,2025-11-09,Edgecombe,,58.0
Leggett,2025-11-10,Edgecombe,,8.0
Leggett,2025-11-11,Edgecombe,,14.0
Leggett,2025-11-12,Edgecombe,,51.0
Leggett,2025-11-13,Edgecombe,,46.0
Leggett,2025-11-14,Edgecombe,,36.0
Leggett,2025-11-15,Edgecombe,,52.0
Leggett,2025-11-16,Edgecombe,,39.0
Leggett,2025-11-17,Edgecombe,,16.0
Leggett,2025-11-18,Edgecombe,,34.0
Leggett,2025-11-19,Edgecombe,,43.0
Leggett,2025-11-20,Edgecombe,,43.0
Leggett,2025-11-21,Edgecombe,,61.0
Leggett,2025-11-22,Edgecombe,,58.0
Leggett,2025-11-23,Edgecombe,,31.0
Leggett,2025-11-24,Edgecombe,,36.0
Leggett,2025-11-25,Edgecombe,,36.0
Leggett,2025-11-26,Edgecombe,,34.0
Leggett,2025-11-27,Edgecombe,,18.0
Leggett,2025-11-28,Edgecombe,,19.0
Leggett,2025-11-29,Edgecombe,,24.0
Leggett,2025-11-30,Edgecombe,,34.0
Leggett,2025-12-01,Edgecombe,,28.0
Leggett,2025-12-02,Edgecombe,,22.0
Leggett,2025-12-03,Edgecombe,,31.0
Leggett,2025-12-04,Edgecombe,,52.0
Leggett,2025-12-05,Edgecombe,,26.0
Leggett,2025-12-06,Edgecombe,,37.0
Leggett,2025-12-07,Edgecombe,,53.0
Leggett,2025-12-08,Edgecombe,,33.0
Leggett,2025-12-09,Edgecombe,,23.0
Leggett,2025-12-10,Edgecombe,,42.0
Leggett,2025-12-11,Edgecombe,,13.0
Leggett,2025-12-12,Edgecombe,,23.0
Leggett,2025-12-13,Edgecombe,,52.0
Leggett,2025-12-14,Edgecombe,,41.0
Leggett,2025-12-15,Edgecombe,,11.0
Leggett,2025-12-16,Edgecombe,,42.0
Leggett,2025-12-17,Edgecombe,,51.0
Leggett,2025-12-18,Edgecombe,,54.0
Leggett,2025-12-19,Edgecombe,,7.0
Leggett,2025-12-20,Edgecombe,,23.0
Leggett,2025-12-21,Edgecombe,,23.0
Leggett,2025-12-22,Edgecombe,,19.0
Leggett,2025-12-23,Edgecombe,,33.0
Leggett,2025-12-24,Edgecombe,,39.0
Leggett,2025-12-25,Edgecombe,,38.0
Leggett,2025-12-26,Edgecombe,,22.0
Leggett,2025-12-27,Edgecombe,,28.0
Leggett,2025-12-28,Edgecombe,,35.0
Leggett,2025-12-29,Edgecombe,,27.0
Leggett,2025-12-30,Edgecombe,,16.0
Leggett,2025-12-31,Edgecombe,,22.0
Linville Falls,2024-01-01,Avery,,14.0
Linville Falls,2024-01-04,Avery,,13.0
Linville Falls,2024-01-07,Avery,,5.0
Linville Falls,2024-01-10,Avery,,6.0
Linville Falls,2024-01-13,Avery,,11.0
Linville Falls,2024-01-16,Avery,,17.0
Linville Falls,2024-01-19,Avery,,23.0
Linville Falls,2024-01-22,Avery,,16.0
Linville Falls,2024-01-25,Avery,,5.0
Linville Falls,2024-01-28,Avery,,2.0
Linville Falls,2024-01-31,Avery,,12.0
Linville Falls,2024-02-03,Avery,,26.0
Linville Falls,2024-02-06,Avery,,22.0
Linville Falls,2024-02-09,Avery,,50.0
Linville Falls,2024-02-12,Avery,,4.0
Linville Falls,2024-02-15,Avery,,23.0
Linville Falls,2024-02-18,Avery,,9.0
Linville Falls,2024-02-21,Avery,,52.0
Linville Falls,2024-02-24,Avery,,11.0
Linville Falls,2024-02-27,Avery,,58.0
Linville Falls,2024-03-01,Avery,31.0,21.0
Linville Falls,2024-03-02,Avery,37.0,
Linville Falls,2024-03-03,Avery,38.0,
Linville Falls,2024-03-04,Avery,36.0,58.0
Linville Falls,2024-03-05,Avery,43.0,
Linville Falls,2024-03-06,Avery,40.0,
Linville Falls,2024-03-07,Avery,36.0,10.0
Linville Falls,2024-03-08,Avery,32.0,
Linville Falls,2024-03-09,Avery,30.0,
Linville Falls,2024-03-10,Avery,40.0,7.0
Linville Falls,2024-03-11,Avery,46.0,
Linville Falls,2024-03-12,Avery,44.0,
Linville Falls,2024-03-13,Avery,50.0,55.0
Linville Falls,2024-03-14,Avery,90.0,
Linville Falls,2024-03-15,Avery,37.0,
Linville Falls,2024-03-16,Avery,44.0,11.0
Linville Falls,2024-03-17,Avery,44.0,
Linville Falls,2024-03-18,Avery,44.0,
Linville Falls,2024-03-19,Avery,44.0,18.0
Linville Falls,2024-03-20,Avery,48.0,
Linville Falls,2024-03-21,Avery,48.0,
Linville Falls,2024-03-22,Avery,44.0,65.0
Linville Falls,2024-03-23,Avery,40.0,
Linville Falls,2024-03-24,Avery,51.0,
Linville Falls,2024-03-25,Avery,54.0,18.0
Linville Falls,2024-03-26,Avery,39.0,
Linville Falls,2024-03-27,Avery,37.0,
Linville Falls,2024-03-28,Avery,45.0,14.0
Linville Falls,2024-03-29,Avery,49.0,
Linville Falls,2024-03-30,Avery,54.0,
Linville Falls,2024-03-31,Avery,49.0,30.0
Linville Falls,2024-04-01,Avery,45.0,
Linville Falls,2024-04-02,Avery,46.0,
Linville Falls,2024-04-03,Avery,44.0,13.0
Linville Falls,2024-04-04,Avery,40.0,
Linville Falls,2024-04-05,Avery,35.0,
Linville Falls,2024-04-06,Avery,44.0,7.0
Linville Falls,2024-04-07,Avery,44.0,
Linville Falls,2024-04-08,Avery,49.0,
Linville Falls,2024-04-09,Avery,43.0,41.0
Linville Falls,2024-04-10,Avery,40.0,
Linville Falls,2024-04-11,Avery,44.0,
Linville Falls,2024-04-12,Avery,44.0,12.0
Linville Falls,2024-04-13,Avery,49.0,
Linville Falls,2024-04-14,Avery,67.0,
Linville Falls,2024-04-15,Avery,51.0,32.0
Linville Falls,2024-04-16,Avery,61.0,
Linville Falls,2024-04-17,Avery,51.0,
Linville Falls,2024-04-18,Avery,49.0,27.0
Linville Falls,2024-04-19,Avery,46.0,
Linville Falls,2024-04-20,Avery,41.0,
Linville Falls,2024-04-21,Avery,35.0,17.0
Linville Falls,2024-04-22,Avery,46.0,
Linville Falls,2024-04-23,Avery,50.0,
Linville Falls,2024-04-24,Avery,49.0,27.0
Linville Falls,2024-04-25,Avery,58.0,
Linville Falls,2024-04-26,Avery,35.0,
Linville Falls,2024-04-27,Avery,49.0,41.0
Linville Falls,2024-04-28,Avery,44.0,
Linville Falls,2024-04-29,Avery,48.0,
Linville Falls,2024-04-30,Avery,38.0,26.0
Linville Falls,2024-05-01,Avery,47.0,
Linville Falls,2024-05-02,Avery,58.0,
Linville Falls,2024-05-03,Avery,37.0,41.0
Linville Falls,2024-05-04,Avery,38.0,
Linville Falls,2024-05-05,Avery,31.0,
Linville Falls,2024-05-06,Avery,41.0,22.0
Linville Falls,2024-05-07,Avery,34.0,
Linville Falls,2024-05-08,Avery,30.0,
Linville Falls,2024-05-09,Avery,44.0,
Linville Falls,2024-05-10,Avery,45.0,
Linville Falls,2024-05-11,Avery,43.0,
Linville Falls,2024-05-12,Avery,47.0,
Linville Falls,2024-05-13,Avery,44.0,
Linville Falls,2024-05-14,Avery,30.0,
Linville Falls,2024-05-15,Avery,39.0,13.0
Linville Falls,2024-05-16,Avery,41.0,
Linville Falls,2024-05-17,Avery,35.0,
Linville Falls,2024-05-18,Avery,31.0,18.0
Linville Falls,2024-05-19,Avery,31.0,
Linville Falls,2024-05-20,Avery,34.0,
Linville Falls,2024-05-21,Avery,41.0,34.0
Linville Falls,2024-05-22,Avery,44.0,
Linville Falls,2024-05-23,Avery,36.0,
Linville Falls,2024-05-24,Avery,47.0,24.0
Linville Falls,2024-05-25,Avery,37.0,
Linville Falls,2024-05-26,Avery,42.0,
Linville Falls,2024-05-27,Avery,40.0,25.0
Linville Falls,2024-05-28,Avery,46.0,
Linville Falls,2024-05-29,Avery,48.0,
Linville Falls,2024-05-30,Avery,41.0,13.0
Linville Falls,2024-05-31,Avery,40.0,
Linville Falls,2024-06-01,Avery,58.0,
Linville Falls,2024-06-02,Avery,36.0,28.0
Linville Falls,2024-06-03,Avery,35.0,
Linville Falls,2024-06-04,Avery,37.0,
Linville Falls,2024-06-05,Avery,29.0,24.0
Linville Falls,2024-06-06,Avery,42.0,
Linville Falls,2024-06-07,Avery,48.0,
Linville Falls,2024-06-08,Avery,51.0,25.0
Linville Falls,2024-06-09,Avery,41.0,
Linville Falls,2024-06-10,Avery,45.0,
Linville Falls,2024-06-11,Avery,43.0,24.0
Linville Falls,2024-06-12,Avery,47.0,
Linville Falls,2024-06-13,Avery,48.0,
Linville Falls,2024-06-14,Avery,47.0,50.0
Linville Falls,2024-06-15,Avery,45.0,
Linville Falls,2024-06-16,Avery,37.0,
Linville Falls,2024-06-17,Avery,33.0,56.0
Linville Falls,2024-06-18,Avery,42.0,
Linville Falls,2024-06-19,Avery,38.0,
Linville Falls,2024-06-20,Avery,40.0,31.0
Linville Falls,2024-06-21,Avery,42.0,
Linville Falls,2024-06-22,Avery,46.0,
Linville Falls,2024-06-23,Avery,42.0,44.0
Linville Falls,2024-06-24,Avery,58.0,
Linville Falls,2024-06-25,Avery,47.0,
Linville Falls,2024-06-26,Avery,61.0,29.0
Linville Falls,2024-06-27,Avery,36.0,
Linville Falls,2024-06-28,Avery,50.0,
Linville Falls,2024-06-29,Avery,28.0,33.0
Linville Falls,2024-06-30,Avery,31.0,
Linville Falls,2024-07-01,Avery,46.0,
Linville Falls,2024-07-02,Avery,47.0,21.0
Linville Falls,2024-07-03,Avery,47.0,
Linville Falls,2024-07-04,Avery,38.0,
Linville Falls,2024-07-05,Avery,27.0,33.0
Linville Falls,2024-07-06,Avery,31.0,
Linville Falls,2024-07-07,Avery,30.0,
Linville Falls,2024-07-08,Avery,26.0,25.0
Linville Falls,2024-07-09,Avery,31.0,
Linville Falls,2024-07-10,Avery,44.0,
Linville Falls,2024-07-11,Avery,42.0,20.0
Linville Falls,2024-07-12,Avery,43.0,
Linville Falls,2024-07-13,Avery,40.0,
Linville Falls,2024-07-14,Avery,47.0,40.0
Linville Falls,2024-07-15,Avery,40.0,
Linville Falls,2024-07-16,Avery,28.0,
Linville Falls,2024-07-17,Avery,28.0,39.0
Linville Falls,2024-07-18,Avery,33.0,
Linville Falls,2024-07-19,Avery,37.0,
Linville Falls,2024-07-20,Avery,31.0,21.0
Linville Falls,2024-07-21,Avery,25.0,
Linville Falls,2024-07-22,Avery,30.0,
Linville Falls,2024-07-23,Avery,30.0,24.0
Linville Falls,2024-07-24,Avery,30.0,
Linville Falls,2024-07-25,Avery,23.0,
Linville Falls,2024-07-26,Avery,31.0,56.0
Linville Falls,2024-07-27,Avery,35.0,
Linville Falls,2024-07-28,Avery,31.0,
Linville Falls,2024-07-29,Avery,26.0,24.0
Linville Falls,2024-07-30,Avery,35.0,
Linville Falls,2024-07-31,Avery,39.0,
Linville Falls,2024-08-01,Avery,26.0,31.0
Linville Falls,2024-08-02,Avery,27.0,
Linville Falls,2024-08-03,Avery,34.0,
Linville Falls,2024-08-04,Avery,38.0,29.0
Linville Falls,2024-08-05,Avery,40.0,
Linville Falls,2024-08-06,Avery,25.0,
Linville Falls,2024-08-07,Avery,28.0,12.0
Linville Falls,2024-08-08,Avery,26.0,
Linville Falls,2024-08-09,Avery,35.0,
Linville Falls,2024-08-10,Avery,40.0,43.0
Linville Falls,2024-08-11,Avery,37.0,
Linville Falls,2024-08-12,Avery,34.0,
Linville Falls,2024-08-13,Avery,31.0,36.0
Linville Falls,2024-08-14,Avery,35.0,
Linville Falls,2024-08-15,Avery,44.0,
Linville Falls,2024-08-16,Avery,32.0,41.0
Linville Falls,2024-08-17,Avery,37.0,
Linville Falls,2024-08-18,Avery,40.0,
Linville Falls,2024-08-19,Avery,32.0,18.0
Linville Falls,2024-08-20,Avery,36.0,
Linville Falls,2024-08-21,Avery,36.0,
Linville Falls,2024-08-22,Avery,40.0,38.0
Linville Falls,2024-08-23,Avery,43.0,
Linville Falls,2024-08-24,Avery,40.0,
Linville Falls,2024-08-25,Avery,44.0,48.0
Linville Falls,2024-08-26,Avery,39.0,
Linville Falls,2024-08-27,Avery,41.0,
Linville Falls,2024-08-28,Avery,46.0,54.0
Linville Falls,2024-08-29,Avery,39.0,
Linville Falls,2024-08-30,Avery,30.0,
Linville Falls,2024-08-31,Avery,34.0,45.0
Linville Falls,2024-09-01,Avery,31.0,
Linville Falls,2024-09-02,Avery,32.0,
Linville Falls,2024-09-03,Avery,31.0,17.0
Linville Falls,2024-09-04,Avery,37.0,
Linville Falls,2024-09-05,Avery,30.0,
Linville Falls,2024-09-06,Avery,32.0,26.0
Linville Falls,2024-09-07,Avery,32.0,
Linville Falls,2024-09-08,Avery,32.0,
Linville Falls,2024-09-09,Avery,35.0,18.0
Linville Falls,2024-09-10,Avery,39.0,
Linville Falls,2024-09-11,Avery,54.0,
Linville Falls,2024-09-12,Avery,50.0,38.0
Linville Falls,2024-09-13,Avery,35.0,
Linville Falls,2024-09-14,Avery,33.0,
Linville Falls,2024-09-15,Avery,31.0,19.0
Linville Falls,2024-09-16,Avery,31.0,
Linville Falls,2024-09-17,Avery,30.0,
Linville Falls,2024-09-18,Avery,28.0,26.0
Linville Falls,2024-09-19,Avery,22.0,
Linville Falls,2024-09-20,Avery,37.0,
Linville Falls,2024-09-21,Avery,35.0,33.0
Linville Falls,2024-09-22,Avery,37.0,
Linville Falls,2024-09-23,Avery,34.0,
Linville Falls,2024-09-24,Avery,31.0,38.0
Linville Falls,2024-09-25,Avery,36.0,
Linville Falls,2024-09-26,Avery,37.0,
Linville Falls,2024-11-08,Avery,,27.0
Linville Falls,2024-11-11,Avery,,13.0
Linville Falls,2024-11-14,Avery,,12.0
Linville Falls,2024-11-17,Avery,,19.0
Linville Falls,2024-11-29,Avery,,20.0
Linville Falls,2024-12-02,Avery,,11.0
Linville Falls,2024-12-05,Avery,,16.0
Linville Falls,2024-12-08,Avery,,6.0
Linville Falls,2024-12-11,Avery,,6.0
Linville Falls,2024-12-14,Avery,,26.0
Linville Falls,2024-12-17,Avery,,13.0
Linville Falls,2024-12-20,Avery,,13.0
Linville Falls,2024-12-23,Avery,,23.0
Linville Falls,2024-12-26,Avery,,38.0
Linville Falls,2024-12-29,Avery,,4.0
Linville Falls,2025-01-01,Avery,,4.0
Linville Falls,2025-01-04,Avery,,7.0
Linville Falls,2025-01-07,Avery,,8.0
Linville Falls,2025-01-10,Avery,,23.0
Linville Falls,2025-01-13,Avery,,28.0
Linville Falls,2025-01-19,Avery,,47.0
Linville Falls,2025-01-22,Avery,,18.0
Linville Falls,2025-01-25,Avery,,18.0
Linville Falls,2025-01-28,Avery,,13.0
Linville Falls,2025-01-31,Avery,,41.0
Linville Falls,2025-02-03,Avery,,31.0
Linville Falls,2025-02-06,Avery,,39.0
Linville Falls,2025-02-09,Avery,,17.0
Linville Falls,2025-02-12,Avery,,18.0
Linville Falls,2025-02-15,Avery,,22.0
Linville Falls,2025-02-18,Avery,,14.0
Linville Falls,2025-02-21,Avery,,9.0
Linville Falls,2025-02-24,Avery,,14.0
Linville Falls,2025-02-27,Avery,,30.0
Linville Falls,2025-03-01,Avery,47.0,
Linville Falls,2025-03-02,Avery,43.0,23.0
Linville Falls,2025-03-03,Avery,44.0,
Linville Falls,2025-03-04,Avery,44.0,
Linville Falls,2025-03-05,Avery,45.0,20.0
Linville Falls,2025-03-06,Avery,38.0,
Linville Falls,2025-03-07,Avery,41.0,
Linville Falls,2025-03-08,Avery,42.0,26.0
Linville Falls,2025-03-09,Avery,44.0,
Linville Falls,2025-03-10,Avery,43.0,
Linville Falls,2025-03-11,Avery,51.0,21.0
Linville Falls,2025-03-12,Avery,71.0,
Linville Falls,2025-03-13,Avery,67.0,
Linville Falls,2025-03-14,Avery,67.0,57.0
Linville Falls,2025-03-15,Avery,41.0,
Linville Falls,2025-03-16,Avery,43.0,
Linville Falls,2025-03-17,Avery,33.0,11.0
Linville Falls,2025-03-18,Avery,47.0,
Linville Falls,2025-03-19,Avery,58.0,
Linville Falls,2025-03-20,Avery,38.0,51.0
Linville Falls,2025-03-21,Avery,44.0,
Linville Falls,2025-03-22,Avery,49.0,
Linville Falls,2025-03-23,Avery,61.0,44.0
Linville Falls,2025-03-24,Avery,45.0,
Linville Falls,2025-03-25,Avery,48.0,
Linville Falls,2025-03-26,Avery,46.0,14.0
Linville Falls,2025-03-27,Avery,51.0,
Linville Falls,2025-03-28,Avery,80.0,
Linville Falls,2025-03-29,Avery,46.0,68.0
Linville Falls,2025-03-30,Avery,38.0,
Linville Falls,2025-03-31,Avery,40.0,
Linville Falls,2025-04-01,Avery,37.0,4.0
Linville Falls,2025-04-02,Avery,28.0,
Linville Falls,2025-04-03,Avery,31.0,
Linville Falls,2025-04-04,Avery,32.0,34.0
Linville Falls,2025-04-05,Avery,43.0,
Linville Falls,2025-04-06,Avery,45.0,
Linville Falls,2025-04-07,Avery,43.0,8.0
Linville Falls,2025-04-08,Avery,48.0,
Linville Falls,2025-04-09,Avery,48.0,
Linville Falls,2025-04-10,Avery,38.0,33.0
Linville Falls,2025-04-11,Avery,45.0,
Linville Falls,2025-04-12,Avery,42.0,
Linville Falls,2025-04-13,Avery,48.0,18.0
Linville Falls,2025-04-14,Avery,67.0,
Linville Falls,2025-04-15,Avery,44.0,
Linville Falls,2025-04-16,Avery,48.0,17.0
Linville Falls,2025-04-17,Avery,67.0,
Linville Falls,2025-04-18,Avery,90.0,
Linville Falls,2025-04-19,Avery,51.0,54.0
Linville Falls,2025-04-20,Avery,50.0,
Linville Falls,2025-04-21,Avery,46.0,
Linville Falls,2025-04-22,Avery,42.0,24.0
Linville Falls,2025-04-23,Avery,45.0,
Linville Falls,2025-04-24,Avery,42.0,
Linville Falls,2025-04-25,Avery,34.0,32.0
Linville Falls,2025-04-26,Avery,44.0,
Linville Falls,2025-04-27,Avery,46.0,
Linville Falls,2025-04-28,Avery,50.0,26.0
Linville Falls,2025-04-29,Avery,46.0,
Linville Falls,2025-04-30,Avery,37.0,
Linville Falls,2025-05-01,Avery,42.0,41.0
Linville Falls,2025-05-02,Avery,44.0,
Linville Falls,2025-05-03,Avery,39.0,
Linville Falls,2025-05-04,Avery,41.0,11.0
Linville Falls,2025-05-05,Avery,41.0,
Linville Falls,2025-05-06,Avery,42.0,
Linville Falls,2025-05-07,Avery,44.0,20.0
Linville Falls,2025-05-08,Avery,43.0,
Linville Falls,2025-05-10,Avery,43.0,
Linville Falls,2025-05-11,Avery,40.0,
Linville Falls,2025-05-12,Avery,33.0,
Linville Falls,2025-05-13,Avery,43.0,11.0
Linville Falls,2025-05-14,Avery,41.0,
Linville Falls,2025-05-15,Avery,42.0,
Linville Falls,2025-05-16,Avery,34.0,51.0
Linville Falls,2025-05-17,Avery,48.0,
Linville Falls,2025-05-18,Avery,47.0,
Linville Falls,2025-05-19,Avery,40.0,26.0
Linville Falls,2025-05-20,Avery,37.0,
Linville Falls,2025-05-21,Avery,44.0,
Linville Falls,2025-05-22,Avery,49.0,12.0
Linville Falls,2025-05-23,Avery,41.0,
Linville Falls,2025-05-24,Avery,43.0,
Linville Falls,2025-05-25,Avery,40.0,26.0
Linville Falls,2025-05-26,Avery,29.0,
Linville Falls,2025-05-27,Avery,29.0,
Linville Falls,2025-05-28,Avery,27.0,12.0
Linville Falls,2025-05-29,Avery,29.0,
Linville Falls,2025-05-30,Avery,44.0,
Linville Falls,2025-05-31,Avery,48.0,48.0
Linville Falls,2025-06-01,Avery,46.0,
Linville Falls,2025-06-02,Avery,46.0,
Linville Falls,2025-06-03,Avery,50.0,55.0
Linville Falls,2025-06-04,Avery,49.0,
Linville Falls,2025-06-05,Avery,31.0,
Linville Falls,2025-06-06,Avery,37.0,51.0
Linville Falls,2025-06-07,Avery,35.0,
Linville Falls,2025-06-08,Avery,42.0,
Linville Falls,2025-06-09,Avery,42.0,26.0
Linville Falls,2025-06-10,Avery,40.0,
Linville Falls,2025-06-11,Avery,44.0,
Linville Falls,2025-06-12,Avery,39.0,41.0
Linville Falls,2025-06-13,Avery,26.0,
Linville Falls,2025-06-14,Avery,27.0,
Linville Falls,2025-06-15,Avery,26.0,18.0
Linville Falls,2025-06-16,Avery,27.0,
Linville Falls,2025-06-17,Avery,28.0,
Linville Falls,2025-06-18,Avery,30.0,18.0
Linville Falls,2025-06-19,Avery,31.0,
Linville Falls,2025-06-20,Avery,44.0,
Linville Falls,2025-06-21,Avery,38.0,32.0
Linville Falls,2025-06-22,Avery,37.0,
Linville Falls,2025-06-23,Avery,35.0,
Linville Falls,2025-06-24,Avery,34.0,52.0
Linville Falls,2025-06-25,Avery,29.0,
Linville Falls,2025-07-01,Avery,31.0,
Linville Falls,2025-07-02,Avery,42.0,
Linville Falls,2025-07-03,Avery,45.0,31.0
Linville Falls,2025-07-04,Avery,45.0,
Linville Falls,2025-07-05,Avery,41.0,
Linville Falls,2025-07-06,Avery,39.0,38.0
Linville Falls,2025-07-07,Avery,37.0,
Linville Falls,2025-07-08,Avery,35.0,
Linville Falls,2025-07-09,Avery,32.0,39.0
Linville Falls,2025-07-10,Avery,29.0,
Linville Falls,2025-07-11,Avery,25.0,
Linville Falls,2025-07-12,Avery,28.0,27.0
Linville Falls,2025-07-13,Avery,24.0,
Linville Falls,2025-07-14,Avery,28.0,
Linville Falls,2025-07-15,Avery,25.0,28.0
Linville Falls,2025-07-16,Avery,34.0,
Linville Falls,2025-07-17,Avery,31.0,
Linville Falls,2025-07-18,Avery,28.0,20.0
Linville Falls,2025-07-19,Avery,29.0,
Linville Falls,2025-07-20,Avery,31.0,
Linville Falls,2025-07-21,Avery,30.0,47.0
Linville Falls,2025-07-22,Avery,31.0,
Linville Falls,2025-07-23,Avery,39.0,
Linville Falls,2025-07-24,Avery,41.0,44.0
Linville Falls,2025-07-25,Avery,31.0,
Linville Falls,2025-07-26,Avery,31.0,
Linville Falls,2025-07-27,Avery,25.0,22.0
Linville Falls,2025-07-28,Avery,29.0,
Linville Falls,2025-07-29,Avery,24.0,
Linville Falls,2025-07-30,Avery,32.0,30.0
Linville Falls,2025-07-31,Avery,25.0,
Linville Falls,2025-08-01,Avery,33.0,
Linville Falls,2025-08-02,Avery,31.0,2.0
Linville Falls,2025-08-03,Avery,33.0,
Linville Falls,2025-08-04,Avery,35.0,
Linville Falls,2025-08-05,Avery,33.0,16.0
Linville Falls,2025-08-06,Avery,26.0,
Linville Falls,2025-08-07,Avery,31.0,
Linville Falls,2025-08-08,Avery,34.0,65.0
Linville Falls,2025-08-09,Avery,32.0,
Linville Falls,2025-08-10,Avery,28.0,
Linville Falls,2025-08-11,Avery,21.0,10.0
Linville Falls,2025-08-12,Avery,19.0,
Linville Falls,2025-08-13,Avery,22.0,
Linville Falls,2025-08-14,Avery,27.0,19.0
Linville Falls,2025-08-15,Avery,29.0,
Linville Falls,2025-08-16,Avery,26.0,
Linville Falls,2025-08-17,Avery,38.0,51.0
Linville Falls,2025-08-18,Avery,32.0,
Linville Falls,2025-08-19,Avery,29.0,
Linville Falls,2025-08-20,Avery,31.0,38.0
Linville Falls,2025-08-21,Avery,24.0,
Linville Falls,2025-08-22,Avery,31.0,
Linville Falls,2025-08-23,Avery,30.0,28.0
Linville Falls,2025-08-24,Avery,30.0,
Linville Falls,2025-08-25,Avery,34.0,
Linville Falls,2025-08-26,Avery,37.0,24.0
Linville Falls,2025-08-27,Avery,37.0,
Linville Falls,2025-08-28,Avery,41.0,
Linville Falls,2025-08-29,Avery,39.0,23.0
Linville Falls,2025-08-30,Avery,32.0,
Linville Falls,2025-08-31,Avery,31.0,
Linville Falls,2025-09-01,Avery,36.0,21.0
Linville Falls,2025-09-02,Avery,31.0,
Linville Falls,2025-09-03,Avery,29.0,
Linville Falls,2025-09-04,Avery,27.0,26.0
Linville Falls,2025-09-05,Avery,31.0,
Linville Falls,2025-09-06,Avery,34.0,
Linville Falls,2025-09-07,Avery,30.0,19.0
Linville Falls,2025-09-08,Avery,34.0,
Linville Falls,2025-09-09,Avery,34.0,
Linville Falls,2025-09-10,Avery,39.0,19.0
Linville Falls,2025-09-11,Avery,43.0,
Linville Falls,2025-09-12,Avery,40.0,
Linville Falls,2025-09-13,Avery,41.0,31.0
Linville Falls,2025-09-14,Avery,41.0,
Linville Falls,2025-09-15,Avery,40.0,
Linville Falls,2025-09-16,Avery,31.0,36.0
Linville Falls,2025-09-17,Avery,38.0,
Linville Falls,2025-09-18,Avery,37.0,
Linville Falls,2025-09-19,Avery,34.0,34.0
Linville Falls,2025-09-20,Avery,44.0,
Linville Falls,2025-09-21,Avery,43.0,
Linville Falls,2025-09-22,Avery,43.0,47.0
Linville Falls,2025-09-23,Avery,33.0,
Linville Falls,2025-09-24,Avery,31.0,
Linville Falls,2025-09-25,Avery,27.0,19.0
Linville Falls,2025-09-26,Avery,29.0,
Linville Falls,2025-09-27,Avery,29.0,
Linville Falls,2025-09-28,Avery,29.0,21.0
Linville Falls,2025-09-29,Avery,35.0,
Linville Falls,2025-09-30,Avery,29.0,
Linville Falls,2025-10-01,Avery,41.0,
Linville Falls,2025-10-02,Avery,38.0,
Linville Falls,2025-10-03,Avery,29.0,
Linville Falls,2025-10-04,Avery,34.0,
Linville Falls,2025-10-05,Avery,29.0,
Linville Falls,2025-10-06,Avery,33.0,
Linville Falls,2025-10-07,Avery,30.0,
Linville Falls,2025-10-08,Avery,31.0,
Linville Falls,2025-10-09,Avery,35.0,
Linville Falls,2025-10-10,Avery,35.0,
Linville Falls,2025-10-11,Avery,38.0,
Linville Falls,2025-10-12,Avery,31.0,
Linville Falls,2025-10-13,Avery,37.0,
Linville Falls,2025-10-14,Avery,38.0,
Linville Falls,2025-10-15,Avery,44.0,
Linville Falls,2025-10-16,Avery,40.0,
Linville Falls,2025-10-17,Avery,40.0,
Linville Falls,2025-10-18,Avery,46.0,
Linville Falls,2025-10-20,Avery,34.0,
Linville Falls,2025-10-21,Avery,42.0,
Linville Falls,2025-10-22,Avery,38.0,
Linville Falls,2025-10-23,Avery,40.0,
Linville Falls,2025-10-24,Avery,38.0,
Linville Falls,2025-10-25,Avery,34.0,
Linville Falls,2025-10-26,Avery,35.0,
Linville Falls,2025-10-27,Avery,32.0,
Linville Falls,2025-10-28,Avery,34.0,
Linville Falls,2025-10-29,Avery,18.0,
Linville Falls,2025-10-30,Avery,29.0,
Linville Falls,2025-10-31,Avery,33.0,
Linville Falls,2025-11-01,Avery,34.0,
Linville Falls,2025-11-02,Avery,37.0,
Mendenhall School,2024-01-01,Guilford,,53.0
Mendenhall School,2024-01-02,Guilford,,33.0
Mendenhall School,2024-01-03,Guilford,,55.0
Mendenhall School,2024-01-04,Guilford,,31.0
Mendenhall School,2024-01-05,Guilford,,51.0
Mendenhall School,2024-01-06,Guilford,,48.0
Mendenhall School,2024-01-07,Guilford,,24.0
Mendenhall School,2024-01-08,Guilford,,27.0
Mendenhall School,2024-01-09,Guilford,,27.0
Mendenhall School,2024-01-10,Guilford,,24.0
Mendenhall School,2024-01-11,Guilford,,46.0
Mendenhall School,2024-01-12,Guilford,,55.0
Mendenhall School,2024-01-13,Guilford,,22.0
Mendenhall School,2024-01-14,Guilford,,32.0
Mendenhall School,2024-01-15,Guilford,,39.0
Mendenhall School,2024-01-16,Guilford,,39.0
Mendenhall School,2024-01-23,Guilford,,60.0
Mendenhall School,2024-01-24,Guilford,,55.0
Mendenhall School,2024-01-25,Guilford,,17.0
Mendenhall School,2024-01-26,Guilford,,29.0
Mendenhall School,2024-01-27,Guilford,,24.0
Mendenhall School,2024-01-28,Guilford,,8.0
Mendenhall School,2024-01-29,Guilford,,0.0
Mendenhall School,2024-01-30,Guilford,,19.0
Mendenhall School,2024-01-31,Guilford,,35.0
Mendenhall School,2024-02-01,Guilford,,28.0
Mendenhall School,2024-02-02,Guilford,,35.0
Mendenhall School,2024-02-06,Guilford,,32.0
Mendenhall School,2024-02-07,Guilford,,37.0
Mendenhall School,2024-02-08,Guilford,,52.0
Mendenhall School,2024-02-09,Guilford,,69.0
Mendenhall School,2024-02-10,Guilford,,59.0
Mendenhall School,2024-02-11,Guilford,,29.0
Mendenhall School,2024-02-12,Guilford,,21.0
Mendenhall School,2024-02-13,Guilford,,12.0
Mendenhall School,2024-02-14,Guilford,,29.0
Mendenhall School,2024-02-15,Guilford,,36.0
Mendenhall School,2024-02-16,Guilford,,39.0
Mendenhall School,2024-02-17,Guilford,,27.0
Mendenhall School,2024-02-18,Guilford,,29.0
Mendenhall School,2024-02-19,Guilford,,32.0
Mendenhall School,2024-02-20,Guilford,,49.0
Mendenhall School,2024-02-21,Guilford,,54.0
Mendenhall School,2024-02-22,Guilford,,77.0
Mendenhall School,2024-02-23,Guilford,,73.0
Mendenhall School,2024-02-24,Guilford,,18.0
Mendenhall School,2024-02-25,Guilford,,21.0
Mendenhall School,2024-02-26,Guilford,,57.0
Mendenhall School,2024-02-27,Guilford,,63.0
Mendenhall School,2024-02-28,Guilford,,52.0
Mendenhall School,2024-02-29,Guilford,,17.0
Mendenhall School,2024-03-01,Guilford,29.0,41.0
Mendenhall School,2024-03-02,Guilford,34.0,18.0
Mendenhall School,2024-03-03,Guilford,33.0,52.0
Mendenhall School,2024-03-04,Guilford,37.0,28.0
Mendenhall School,2024-03-05,Guilford,40.0,18.0
Mendenhall School,2024-03-06,Guilford,21.0,34.0
Mendenhall School,2024-03-07,Guilford,36.0,16.0
Mendenhall School,2024-03-08,Guilford,34.0,24.0
Mendenhall School,2024-03-09,Guilford,23.0,12.0
Mendenhall School,2024-03-10,Guilford,40.0,10.0
Mendenhall School,2024-03-11,Guilford,43.0,6.0
Mendenhall School,2024-03-12,Guilford,43.0,19.0
Mendenhall School,2024-03-13,Guilford,51.0,41.0
Mendenhall School,2024-03-14,Guilford,80.0,62.0
Mendenhall School,2024-03-15,Guilford,39.0,87.0
Mendenhall School,2024-03-16,Guilford,44.0,41.0
Mendenhall School,2024-03-17,Guilford,43.0,32.0
Mendenhall School,2024-03-18,Guilford,44.0,13.0
Mendenhall School,2024-03-19,Guilford,37.0,20.0
Mendenhall School,2024-03-20,Guilford,45.0,32.0
Mendenhall School,2024-03-21,Guilford,48.0,25.0
Mendenhall School,2024-03-22,Guilford,33.0,55.0
Mendenhall School,2024-03-23,Guilford,38.0,13.0
Mendenhall School,2024-03-24,Guilford,43.0,22.0
Mendenhall School,2024-03-25,Guilford,46.0,32.0
Mendenhall School,2024-03-26,Guilford,36.0,48.0
Mendenhall School,2024-03-27,Guilford,20.0,22.0
Mendenhall School,2024-03-28,Guilford,43.0,18.0
Mendenhall School,2024-03-29,Guilford,48.0,40.0
Mendenhall School,2024-03-30,Guilford,64.0,46.0
Mendenhall School,2024-03-31,Guilford,58.0,53.0
Mendenhall School,2024-04-01,Guilford,47.0,59.0
Mendenhall School,2024-04-02,Guilford,48.0,64.0
Mendenhall School,2024-04-03,Guilford,44.0,37.0
Mendenhall School,2024-04-04,Guilford,38.0,11.0
Mendenhall School,2024-04-05,Guilford,36.0,6.0
Mendenhall School,2024-04-06,Guilford,41.0,16.0
Mendenhall School,2024-04-07,Guilford,47.0,28.0
Mendenhall School,2024-04-08,Guilford,58.0,56.0
Mendenhall School,2024-04-09,Guilford,39.0,53.0
Mendenhall School,2024-04-10,Guilford,34.0,52.0
Mendenhall School,2024-04-11,Guilford,37.0,23.0
Mendenhall School,2024-04-12,Guilford,45.0,8.0
Mendenhall School,2024-04-13,Guilford,45.0,22.0
Mendenhall School,2024-04-14,Guilford,74.0,47.0
Mendenhall School,2024-04-15,Guilford,87.0,56.0
Mendenhall School,2024-04-16,Guilford,50.0,58.0
Mendenhall School,2024-04-17,Guilford,58.0,64.0
Mendenhall School,2024-04-18,Guilford,45.0,42.0
Mendenhall School,2024-04-19,Guilford,39.0,60.0
Mendenhall School,2024-04-20,Guilford,37.0,55.0
Mendenhall School,2024-04-21,Guilford,27.0,23.0
Mendenhall School,2024-04-22,Guilford,42.0,32.0
Mendenhall School,2024-04-23,Guilford,50.0,41.0
Mendenhall School,2024-04-24,Guilford,43.0,51.0
Mendenhall School,2024-04-25,Guilford,49.0,35.0
Mendenhall School,2024-04-26,Guilford,44.0,51.0
Mendenhall School,2024-04-27,Guilford,44.0,44.0
Mendenhall School,2024-04-28,Guilford,44.0,43.0
Mendenhall School,2024-04-29,Guilford,58.0,53.0
Mendenhall School,2024-04-30,Guilford,43.0,51.0
Mendenhall School,2024-05-01,Guilford,47.0,53.0
Mendenhall School,2024-05-02,Guilford,90.0,57.0
Mendenhall School,2024-05-03,Guilford,61.0,55.0
Mendenhall School,2024-05-04,Guilford,11.0,45.0
Mendenhall School,2024-05-05,Guilford,18.0,18.0
Mendenhall School,2024-05-06,Guilford,32.0,43.0
Mendenhall School,2024-05-07,Guilford,38.0,37.0
Mendenhall School,2024-05-08,Guilford,37.0,53.0
Mendenhall School,2024-05-09,Guilford,45.0,24.0
Mendenhall School,2024-05-10,Guilford,43.0,27.0
Mendenhall School,2024-05-11,Guilford,42.0,24.0
Mendenhall School,2024-05-12,Guilford,44.0,27.0
Mendenhall School,2024-05-13,Guilford,43.0,43.0
Mendenhall School,2024-05-14,Guilford,29.0,27.0
Mendenhall School,2024-05-15,Guilford,30.0,13.0
Mendenhall School,2024-05-16,Guilford,42.0,17.0
Mendenhall School,2024-05-17,Guilford,33.0,35.0
Mendenhall School,2024-05-18,Guilford,31.0,31.0
Mendenhall School,2024-05-19,Guilford,33.0,15.0
Mendenhall School,2024-05-20,Guilford,39.0,26.0
Mendenhall School,2024-05-21,Guilford,58.0,37.0
Mendenhall School,2024-05-22,Guilford,49.0,51.0
Mendenhall School,2024-05-23,Guilford,46.0,52.0
Mendenhall School,2024-05-24,Guilford,41.0,39.0
Mendenhall School,2024-05-25,Guilford,47.0,44.0
Mendenhall School,2024-05-26,Guilford,46.0,46.0
Mendenhall School,2024-05-27,Guilford,49.0,33.0
Mendenhall School,2024-05-28,Guilford,46.0,26.0
Mendenhall School,2024-05-29,Guilford,50.0,23.0
Mendenhall School,2024-05-30,Guilford,40.0,17.0
Mendenhall School,2024-05-31,Guilford,46.0,29.0
Mendenhall School,2024-06-01,Guilford,50.0,46.0
Mendenhall School,2024-06-02,Guilford,44.0,47.0
Mendenhall School,2024-06-03,Guilford,40.0,43.0
Mendenhall School,2024-06-04,Guilford,42.0,44.0
Mendenhall School,2024-06-05,Guilford,37.0,46.0
Mendenhall School,2024-06-06,Guilford,41.0,42.0
Mendenhall School,2024-06-07,Guilford,51.0,31.0
Mendenhall School,2024-06-08,Guilford,71.0,39.0
Mendenhall School,2024-06-09,Guilford,45.0,48.0
Mendenhall School,2024-06-10,Guilford,49.0,23.0
Mendenhall School,2024-06-11,Guilford,40.0,35.0
Mendenhall School,2024-06-12,Guilford,50.0,53.0
Mendenhall School,2024-06-13,Guilford,61.0,55.0
Mendenhall School,2024-06-14,Guilford,64.0,58.0
Mendenhall School,2024-06-15,Guilford,58.0,50.0
Mendenhall School,2024-06-16,Guilford,43.0,51.0
Mendenhall School,2024-06-17,Guilford,45.0,51.0
Mendenhall School,2024-06-18,Guilford,47.0,52.0
Mendenhall School,2024-06-19,Guilford,51.0,34.0
Mendenhall School,2024-06-20,Guilford,44.0,48.0
Mendenhall School,2024-06-21,Guilford,51.0,53.0
Mendenhall School,2024-06-22,Guilford,31.0,42.0
Mendenhall School,2024-06-23,Guilford,34.0,44.0
Mendenhall School,2024-06-24,Guilford,50.0,38.0
Mendenhall School,2024-06-25,Guilford,67.0,39.0
Mendenhall School,2024-06-26,Guilford,84.0,62.0
Mendenhall School,2024-06-27,Guilford,46.0,41.0
Mendenhall School,2024-06-28,Guilford,74.0,52.0
Mendenhall School,2024-06-29,Guilford,37.0,49.0
Mendenhall School,2024-06-30,Guilford,42.0,47.0
Mendenhall School,2024-07-01,Guilford,42.0,28.0
Mendenhall School,2024-07-02,Guilford,58.0,26.0
Mendenhall School,2024-07-03,Guilford,51.0,51.0
Mendenhall School,2024-07-04,Guilford,46.0,61.0
Mendenhall School,2024-07-05,Guilford,41.0,65.0
Mendenhall School,2024-07-06,Guilford,51.0,35.0
Mendenhall School,2024-07-07,Guilford,29.0,38.0
Mendenhall School,2024-07-08,Guilford,47.0,43.0
Mendenhall School,2024-07-09,Guilford,43.0,53.0
Mendenhall School,2024-07-10,Guilford,40.0,37.0
Mendenhall School,2024-07-11,Guilford,49.0,22.0
Mendenhall School,2024-07-12,Guilford,30.0,26.0
Mendenhall School,2024-07-13,Guilford,44.0,27.0
Mendenhall School,2024-07-14,Guilford,58.0,54.0
Mendenhall School,2024-07-15,Guilford,100.0,59.0
Mendenhall School,2024-07-16,Guilford,64.0,58.0
Mendenhall School,2024-07-17,Guilford,51.0,51.0
Mendenhall School,2024-07-18,Guilford,46.0,46.0
Mendenhall School,2024-07-19,Guilford,42.0,45.0
Mendenhall School,2024-07-20,Guilford,33.0,28.0
Mendenhall School,2024-07-21,Guilford,44.0,31.0
Mendenhall School,2024-07-22,Guilford,39.0,26.0
Mendenhall School,2024-07-23,Guilford,39.0,31.0
Mendenhall School,2024-07-24,Guilford,40.0,31.0
Mendenhall School,2024-07-25,Guilford,27.0,22.0
Mendenhall School,2024-07-26,Guilford,33.0,51.0
Mendenhall School,2024-07-27,Guilford,47.0,60.0
Mendenhall School,2024-07-28,Guilford,46.0,61.0
Mendenhall School,2024-07-29,Guilford,33.0,53.0
Mendenhall School,2024-07-30,Guilford,48.0,39.0
Mendenhall School,2024-07-31,Guilford,51.0,37.0
Mendenhall School,2024-08-01,Guilford,45.0,47.0
Mendenhall School,2024-08-02,Guilford,38.0,56.0
Mendenhall School,2024-08-03,Guilford,34.0,59.0
Mendenhall School,2024-08-04,Guilford,44.0,43.0
Mendenhall School,2024-08-05,Guilford,42.0,41.0
Mendenhall School,2024-08-06,Guilford,20.0,18.0
Mendenhall School,2024-08-07,Guilford,22.0,26.0
Mendenhall School,2024-08-08,Guilford,27.0,14.0
Mendenhall School,2024-08-09,Guilford,34.0,25.0
Mendenhall School,2024-08-10,Guilford,43.0,46.0
Mendenhall School,2024-08-11,Guilford,38.0,51.0
Mendenhall School,2024-08-12,Guilford,36.0,44.0
Mendenhall School,2024-08-13,Guilford,21.0,48.0
Mendenhall School,2024-08-14,Guilford,37.0,44.0
Mendenhall School,2024-08-15,Guilford,45.0,50.0
Mendenhall School,2024-08-16,Guilford,47.0,59.0
Mendenhall School,2024-08-17,Guilford,41.0,54.0
Mendenhall School,2024-08-18,Guilford,43.0,34.0
Mendenhall School,2024-08-19,Guilford,34.0,23.0
Mendenhall School,2024-08-20,Guilford,36.0,41.0
Mendenhall School,2024-08-21,Guilford,41.0,37.0
Mendenhall School,2024-08-22,Guilford,43.0,41.0
Mendenhall School,2024-08-23,Guilford,42.0,53.0
Mendenhall School,2024-08-24,Guilford,45.0,54.0
Mendenhall School,2024-08-25,Guilford,46.0,54.0
Mendenhall School,2024-08-26,Guilford,122.0,59.0
Mendenhall School,2024-08-27,Guilford,54.0,64.0
Mendenhall School,2024-08-28,Guilford,87.0,67.0
Mendenhall School,2024-08-29,Guilford,67.0,63.0
Mendenhall School,2024-08-30,Guilford,51.0,54.0
Mendenhall School,2024-08-31,Guilford,45.0,52.0
Mendenhall School,2024-09-01,Guilford,39.0,39.0
Mendenhall School,2024-09-02,Guilford,33.0,40.0
Mendenhall School,2024-09-03,Guilford,30.0,16.0
Mendenhall School,2024-09-04,Guilford,32.0,27.0
Mendenhall School,2024-09-05,Guilford,37.0,26.0
Mendenhall School,2024-09-06,Guilford,45.0,34.0
Mendenhall School,2024-09-07,Guilford,36.0,33.0
Mendenhall School,2024-09-08,Guilford,37.0,21.0
Mendenhall School,2024-09-09,Guilford,44.0,31.0
Mendenhall School,2024-09-10,Guilford,45.0,36.0
Mendenhall School,2024-09-11,Guilford,49.0,43.0
Mendenhall School,2024-09-12,Guilford,45.0,50.0
Mendenhall School,2024-09-13,Guilford,24.0,34.0
Mendenhall School,2024-09-14,Guilford,29.0,28.0
Mendenhall School,2024-09-15,Guilford,25.0,34.0
Mendenhall School,2024-09-16,Guilford,26.0,29.0
Mendenhall School,2024-09-17,Guilford,21.0,18.0
Mendenhall School,2024-09-18,Guilford,33.0,34.0
Mendenhall School,2024-09-19,Guilford,25.0,16.0
Mendenhall School,2024-09-20,Guilford,30.0,24.0
Mendenhall School,2024-09-21,Guilford,44.0,53.0
Mendenhall School,2024-09-22,Guilford,39.0,49.0
Mendenhall School,2024-09-23,Guilford,19.0,53.0
Mendenhall School,2024-09-24,Guilford,22.0,57.0
Mendenhall School,2024-09-25,Guilford,34.0,39.0
Mendenhall School,2024-09-26,Guilford,19.0,23.0
Mendenhall School,2024-09-27,Guilford,24.0,26.0
Mendenhall School,2024-09-28,Guilford,40.0,52.0
Mendenhall School,2024-09-29,Guilford,32.0,57.0
Mendenhall School,2024-09-30,Guilford,25.0,59.0
Mendenhall School,2024-10-01,Guilford,21.0,11.0
Mendenhall School,2024-10-02,Guilford,29.0,18.0
Mendenhall School,2024-10-03,Guilford,29.0,37.0
Mendenhall School,2024-10-04,Guilford,31.0,39.0
Mendenhall School,2024-10-05,Guilford,50.0,46.0
Mendenhall School,2024-10-06,Guilford,39.0,54.0
Mendenhall School,2024-10-07,Guilford,42.0,51.0
Mendenhall School,2024-10-08,Guilford,34.0,42.0
Mendenhall School,2024-10-09,Guilford,43.0,29.0
Mendenhall School,2024-10-10,Guilford,35.0,24.0
Mendenhall School,2024-10-11,Guilford,34.0,
Mendenhall School,2024-10-12,Guilford,44.0,
Mendenhall School,2024-10-13,Guilford,47.0,
Mendenhall School,2024-10-14,Guilford,39.0,
Mendenhall School,2024-10-15,Guilford,29.0,
Mendenhall School,2024-10-16,Guilford,25.0,9.0
Mendenhall School,2024-10-17,Guilford,32.0,24.0
Mendenhall School,2024-10-18,Guilford,35.0,34.0
Mendenhall School,2024-10-19,Guilford,40.0,46.0
Mendenhall School,2024-10-20,Guilford,40.0,47.0
Mendenhall School,2024-10-21,Guilford,41.0,36.0
Mendenhall School,2024-10-22,Guilford,54.0,52.0
Mendenhall School,2024-10-23,Guilford,51.0,47.0
Mendenhall School,2024-10-24,Guilford,44.0,50.0
Mendenhall School,2024-10-25,Guilford,50.0,56.0
Mendenhall School,2024-10-26,Guilford,43.0,55.0
Mendenhall School,2024-10-27,Guilford,26.0,40.0
Mendenhall School,2024-10-28,Guilford,36.0,48.0
Mendenhall School,2024-10-29,Guilford,42.0,52.0
Mendenhall School,2024-10-30,Guilford,38.0,52.0
Mendenhall School,2024-10-31,Guilford,38.0,49.0
Mendenhall School,2024-11-01,Guilford,,42.0
Mendenhall School,2024-11-02,Guilford,,37.0
Mendenhall School,2024-11-03,Guilford,,44.0
Mendenhall School,2024-11-04,Guilford,,37.0
Mendenhall School,2024-11-05,Guilford,,47.0
Mendenhall School,2024-11-06,Guilford,,47.0
Mendenhall School,2024-11-07,Guilford,,33.0
Mendenhall School,2024-11-08,Guilford,,45.0
Mendenhall School,2024-11-09,Guilford,,36.0
Mendenhall School,2024-11-10,Guilford,,46.0
Mendenhall School,2024-11-11,Guilford,,47.0
Mendenhall School,2024-11-12,Guilford,,24.0
Mendenhall School,2024-11-13,Guilford,,18.0
Mendenhall School,2024-11-14,Guilford,,27.0
Mendenhall School,2024-11-15,Guilford,,13.0
Mendenhall School,2024-11-16,Guilford,,37.0
Mendenhall School,2024-11-17,Guilford,,53.0
Mendenhall School,2024-11-18,Guilford,,59.0
Mendenhall School,2024-11-19,Guilford,,58.0
Mendenhall School,2024-11-20,Guilford,,43.0
Mendenhall School,2024-11-21,Guilford,,12.0
Mendenhall School,2024-11-22,Guilford,,5.0
Mendenhall School,2024-11-23,Guilford,,9.0
Mendenhall School,2024-11-24,Guilford,,46.0
Mendenhall School,2024-11-25,Guilford,,64.0
Mendenhall School,2024-11-26,Guilford,,50.0
Mendenhall School,2024-11-27,Guilford,,40.0
Mendenhall School,2024-11-28,Guilford,,37.0
Mendenhall School,2024-11-29,Guilford,,22.0
Mendenhall School,2024-11-30,Guilford,,28.0
Mendenhall School,2024-12-01,Guilford,,32.0
Mendenhall School,2024-12-02,Guilford,,19.0
Mendenhall School,2024-12-03,Guilford,,23.0
Mendenhall School,2024-12-04,Guilford,,52.0
Mendenhall School,2024-12-05,Guilford,,46.0
Mendenhall School,2024-12-06,Guilford,,26.0
Mendenhall School,2024-12-07,Guilford,,46.0
Mendenhall School,2024-12-08,Guilford,,52.0
Mendenhall School,2024-12-09,Guilford,,56.0
Mendenhall School,2024-12-10,Guilford,,55.0
Mendenhall School,2024-12-11,Guilford,,13.0
Mendenhall School,2024-12-12,Guilford,,31.0
Mendenhall School,2024-12-13,Guilford,,52.0
Mendenhall School,2024-12-14,Guilford,,53.0
Mendenhall School,2024-12-15,Guilford,,29.0
Mendenhall School,2024-12-16,Guilford,,34.0
Mendenhall School,2024-12-17,Guilford,,46.0
Mendenhall School,2024-12-18,Guilford,,52.0
Mendenhall School,2024-12-19,Guilford,,9.0
Mendenhall School,2024-12-20,Guilford,,21.0
Mendenhall School,2024-12-21,Guilford,,7.0
Mendenhall School,2024-12-22,Guilford,,44.0
Mendenhall School,2024-12-23,Guilford,,60.0
Mendenhall School,2024-12-24,Guilford,,59.0
Mendenhall School,2024-12-25,Guilford,,51.0
Mendenhall School,2024-12-26,Guilford,,51.0
Mendenhall School,2024-12-27,Guilford,,55.0
Mendenhall School,2024-12-28,Guilford,,31.0
Mendenhall School,2024-12-29,Guilford,,17.0
Mendenhall School,2024-12-30,Guilford,,19.0
Mendenhall School,2024-12-31,Guilford,,46.0
Mendenhall School,2025-01-01,Guilford,,8.0
Mendenhall School,2025-01-02,Guilford,,22.0
Mendenhall School,2025-01-03,Guilford,,14.0
Mendenhall School,2025-01-04,Guilford,,12.0
Mendenhall School,2025-01-05,Guilford,,31.0
Mendenhall School,2025-01-06,Guilford,,25.0
Mendenhall School,2025-01-07,Guilford,,18.0
Mendenhall School,2025-01-08,Guilford,,21.0
Mendenhall School,2025-01-09,Guilford,,19.0
Mendenhall School,2025-01-10,Guilford,,45.0
Mendenhall School,2025-01-11,Guilford,,49.0
Mendenhall School,2025-01-12,Guilford,,54.0
Mendenhall School,2025-01-13,Guilford,,46.0
Mendenhall School,2025-01-14,Guilford,,17.0
Mendenhall School,2025-01-15,Guilford,,32.0
Mendenhall School,2025-01-16,Guilford,,54.0
Mendenhall School,2025-01-17,Guilford,,30.0
Mendenhall School,2025-01-18,Guilford,,52.0
Mendenhall School,2025-01-19,Guilford,,42.0
Mendenhall School,2025-01-20,Guilford,,17.0
Mendenhall School,2025-01-21,Guilford,,12.0
Mendenhall School,2025-01-22,Guilford,,44.0
Mendenhall School,2025-01-23,Guilford,,58.0
Mendenhall School,2025-01-24,Guilford,,57.0
Mendenhall School,2025-01-25,Guilford,,56.0
Mendenhall School,2025-01-26,Guilford,,56.0
Mendenhall School,2025-01-27,Guilford,,55.0
Mendenhall School,2025-01-28,Guilford,,34.0
Mendenhall School,2025-01-29,Guilford,,38.0
Mendenhall School,2025-01-30,Guilford,,34.0
Mendenhall School,2025-01-31,Guilford,,51.0
Mendenhall School,2025-02-01,Guilford,,20.0
Mendenhall School,2025-02-02,Guilford,,32.0
Mendenhall School,2025-02-03,Guilford,,55.0
Mendenhall School,2025-02-04,Guilford,,49.0
Mendenhall School,2025-02-05,Guilford,,22.0
Mendenhall School,2025-02-06,Guilford,,55.0
Mendenhall School,2025-02-07,Guilford,,24.0
Mendenhall School,2025-02-08,Guilford,,28.0
Mendenhall School,2025-02-09,Guilford,,38.0
Mendenhall School,2025-02-10,Guilford,,19.0
Mendenhall School,2025-02-11,Guilford,,40.0
Mendenhall School,2025-02-12,Guilford,,2.0
Mendenhall School,2025-02-13,Guilford,,10.0
Mendenhall School,2025-02-14,Guilford,,32.0
Mendenhall School,2025-02-15,Guilford,,34.0
Mendenhall School,2025-02-16,Guilford,,9.0
Mendenhall School,2025-02-17,Guilford,,13.0
Mendenhall School,2025-02-18,Guilford,,19.0
Mendenhall School,2025-02-19,Guilford,,29.0
Mendenhall School,2025-02-20,Guilford,,27.0
Mendenhall School,2025-02-21,Guilford,,24.0
Mendenhall School,2025-02-22,Guilford,,29.0
Mendenhall School,2025-02-23,Guilford,,46.0
Mendenhall School,2025-02-24,Guilford,,43.0
Mendenhall School,2025-02-25,Guilford,,48.0
Mendenhall School,2025-02-26,Guilford,,33.0
Mendenhall School,2025-02-27,Guilford,,55.0
Mendenhall School,2025-02-28,Guilford,,12.0
Mendenhall School,2025-03-01,Guilford,47.0,24.0
Mendenhall School,2025-03-02,Guilford,39.0,22.0
Mendenhall School,2025-03-03,Guilford,41.0,31.0
Mendenhall School,2025-03-04,Guilford,43.0,32.0
Mendenhall School,2025-03-05,Guilford,43.0,33.0
Mendenhall School,2025-03-06,Guilford,34.0,6.0
Mendenhall School,2025-03-07,Guilford,33.0,22.0
Mendenhall School,2025-03-08,Guilford,42.0,34.0
Mendenhall School,2025-03-09,Guilford,44.0,22.0
Mendenhall School,2025-03-10,Guilford,38.0,26.0
Mendenhall School,2025-03-11,Guilford,58.0,30.0
Mendenhall School,2025-03-12,Guilford,77.0,54.0
Mendenhall School,2025-03-13,Guilford,51.0,59.0
Mendenhall School,2025-03-14,Guilford,42.0,61.0
Mendenhall School,2025-03-15,Guilford,34.0,59.0
Mendenhall School,2025-03-16,Guilford,36.0,37.0
Mendenhall School,2025-03-17,Guilford,31.0,19.0
Mendenhall School,2025-03-18,Guilford,43.0,13.0
Mendenhall School,2025-03-19,Guilford,74.0,59.0
Mendenhall School,2025-03-20,Guilford,40.0,58.0
Mendenhall School,2025-03-21,Guilford,43.0,14.0
Mendenhall School,2025-03-22,Guilford,48.0,37.0
Mendenhall School,2025-03-23,Guilford,47.0,22.0
Mendenhall School,2025-03-24,Guilford,37.0,55.0
Mendenhall School,2025-03-25,Guilford,48.0,12.0
Mendenhall School,2025-03-26,Guilford,44.0,17.0
Mendenhall School,2025-03-27,Guilford,49.0,24.0
Mendenhall School,2025-03-28,Guilford,71.0,47.0
Mendenhall School,2025-03-29,Guilford,45.0,35.0
Mendenhall School,2025-03-30,Guilford,40.0,29.0
Mendenhall School,2025-03-31,Guilford,31.0,32.0
Mendenhall School,2025-04-01,Guilford,32.0,9.0
Mendenhall School,2025-04-02,Guilford,35.0,48.0
Mendenhall School,2025-04-03,Guilford,28.0,46.0
Mendenhall School,2025-04-04,Guilford,37.0,51.0
Mendenhall School,2025-04-05,Guilford,35.0,53.0
Mendenhall School,2025-04-06,Guilford,45.0,34.0
Mendenhall School,2025-04-07,Guilford,27.0,38.0
Mendenhall School,2025-04-08,Guilford,47.0,19.0
Mendenhall School,2025-04-09,Guilford,45.0,21.0
Mendenhall School,2025-04-10,Guilford,42.0,38.0
Mendenhall School,2025-04-11,Guilford,31.0,21.0
Mendenhall School,2025-04-12,Guilford,37.0,18.0
Mendenhall School,2025-04-13,Guilford,44.0,28.0
Mendenhall School,2025-04-14,Guilford,67.0,52.0
Mendenhall School,2025-04-15,Guilford,43.0,37.0
Mendenhall School,2025-04-16,Guilford,46.0,22.0
Mendenhall School,2025-04-17,Guilford,61.0,37.0
Mendenhall School,2025-04-18,Guilford,64.0,54.0
Mendenhall School,2025-04-19,Guilford,44.0,54.0
Mendenhall School,2025-04-20,Guilford,43.0,57.0
Mendenhall School,2025-04-21,Guilford,49.0,52.0
Mendenhall School,2025-04-22,Guilford,37.0,46.0
Mendenhall School,2025-04-23,Guilford,48.0,42.0
Mendenhall School,2025-04-24,Guilford,46.0,55.0
Mendenhall School,2025-04-25,Guilford,38.0,54.0
Mendenhall School,2025-04-26,Guilford,35.0,34.0
Mendenhall School,2025-04-27,Guilford,45.0,23.0
Mendenhall School,2025-04-28,Guilford,49.0,34.0
Mendenhall School,2025-04-29,Guilford,51.0,41.0
Mendenhall School,2025-04-30,Guilford,43.0,52.0
Mendenhall School,2025-05-01,Guilford,46.0,60.0
Mendenhall School,2025-05-02,Guilford,49.0,52.0
Mendenhall School,2025-05-03,Guilford,32.0,41.0
Mendenhall School,2025-05-04,Guilford,43.0,16.0
Mendenhall School,2025-05-05,Guilford,44.0,30.0
Mendenhall School,2025-05-06,Guilford,46.0,28.0
Mendenhall School,2025-05-07,Guilford,48.0,32.0
Mendenhall School,2025-05-08,Guilford,51.0,41.0
Mendenhall School,2025-05-09,Guilford,44.0,26.0
Mendenhall School,2025-05-10,Guilford,44.0,29.0
Mendenhall School,2025-05-11,Guilford,31.0,46.0
Mendenhall School,2025-05-12,Guilford,24.0,24.0
Mendenhall School,2025-05-13,Guilford,37.0,17.0
Mendenhall School,2025-05-14,Guilford,31.0,31.0
Mendenhall School,2025-05-15,Guilford,48.0,52.0
Mendenhall School,2025-05-16,Guilford,37.0,54.0
Mendenhall School,2025-05-17,Guilford,44.0,28.0
Mendenhall School,2025-05-18,Guilford,44.0,23.0
Mendenhall School,2025-05-19,Guilford,48.0,26.0
Mendenhall School,2025-05-20,Guilford,47.0,38.0
Mendenhall School,2025-05-21,Guilford,40.0,44.0
Mendenhall School,2025-05-22,Guilford,45.0,17.0
Mendenhall School,2025-05-23,Guilford,37.0,16.0
Mendenhall School,2025-05-24,Guilford,44.0,24.0
Mendenhall School,2025-05-25,Guilford,40.0,37.0
Mendenhall School,2025-05-26,Guilford,21.0,33.0
Mendenhall School,2025-05-27,Guilford,27.0,11.0
Mendenhall School,2025-05-28,Guilford,27.0,14.0
Mendenhall School,2025-05-29,Guilford,32.0,29.0
Mendenhall School,2025-05-30,Guilford,41.0,17.0
Mendenhall School,2025-05-31,Guilford,42.0,45.0
Mendenhall School,2025-06-01,Guilford,44.0,55.0
Mendenhall School,2025-06-02,Guilford,46.0,23.0
Mendenhall School,2025-06-03,Guilford,58.0,51.0
Mendenhall School,2025-06-04,Guilford,49.0,59.0
Mendenhall School,2025-06-05,Guilford,17.0,50.0
Mendenhall School,2025-06-06,Guilford,45.0,51.0
Mendenhall School,2025-06-07,Guilford,37.0,32.0
Mendenhall School,2025-06-08,Guilford,35.0,34.0
Mendenhall School,2025-06-09,Guilford,51.0,27.0
Mendenhall School,2025-06-10,Guilford,41.0,33.0
Mendenhall School,2025-06-11,Guilford,43.0,54.0
Mendenhall School,2025-06-12,Guilford,77.0,59.0
Mendenhall School,2025-06-13,Guilford,32.0,27.0
Mendenhall School,2025-06-14,Guilford,32.0,18.0
Mendenhall School,2025-06-15,Guilford,31.0,29.0
Mendenhall School,2025-06-16,Guilford,34.0,28.0
Mendenhall School,2025-06-17,Guilford,40.0,35.0
Mendenhall School,2025-06-18,Guilford,38.0,22.0
Mendenhall School,2025-06-19,Guilford,34.0,31.0
Mendenhall School,2025-06-20,Guilford,44.0,23.0
Mendenhall School,2025-06-21,Guilford,50.0,41.0
Mendenhall School,2025-06-22,Guilford,46.0,56.0
Mendenhall School,2025-06-23,Guilford,36.0,57.0
Mendenhall School,2025-06-24,Guilford,38.0,63.0
Mendenhall School,2025-06-25,Guilford,33.0,63.0
Mendenhall School,2025-06-26,Guilford,54.0,52.0
Mendenhall School,2025-06-27,Guilford,41.0,46.0
Mendenhall School,2025-06-28,Guilford,40.0,50.0
Mendenhall School,2025-06-29,Guilford,38.0,46.0
Mendenhall School,2025-06-30,Guilford,38.0,53.0
Mendenhall School,2025-07-01,Guilford,40.0,54.0
Mendenhall School,2025-07-02,Guilford,30.0,29.0
Mendenhall School,2025-07-03,Guilford,44.0,38.0
Mendenhall School,2025-07-04,Guilford,43.0,58.0
Mendenhall School,2025-07-05,Guilford,42.0,61.0
Mendenhall School,2025-07-06,Guilford,17.0,41.0
Mendenhall School,2025-07-07,Guilford,43.0,52.0
Mendenhall School,2025-07-08,Guilford,48.0,60.0
Mendenhall School,2025-07-09,Guilford,41.0,54.0
Mendenhall School,2025-07-10,Guilford,41.0,31.0
Mendenhall School,2025-07-11,Guilford,44.0,44.0
Mendenhall School,2025-07-12,Guilford,43.0,46.0
Mendenhall School,2025-07-13,Guilford,31.0,38.0
Mendenhall School,2025-07-14,Guilford,39.0,37.0
Mendenhall School,2025-07-15,Guilford,34.0,33.0
Mendenhall School,2025-07-16,Guilford,40.0,37.0
Mendenhall School,2025-07-17,Guilford,35.0,39.0
Mendenhall School,2025-07-18,Guilford,40.0,39.0
Mendenhall School,2025-07-19,Guilford,36.0,28.0
Mendenhall School,2025-07-20,Guilford,31.0,33.0
Mendenhall School,2025-07-21,Guilford,32.0,36.0
Mendenhall School,2025-07-22,Guilford,36.0,45.0
Mendenhall School,2025-07-23,Guilford,42.0,53.0
Mendenhall School,2025-07-24,Guilford,42.0,51.0
Mendenhall School,2025-07-25,Guilford,49.0,53.0
Mendenhall School,2025-07-26,Guilford,34.0,53.0
Mendenhall School,2025-07-27,Guilford,31.0,36.0
Mendenhall School,2025-07-28,Guilford,34.0,27.0
Mendenhall School,2025-07-29,Guilford,36.0,41.0
Mendenhall School,2025-07-30,Guilford,41.0,44.0
Mendenhall School,2025-07-31,Guilford,47.0,39.0
Mendenhall School,2025-08-01,Guilford,31.0,28.0
Mendenhall School,2025-08-02,Guilford,27.0,28.0
Mendenhall School,2025-08-03,Guilford,33.0,38.0
Mendenhall School,2025-08-04,Guilford,37.0,46.0
Mendenhall School,2025-08-05,Guilford,31.0,32.0
Mendenhall School,2025-08-06,Guilford,26.0,20.0
Mendenhall School,2025-08-07,Guilford,21.0,60.0
Mendenhall School,2025-08-08,Guilford,33.0,72.0
Mendenhall School,2025-08-09,Guilford,31.0,48.0
Mendenhall School,2025-08-10,Guilford,32.0,42.0
Mendenhall School,2025-08-11,Guilford,19.0,26.0
Mendenhall School,2025-08-12,Guilford,23.0,17.0
Mendenhall School,2025-08-13,Guilford,24.0,38.0
Mendenhall School,2025-08-14,Guilford,37.0,23.0
Mendenhall School,2025-08-15,Guilford,38.0,33.0
Mendenhall School,2025-08-16,Guilford,36.0,46.0
Mendenhall School,2025-08-17,Guilford,37.0,49.0
Mendenhall School,2025-08-18,Guilford,36.0,48.0
Mendenhall School,2025-08-19,Guilford,25.0,26.0
Mendenhall School,2025-08-20,Guilford,25.0,32.0
Mendenhall School,2025-08-21,Guilford,31.0,25.0
Mendenhall School,2025-08-22,Guilford,27.0,19.0
Mendenhall School,2025-08-23,Guilford,32.0,32.0
Mendenhall School,2025-08-24,Guilford,40.0,44.0
Mendenhall School,2025-08-25,Guilford,37.0,24.0
Mendenhall School,2025-08-26,Guilford,36.0,23.0
Mendenhall School,2025-08-27,Guilford,36.0,24.0
Mendenhall School,2025-08-28,Guilford,45.0,39.0
Mendenhall School,2025-08-29,Guilford,44.0,38.0
Mendenhall School,2025-08-30,Guilford,39.0,36.0
Mendenhall School,2025-08-31,Guilford,36.0,27.0
Mendenhall School,2025-09-01,Guilford,34.0,22.0
Mendenhall School,2025-09-02,Guilford,36.0,22.0
Mendenhall School,2025-09-03,Guilford,46.0,33.0
Mendenhall School,2025-09-04,Guilford,43.0,52.0
Mendenhall School,2025-09-05,Guilford,47.0,54.0
Mendenhall School,2025-09-06,Guilford,37.0,56.0
Mendenhall School,2025-09-07,Guilford,21.0,24.0
Mendenhall School,2025-09-08,Guilford,35.0,22.0
Mendenhall School,2025-09-09,Guilford,39.0,24.0
Mendenhall School,2025-09-10,Guilford,38.0,28.0
Mendenhall School,2025-09-11,Guilford,35.0,26.0
Mendenhall School,2025-09-12,Guilford,42.0,39.0
Mendenhall School,2025-09-13,Guilford,43.0,42.0
Mendenhall School,2025-09-14,Guilford,44.0,46.0
Mendenhall School,2025-09-15,Guilford,37.0,47.0
Mendenhall School,2025-09-16,Guilford,38.0,33.0
Mendenhall School,2025-09-17,Guilford,32.0,33.0
Mendenhall School,2025-09-18,Guilford,41.0,16.0
Mendenhall School,2025-09-19,Guilford,74.0,46.0
Mendenhall School,2025-09-20,Guilford,47.0,52.0
Mendenhall School,2025-09-21,Guilford,41.0,53.0
Mendenhall School,2025-09-22,Guilford,45.0,48.0
Mendenhall School,2025-09-23,Guilford,51.0,52.0
Mendenhall School,2025-09-24,Guilford,58.0,54.0
Mendenhall School,2025-09-25,Guilford,33.0,52.0
Mendenhall School,2025-09-26,Guilford,28.0,27.0
Mendenhall School,2025-09-27,Guilford,36.0,8.0
Mendenhall School,2025-09-28,Guilford,32.0,21.0
Mendenhall School,2025-09-29,Guilford,29.0,33.0
Mendenhall School,2025-09-30,Guilford,33.0,35.0
Mendenhall School,2025-10-01,Guilford,33.0,36.0
Mendenhall School,2025-10-02,Guilford,30.0,
Mendenhall School,2025-10-03,Guilford,31.0,
Mendenhall School,2025-10-04,Guilford,41.0,
Mendenhall School,2025-10-05,Guilford,31.0,
Mendenhall School,2025-10-06,Guilford,34.0,
Mendenhall School,2025-10-07,Guilford,31.0,19.0
Mendenhall School,2025-10-08,Guilford,30.0,15.0
Mendenhall School,2025-10-09,Guilford,34.0,17.0
Mendenhall School,2025-10-10,Guilford,30.0,19.0
Mendenhall School,2025-10-11,Guilford,27.0,15.0
Mendenhall School,2025-10-12,Guilford,24.0,8.0
Mendenhall School,2025-10-13,Guilford,31.0,11.0
Mendenhall School,2025-10-14,Guilford,30.0,14.0
Mendenhall School,2025-10-15,Guilford,36.0,16.0
Mendenhall School,2025-10-16,Guilford,34.0,14.0
Mendenhall School,2025-10-17,Guilford,41.0,33.0
Mendenhall School,2025-10-18,Guilford,48.0,52.0
Mendenhall School,2025-10-19,Guilford,37.0,33.0
Mendenhall School,2025-10-20,Guilford,31.0,11.0
Mendenhall School,2025-10-21,Guilford,45.0,41.0
Mendenhall School,2025-10-22,Guilford,36.0,22.0
Mendenhall School,2025-10-23,Guilford,36.0,16.0
Mendenhall School,2025-10-24,Guilford,35.0,24.0
Mendenhall School,2025-10-25,Guilford,33.0,31.0
Mendenhall School,2025-10-26,Guilford,30.0,31.0
Mendenhall School,2025-10-27,Guilford,26.0,28.0
Mendenhall School,2025-10-28,Guilford,22.0,14.0
Mendenhall School,2025-10-29,Guilford,11.0,12.0
Mendenhall School,2025-10-30,Guilford,25.0,6.0
Mendenhall School,2025-10-31,Guilford,31.0,20.0
Mendenhall School,2025-11-01,Guilford,32.0,62.0
Mendenhall School,2025-11-02,Guilford,34.0,55.0
Mendenhall School,2025-11-03,Guilford,,28.0
Mendenhall School,2025-11-04,Guilford,,28.0
Mendenhall School,2025-11-05,Guilford,,53.0
Mendenhall School,2025-11-06,Guilford,,41.0
Mendenhall School,2025-11-07,Guilford,,54.0
Mendenhall School,2025-11-08,Guilford,,56.0
Mendenhall School,2025-11-09,Guilford,,57.0
Mendenhall School,2025-11-10,Guilford,,7.0
Mendenhall School,2025-11-11,Guilford,,9.0
Mendenhall School,2025-11-12,Guilford,,41.0
Mendenhall School,2025-11-13,Guilford,,44.0
Mendenhall School,2025-11-14,Guilford,,26.0
Mendenhall School,2025-11-15,Guilford,,54.0
Mendenhall School,2025-11-16,Guilford,,30.0
Mendenhall School,2025-11-17,Guilford,,19.0
Mendenhall School,2025-11-18,Guilford,,32.0
Mendenhall School,2025-11-19,Guilford,,52.0
Mendenhall School,2025-11-20,Guilford,,47.0
Mendenhall School,2025-11-21,Guilford,,76.0
Mendenhall School,2025-11-22,Guilford,,59.0
Mendenhall School,2025-11-23,Guilford,,29.0
Mendenhall School,2025-11-24,Guilford,,21.0
Mendenhall School,2025-11-25,Guilford,,45.0
Mendenhall School,2025-11-26,Guilford,,39.0
Mendenhall School,2025-11-27,Guilford,,20.0
Mendenhall School,2025-11-28,Guilford,,19.0
Mendenhall School,2025-11-29,Guilford,,26.0
Mendenhall School,2025-11-30,Guilford,,47.0
Mendenhall School,2025-12-01,Guilford,,28.0
Mendenhall School,2025-12-02,Guilford,,33.0
Mendenhall School,2025-12-03,Guilford,,42.0
Mendenhall School,2025-12-04,Guilford,,50.0
Mendenhall School,2025-12-05,Guilford,,33.0
Mendenhall School,2025-12-06,Guilford,,52.0
Mendenhall School,2025-12-07,Guilford,,52.0
Mendenhall School,2025-12-08,Guilford,,53.0
Mendenhall School,2025-12-09,Guilford,,39.0
Mendenhall School,2025-12-10,Guilford,,45.0
Mendenhall School,2025-12-11,Guilford,,18.0
Mendenhall School,2025-12-12,Guilford,,36.0
Mendenhall School,2025-12-13,Guilford,,59.0
Mendenhall School,2025-12-14,Guilford,,40.0
Mendenhall School,2025-12-15,Guilford,,20.0
Mendenhall School,2025-12-16,Guilford,,46.0
Mendenhall School,2025-12-17,Guilford,,61.0
Mendenhall School,2025-12-18,Guilford,,63.0
Mendenhall School,2025-12-19,Guilford,,7.0
Mendenhall School,2025-12-20,Guilford,,26.0
Mendenhall School,2025-12-21,Guilford,,34.0
Mendenhall School,2025-12-22,Guilford,,18.0
Mendenhall School,2025-12-23,Guilford,,37.0
Mendenhall School,2025-12-24,Guilford,,56.0
Mendenhall School,2025-12-25,Guilford,,63.0
Mendenhall School,2025-12-26,Guilford,,35.0
Mendenhall School,2025-12-27,Guilford,,51.0
Mendenhall School,2025-12-28,Guilford,,27.0
Mendenhall School,2025-12-29,Guilford,,20.0
Mendenhall School,2025-12-30,Guilford,,18.0
Mendenhall School,2025-12-31,Guilford,,18.0
Millbrook School,2024-01-01,Wake,25.0,61.5
Millbrook School,2024-01-02,Wake,23.0,32.0
Millbrook School,2024-01-03,Wake,21.0,54.0
Millbrook School,2024-01-04,Wake,28.0,36.5
Millbrook School,2024-01-05,Wake,30.0,34.0
Millbrook School,2024-01-06,Wake,24.0,34.0
Millbrook School,2024-01-07,Wake,30.0,18.5
Millbrook School,2024-01-08,Wake,30.0,23.0
Millbrook School,2024-01-09,Wake,,25.0
Millbrook School,2024-01-10,Wake,21.0,22.0
Millbrook School,2024-01-11,Wake,23.0,54.0
Millbrook School,2024-01-12,Wake,34.0,57.0
Millbrook School,2024-01-13,Wake,32.0,21.0
Millbrook School,2024-01-14,Wake,33.0,28.0
Millbrook School,2024-01-15,Wake,23.0,28.0
Millbrook School,2024-01-16,Wake,29.0,38.0
Millbrook School,2024-01-17,Wake,31.0,29.0
Millbrook School,2024-01-18,Wake,32.0,47.0
Millbrook School,2024-01-19,Wake,33.0,41.5
Millbrook School,2024-01-20,Wake,31.0,26.5
Millbrook School,2024-01-21,Wake,33.0,33.0
Millbrook School,2024-01-22,Wake,32.0,62.0
Millbrook School,2024-01-23,Wake,10.0,63.0
Millbrook School,2024-01-24,Wake,32.0,57.0
Millbrook School,2024-01-25,Wake,23.0,19.5
Millbrook School,2024-01-26,Wake,22.0,35.0
Millbrook School,2024-01-27,Wake,26.0,35.0
Millbrook School,2024-01-28,Wake,24.0,16.0
Millbrook School,2024-01-29,Wake,31.0,6.0
Millbrook School,2024-01-30,Wake,29.0,24.5
Millbrook School,2024-01-31,Wake,24.0,26.5
Millbrook School,2024-02-01,Wake,25.0,33.0
Millbrook School,2024-02-02,Wake,35.0,32.0
Millbrook School,2024-02-03,Wake,26.0,25.0
Millbrook School,2024-02-04,Wake,32.0,37.0
Millbrook School,2024-02-05,Wake,39.0,30.0
Millbrook School,2024-02-06,Wake,36.0,26.0
Millbrook School,2024-02-07,Wake,35.0,32.0
Millbrook School,2024-02-08,Wake,29.0,44.0
Millbrook School,2024-02-09,Wake,27.0,62.5
Millbrook School,2024-02-10,Wake,35.0,57.0
Millbrook School,2024-02-11,Wake,22.0,46.0
Millbrook School,2024-02-12,Wake,31.0,25.0
Millbrook School,2024-02-13,Wake,36.0,14.0
Millbrook School,2024-02-14,Wake,39.0,28.0
Millbrook School,2024-02-15,Wake,41.0,54.5
Millbrook School,2024-02-16,Wake,36.0,37.0
Millbrook School,2024-02-17,Wake,37.0,36.0
Millbrook School,2024-02-18,Wake,34.0,28.0
Millbrook School,2024-02-19,Wake,41.0,33.0
Millbrook School,2024-02-20,Wake,43.0,39.0
Millbrook School,2024-02-21,Wake,43.0,33.5
Millbrook School,2024-02-22,Wake,58.0,72.0
Millbrook School,2024-02-23,Wake,29.0,79.0
Millbrook School,2024-02-24,Wake,37.0,28.0
Millbrook School,2024-02-25,Wake,35.0,31.0
Millbrook School,2024-02-26,Wake,,59.0
Millbrook School,2024-02-27,Wake,,57.5
Millbrook School,2024-02-28,Wake,,51.0
Millbrook School,2024-02-29,Wake,34.0,18.0
Millbrook School,2024-03-01,Wake,33.0,41.5
Millbrook School,2024-03-02,Wake,31.0,19.0
Millbrook School,2024-03-03,Wake,31.0,35.0
Millbrook School,2024-03-04,Wake,35.0,24.0
Millbrook School,2024-03-05,Wake,29.0,17.0
Millbrook School,2024-03-06,Wake,26.0,29.0
Millbrook School,2024-03-07,Wake,37.0,15.5
Millbrook School,2024-03-08,Wake,34.0,19.0
Millbrook School,2024-03-09,Wake,28.0,21.0
Millbrook School,2024-03-10,Wake,42.0,10.5
Millbrook School,2024-03-11,Wake,43.0,11.0
Millbrook School,2024-03-12,Wake,43.0,
Millbrook School,2024-03-13,Wake,50.0,
Millbrook School,2024-03-14,Wake,74.0,
Millbrook School,2024-03-15,Wake,44.0,
Millbrook School,2024-03-16,Wake,42.0,53.0
Millbrook School,2024-03-17,Wake,43.0,
Millbrook School,2024-03-18,Wake,44.0,
Millbrook School,2024-03-19,Wake,37.0,28.0
Millbrook School,2024-03-20,Wake,47.0,53.0
Millbrook School,2024-03-21,Wake,44.0,50.0
Millbrook School,2024-03-22,Wake,38.0,44.0
Millbrook School,2024-03-23,Wake,37.0,15.0
Millbrook School,2024-03-24,Wake,44.0,20.0
Millbrook School,2024-03-25,Wake,44.0,31.5
Millbrook School,2024-03-26,Wake,40.0,44.0
Millbrook School,2024-03-27,Wake,18.0,38.0
Millbrook School,2024-03-28,Wake,33.0,20.0
Millbrook School,2024-03-29,Wake,50.0,31.0
Millbrook School,2024-03-30,Wake,54.0,46.0
Millbrook School,2024-03-31,Wake,51.0,53.0
Millbrook School,2024-04-01,Wake,43.0,59.0
Millbrook School,2024-04-02,Wake,44.0,71.0
Millbrook School,2024-04-03,Wake,44.0,51.0
Millbrook School,2024-04-04,Wake,40.0,13.0
Millbrook School,2024-04-05,Wake,41.0,12.0
Millbrook School,2024-04-06,Wake,41.0,11.5
Millbrook School,2024-04-07,Wake,44.0,19.0
Millbrook School,2024-04-08,Wake,47.0,51.0
Millbrook School,2024-04-09,Wake,38.0,48.5
Millbrook School,2024-04-10,Wake,37.0,38.0
Millbrook School,2024-04-11,Wake,37.0,30.0
Millbrook School,2024-04-12,Wake,49.0,19.0
Millbrook School,2024-04-13,Wake,47.0,15.0
Millbrook School,2024-04-14,Wake,51.0,32.0
Millbrook School,2024-04-15,Wake,61.0,52.5
Millbrook School,2024-04-16,Wake,47.0,58.0
Millbrook School,2024-04-17,Wake,45.0,57.0
Millbrook School,2024-04-18,Wake,46.0,51.5
Millbrook School,2024-04-19,Wake,43.0,59.0
Millbrook School,2024-04-20,Wake,37.0,61.0
Millbrook School,2024-04-21,Wake,28.0,24.5
Millbrook School,2024-04-22,Wake,39.0,28.0
Millbrook School,2024-04-23,Wake,47.0,39.0
Millbrook School,2024-04-24,Wake,36.0,48.0
Millbrook School,2024-04-25,Wake,48.0,53.0
Millbrook School,2024-04-26,Wake,44.0,44.0
Millbrook School,2024-04-27,Wake,41.0,36.0
Millbrook School,2024-04-28,Wake,42.0,46.0
Millbrook School,2024-04-29,Wake,49.0,56.0
Millbrook School,2024-04-30,Wake,42.0,50.0
Millbrook School,2024-05-01,Wake,48.0,40.0
Millbrook School,2024-05-02,Wake,61.0,49.0
Millbrook School,2024-05-03,Wake,54.0,52.0
Millbrook School,2024-05-04,Wake,23.0,53.0
Millbrook School,2024-05-05,Wake,23.0,29.0
Millbrook School,2024-05-06,Wake,31.0,39.5
Millbrook School,2024-05-07,Wake,41.0,48.0
Millbrook School,2024-05-08,Wake,38.0,56.0
Millbrook School,2024-05-09,Wake,44.0,31.0
Millbrook School,2024-05-10,Wake,47.0,24.0
Millbrook School,2024-05-11,Wake,42.0,17.0
Millbrook School,2024-05-12,Wake,45.0,27.5
Millbrook School,2024-05-13,Wake,44.0,33.0
Millbrook School,2024-05-14,Wake,34.0,25.0
Millbrook School,2024-05-15,Wake,34.0,20.5
Millbrook School,2024-05-16,Wake,40.0,26.0
Millbrook School,2024-05-17,Wake,39.0,44.0
Millbrook School,2024-05-18,Wake,31.0,30.0
Millbrook School,2024-05-19,Wake,34.0,27.0
Millbrook School,2024-05-20,Wake,38.0,35.0
Millbrook School,2024-05-21,Wake,42.0,33.0
Millbrook School,2024-05-22,Wake,50.0,41.0
Millbrook School,2024-05-23,Wake,54.0,48.0
Millbrook School,2024-05-24,Wake,41.0,51.0
Millbrook School,2024-05-25,Wake,50.0,47.0
Millbrook School,2024-05-26,Wake,48.0,52.0
Millbrook School,2024-05-27,Wake,36.0,46.5
Millbrook School,2024-05-28,Wake,46.0,32.0
Millbrook School,2024-05-29,Wake,61.0,24.0
Millbrook School,2024-05-30,Wake,42.0,22.0
Millbrook School,2024-05-31,Wake,45.0,25.0
Millbrook School,2024-06-01,Wake,51.0,42.0
Millbrook School,2024-06-02,Wake,44.0,39.0
Millbrook School,2024-06-03,Wake,35.0,46.0
Millbrook School,2024-06-04,Wake,43.0,53.0
Millbrook School,2024-06-05,Wake,38.0,45.5
Millbrook School,2024-06-06,Wake,40.0,44.0
Millbrook School,2024-06-07,Wake,74.0,28.0
Millbrook School,2024-06-08,Wake,77.0,32.0
Millbrook School,2024-06-09,Wake,49.0,40.0
Millbrook School,2024-06-10,Wake,64.0,26.0
Millbrook School,2024-06-11,Wake,44.0,40.0
Millbrook School,2024-06-12,Wake,54.0,51.0
Millbrook School,2024-06-13,Wake,58.0,53.0
Millbrook School,2024-06-14,Wake,80.0,57.5
Millbrook School,2024-06-15,Wake,71.0,53.0
Millbrook School,2024-06-16,Wake,54.0,44.0
Millbrook School,2024-06-17,Wake,54.0,55.5
Millbrook School,2024-06-18,Wake,47.0,44.0
Millbrook School,2024-06-19,Wake,43.0,41.0
Millbrook School,2024-06-20,Wake,42.0,39.0
Millbrook School,2024-06-21,Wake,46.0,44.0
Millbrook School,2024-06-22,Wake,27.0,31.0
Millbrook School,2024-06-23,Wake,30.0,31.5
Millbrook School,2024-06-24,Wake,61.0,49.0
Millbrook School,2024-06-25,Wake,80.0,48.0
Millbrook School,2024-06-26,Wake,74.0,56.5
Millbrook School,2024-06-27,Wake,45.0,48.0
Millbrook School,2024-06-28,Wake,67.0,50.0
Millbrook School,2024-06-29,Wake,45.0,50.0
Millbrook School,2024-06-30,Wake,34.0,35.0
Millbrook School,2024-07-01,Wake,37.0,19.0
Millbrook School,2024-07-02,Wake,54.0,27.5
Millbrook School,2024-07-03,Wake,71.0,42.0
Millbrook School,2024-07-04,Wake,45.0,56.0
Millbrook School,2024-07-05,Wake,41.0,55.5
Millbrook School,2024-07-06,Wake,48.0,47.0
Millbrook School,2024-07-07,Wake,28.0,51.0
Millbrook School,2024-07-08,Wake,44.0,44.5
Millbrook School,2024-07-09,Wake,42.0,42.0
Millbrook School,2024-07-10,Wake,36.0,46.0
Millbrook School,2024-07-11,Wake,44.0,32.0
Millbrook School,2024-07-12,Wake,22.0,19.0
Millbrook School,2024-07-13,Wake,36.0,31.0
Millbrook School,2024-07-14,Wake,47.0,55.0
Millbrook School,2024-07-15,Wake,93.0,65.0
Millbrook School,2024-07-16,Wake,58.0,67.0
Millbrook School,2024-07-17,Wake,,59.0
Millbrook School,2024-07-18,Wake,,47.0
Millbrook School,2024-07-19,Wake,35.0,48.0
Millbrook School,2024-07-20,Wake,34.0,32.5
Millbrook School,2024-07-21,Wake,40.0,33.0
Millbrook School,2024-07-22,Wake,31.0,20.0
Millbrook School,2024-07-23,Wake,32.0,30.0
Millbrook School,2024-07-24,Wake,31.0,28.0
Millbrook School,2024-07-25,Wake,24.0,23.0
Millbrook School,2024-07-26,Wake,30.0,40.5
Millbrook School,2024-07-27,Wake,40.0,53.0
Millbrook School,2024-07-28,Wake,49.0,50.0
Millbrook School,2024-07-29,Wake,29.0,54.5
Millbrook School,2024-07-30,Wake,37.0,55.0
Millbrook School,2024-07-31,Wake,50.0,50.0
Millbrook School,2024-08-01,Wake,54.0,52.5
Millbrook School,2024-08-02,Wake,39.0,54.0
Millbrook School,2024-08-03,Wake,31.0,55.0
Millbrook School,2024-08-04,Wake,31.0,37.5
Millbrook School,2024-08-05,Wake,30.0,32.0
Millbrook School,2024-08-06,Wake,15.0,23.0
Millbrook School,2024-08-07,Wake,25.0,25.5
Millbrook School,2024-08-08,Wake,27.0,20.0
Millbrook School,2024-08-09,Wake,27.0,23.0
Millbrook School,2024-08-10,Wake,40.0,53.0
Millbrook School,2024-08-11,Wake,33.0,55.0
Millbrook School,2024-08-12,Wake,33.0,56.0
Millbrook School,2024-08-13,Wake,37.0,53.5
Millbrook School,2024-08-14,Wake,43.0,52.0
Millbrook School,2024-08-15,Wake,40.0,55.0
Millbrook School,2024-08-16,Wake,61.0,62.5
Millbrook School,2024-08-17,Wake,42.0,65.0
Millbrook School,2024-08-18,Wake,41.0,52.0
Millbrook School,2024-08-19,Wake,41.0,29.0
Millbrook School,2024-08-20,Wake,31.0,33.0
Millbrook School,2024-08-21,Wake,38.0,32.0
Millbrook School,2024-08-22,Wake,41.0,37.5
Millbrook School,2024-08-23,Wake,42.0,46.0
Millbrook School,2024-08-24,Wake,43.0,42.0
Millbrook School,2024-08-25,Wake,45.0,55.5
Millbrook School,2024-08-26,Wake,61.0,60.0
Millbrook School,2024-08-27,Wake,112.0,66.0
Millbrook School,2024-08-28,Wake,97.0,71.0
Millbrook School,2024-08-29,Wake,51.0,67.0
Millbrook School,2024-08-30,Wake,43.0,56.0
Millbrook School,2024-08-31,Wake,49.0,55.5
Millbrook School,2024-09-01,Wake,32.0,54.0
Millbrook School,2024-09-02,Wake,30.0,44.0
Millbrook School,2024-09-03,Wake,34.0,21.5
Millbrook School,2024-09-04,Wake,31.0,26.0
Millbrook School,2024-09-05,Wake,33.0,31.0
Millbrook School,2024-09-06,Wake,38.0,41.0
Millbrook School,2024-09-07,Wake,38.0,46.0
Millbrook School,2024-09-08,Wake,33.0,24.0
Millbrook School,2024-09-09,Wake,35.0,35.5
Millbrook School,2024-09-10,Wake,54.0,52.0
Millbrook School,2024-09-11,Wake,46.0,52.0
Millbrook School,2024-09-12,Wake,42.0,42.5
Millbrook School,2024-09-13,Wake,24.0,30.0
Millbrook School,2024-09-14,Wake,31.0,41.0
Millbrook School,2024-09-15,Wake,29.0,45.5
Millbrook School,2024-09-16,Wake,28.0,35.0
Millbrook School,2024-09-17,Wake,21.0,22.0
Millbrook School,2024-09-18,Wake,36.0,32.0
Millbrook School,2024-09-19,Wake,21.0,26.0
Millbrook School,2024-09-20,Wake,40.0,42.0
Millbrook School,2024-09-21,Wake,42.0,39.5
Millbrook School,2024-09-22,Wake,30.0,46.0
Millbrook School,2024-09-23,Wake,35.0,48.0
Millbrook School,2024-09-24,Wake,24.0,47.5
Millbrook School,2024-09-25,Wake,32.0,44.0
Millbrook School,2024-09-26,Wake,20.0,28.0
Millbrook School,2024-09-27,Wake,22.0,31.0
Millbrook School,2024-09-28,Wake,40.0,51.0
Millbrook School,2024-09-29,Wake,34.0,55.0
Millbrook School,2024-09-30,Wake,27.0,55.0
Millbrook School,2024-10-01,Wake,20.0,25.0
Millbrook School,2024-10-02,Wake,23.0,31.0
Millbrook School,2024-10-03,Wake,27.0,33.0
Millbrook School,2024-10-04,Wake,35.0,40.0
Millbrook School,2024-10-05,Wake,30.0,53.0
Millbrook School,2024-10-06,Wake,44.0,54.5
Millbrook School,2024-10-07,Wake,43.0,54.0
Millbrook School,2024-10-08,Wake,33.0,45.0
Millbrook School,2024-10-09,Wake,38.0,33.0
Millbrook School,2024-10-10,Wake,33.0,20.0
Millbrook School,2024-10-11,Wake,28.0,24.0
Millbrook School,2024-10-12,Wake,41.0,44.5
Millbrook School,2024-10-13,Wake,45.0,47.0
Millbrook School,2024-10-14,Wake,43.0,41.0
Millbrook School,2024-10-15,Wake,31.0,19.5
Millbrook School,2024-10-16,Wake,26.0,15.0
Millbrook School,2024-10-17,Wake,31.0,17.0
Millbrook School,2024-10-18,Wake,34.0,27.5
Millbrook School,2024-10-19,Wake,39.0,33.0
Millbrook School,2024-10-20,Wake,39.0,43.0
Millbrook School,2024-10-21,Wake,42.0,46.0
Millbrook School,2024-10-22,Wake,46.0,48.0
Millbrook School,2024-10-23,Wake,43.0,54.0
Millbrook School,2024-10-24,Wake,43.0,54.5
Millbrook School,2024-10-25,Wake,40.0,53.0
Millbrook School,2024-10-26,Wake,42.0,58.0
Millbrook School,2024-10-27,Wake,27.0,34.5
Millbrook School,2024-10-28,Wake,36.0,48.0
Millbrook School,2024-10-29,Wake,36.0,51.0
Millbrook School,2024-10-30,Wake,33.0,53.5
Millbrook School,2024-10-31,Wake,34.0,38.0
Millbrook School,2024-11-01,Wake,31.0,36.0
Millbrook School,2024-11-02,Wake,34.0,43.0
Millbrook School,2024-11-03,Wake,37.0,37.0
Millbrook School,2024-11-04,Wake,31.0,34.0
Millbrook School,2024-11-05,Wake,31.0,40.5
Millbrook School,2024-11-06,Wake,29.0,45.0
Millbrook School,2024-11-07,Wake,25.0,48.0
Millbrook School,2024-11-08,Wake,27.0,58.0
Millbrook School,2024-11-09,Wake,34.0,35.0
Millbrook School,2024-11-10,Wake,26.0,47.0
Millbrook School,2024-11-11,Wake,19.0,48.0
Millbrook School,2024-11-12,Wake,33.0,27.0
Millbrook School,2024-11-13,Wake,31.0,23.0
Millbrook School,2024-11-14,Wake,24.0,27.5
Millbrook School,2024-11-15,Wake,27.0,22.0
Millbrook School,2024-11-16,Wake,28.0,25.0
Millbrook School,2024-11-17,Wake,31.0,54.5
Millbrook School,2024-11-18,Wake,32.0,56.0
Millbrook School,2024-11-19,Wake,29.0,66.0
Millbrook School,2024-11-20,Wake,31.0,50.0
Millbrook School,2024-11-21,Wake,33.0,12.0
Millbrook School,2024-11-22,Wake,18.0,10.0
Millbrook School,2024-11-23,Wake,20.0,11.5
Millbrook School,2024-11-24,Wake,24.0,36.0
Millbrook School,2024-11-25,Wake,27.0,64.0
Millbrook School,2024-11-26,Wake,28.0,52.0
Millbrook School,2024-11-27,Wake,27.0,36.0
Millbrook School,2024-11-28,Wake,28.0,41.0
Millbrook School,2024-11-29,Wake,31.0,21.0
Millbrook School,2024-11-30,Wake,34.0,37.0
Millbrook School,2024-12-01,Wake,31.0,53.0
Millbrook School,2024-12-02,Wake,33.0,22.0
Millbrook School,2024-12-03,Wake,27.0,21.5
Millbrook School,2024-12-04,Wake,31.0,52.0
Millbrook School,2024-12-05,Wake,34.0,51.5
Millbrook School,2024-12-06,Wake,28.0,28.0
Millbrook School,2024-12-07,Wake,31.0,56.0
Millbrook School,2024-12-08,Wake,35.0,54.0
Millbrook School,2024-12-09,Wake,27.0,49.0
Millbrook School,2024-12-10,Wake,26.0,60.0
Millbrook School,2024-12-11,Wake,,19.5
Millbrook School,2024-12-12,Wake,,33.0
Millbrook School,2024-12-13,Wake,24.0,51.0
Millbrook School,2024-12-14,Wake,26.0,41.5
Millbrook School,2024-12-15,Wake,27.0,29.0
Millbrook School,2024-12-16,Wake,9.0,48.0
Millbrook School,2024-12-17,Wake,26.0,55.0
Millbrook School,2024-12-18,Wake,21.0,55.0
Millbrook School,2024-12-19,Wake,25.0,21.0
Millbrook School,2024-12-20,Wake,19.0,39.5
Millbrook School,2024-12-21,Wake,27.0,12.0
Millbrook School,2024-12-22,Wake,33.0,24.0
Millbrook School,2024-12-23,Wake,32.0,39.5
Millbrook School,2024-12-24,Wake,30.0,46.0
Millbrook School,2024-12-25,Wake,29.0,48.0
Millbrook School,2024-12-26,Wake,28.0,52.0
Millbrook School,2024-12-27,Wake,22.0,58.0
Millbrook School,2024-12-28,Wake,30.0,46.0
Millbrook School,2024-12-29,Wake,36.0,18.0
Millbrook School,2024-12-30,Wake,32.0,23.0
Millbrook School,2024-12-31,Wake,,43.0
Millbrook School,2025-01-01,Wake,31.0,11.5
Millbrook School,2025-01-02,Wake,29.0,23.0
Millbrook School,2025-01-03,Wake,31.0,27.0
Millbrook School,2025-01-04,Wake,29.0,19.5
Millbrook School,2025-01-05,Wake,33.0,19.0
Millbrook School,2025-01-06,Wake,24.0,22.0
Millbrook School,2025-01-07,Wake,29.0,17.5
Millbrook School,2025-01-08,Wake,31.0,25.0
Millbrook School,2025-01-09,Wake,33.0,26.0
Millbrook School,2025-01-10,Wake,25.0,45.5
Millbrook School,2025-01-11,Wake,31.0,34.0
Millbrook School,2025-01-12,Wake,30.0,51.0
Millbrook School,2025-01-13,Wake,30.0,52.5
Millbrook School,2025-01-14,Wake,35.0,24.0
Millbrook School,2025-01-15,Wake,31.0,34.0
Millbrook School,2025-01-16,Wake,33.0,53.0
Millbrook School,2025-01-17,Wake,33.0,37.0
Millbrook School,2025-01-18,Wake,24.0,58.0
Millbrook School,2025-01-19,Wake,30.0,53.5
Millbrook School,2025-01-20,Wake,34.0,19.0
Millbrook School,2025-01-21,Wake,31.0,23.0
Millbrook School,2025-01-22,Wake,31.0,42.5
Millbrook School,2025-01-23,Wake,28.0,55.0
Millbrook School,2025-01-24,Wake,34.0,57.0
Millbrook School,2025-01-25,Wake,33.0,57.5
Millbrook School,2025-01-26,Wake,39.0,55.0
Millbrook School,2025-01-27,Wake,30.0,52.0
Millbrook School,2025-01-28,Wake,36.0,42.0
Millbrook School,2025-01-29,Wake,39.0,29.0
Millbrook School,2025-01-30,Wake,39.0,27.0
Millbrook School,2025-01-31,Wake,40.0,53.0
Millbrook School,2025-02-01,Wake,33.0,22.0
Millbrook School,2025-02-02,Wake,32.0,23.0
Millbrook School,2025-02-03,Wake,32.0,46.5
Millbrook School,2025-02-04,Wake,41.0,53.0
Millbrook School,2025-02-05,Wake,31.0,29.0
Millbrook School,2025-02-06,Wake,19.0,58.0
Millbrook School,2025-02-07,Wake,41.0,44.0
Millbrook School,2025-02-08,Wake,25.0,37.0
Millbrook School,2025-02-09,Wake,35.0,46.0
Millbrook School,2025-02-10,Wake,30.0,32.0
Millbrook School,2025-02-11,Wake,29.0,39.0
Millbrook School,2025-02-12,Wake,27.0,10.5
Millbrook School,2025-02-13,Wake,25.0,21.0
Millbrook School,2025-02-14,Wake,34.0,38.0
Millbrook School,2025-02-15,Wake,29.0,28.0
Millbrook School,2025-02-16,Wake,33.0,17.0
Millbrook School,2025-02-17,Wake,38.0,18.0
Millbrook School,2025-02-18,Wake,38.0,22.5
Millbrook School,2025-02-19,Wake,30.0,28.0
Millbrook School,2025-02-20,Wake,35.0,23.0
Millbrook School,2025-02-21,Wake,35.0,22.0
Millbrook School,2025-02-22,Wake,33.0,31.0
Millbrook School,2025-02-23,Wake,41.0,43.0
Millbrook School,2025-02-24,Wake,43.0,52.0
Millbrook School,2025-02-25,Wake,47.0,61.0
Millbrook School,2025-02-26,Wake,42.0,53.0
Millbrook School,2025-02-27,Wake,47.0,65.0
Millbrook School,2025-02-28,Wake,42.0,24.0
Millbrook School,2025-03-01,Wake,48.0,37.0
Millbrook School,2025-03-02,Wake,38.0,18.0
Millbrook School,2025-03-03,Wake,40.0,39.0
Millbrook School,2025-03-04,Wake,40.0,34.0
Millbrook School,2025-03-05,Wake,35.0,31.0
Millbrook School,2025-03-06,Wake,33.0,11.0
Millbrook School,2025-03-07,Wake,34.0,47.0
Millbrook School,2025-03-08,Wake,43.0,50.0
Millbrook School,2025-03-09,Wake,41.0,26.0
Millbrook School,2025-03-10,Wake,39.0,44.0
Millbrook School,2025-03-11,Wake,47.0,32.5
Millbrook School,2025-03-12,Wake,64.0,53.0
Millbrook School,2025-03-13,Wake,49.0,69.0
Millbrook School,2025-03-14,Wake,30.0,61.5
Millbrook School,2025-03-15,Wake,33.0,58.0
Millbrook School,2025-03-16,Wake,31.0,27.0
Millbrook School,2025-03-17,Wake,30.0,27.5
Millbrook School,2025-03-18,Wake,41.0,18.0
Millbrook School,2025-03-19,Wake,58.0,57.0
Millbrook School,2025-03-20,Wake,39.0,56.5
Millbrook School,2025-03-21,Wake,40.0,15.0
Millbrook School,2025-03-22,Wake,47.0,46.0
Millbrook School,2025-03-23,Wake,44.0,38.0
Millbrook School,2025-03-24,Wake,37.0,53.0
Millbrook School,2025-03-25,Wake,45.0,23.0
Millbrook School,2025-03-26,Wake,44.0,21.5
Millbrook School,2025-03-27,Wake,48.0,24.0
Millbrook School,2025-03-28,Wake,58.0,51.0
Millbrook School,2025-03-29,Wake,41.0,40.0
Millbrook School,2025-03-30,Wake,37.0,29.0
Millbrook School,2025-03-31,Wake,31.0,39.0
Millbrook School,2025-04-01,Wake,31.0,15.0
Millbrook School,2025-04-02,Wake,37.0,34.0
Millbrook School,2025-04-03,Wake,31.0,53.0
Millbrook School,2025-04-04,Wake,32.0,57.5
Millbrook School,2025-04-05,Wake,31.0,55.0
Millbrook School,2025-04-06,Wake,36.0,42.0
Millbrook School,2025-04-07,Wake,24.0,39.5
Millbrook School,2025-04-08,Wake,45.0,21.0
Millbrook School,2025-04-09,Wake,44.0,23.0
Millbrook School,2025-04-10,Wake,45.0,31.0
Millbrook School,2025-04-11,Wake,37.0,24.0
Millbrook School,2025-04-12,Wake,36.0,18.0
Millbrook School,2025-04-13,Wake,44.0,27.0
Millbrook School,2025-04-14,Wake,48.0,54.0
Millbrook School,2025-04-15,Wake,44.0,43.0
Millbrook School,2025-04-16,Wake,45.0,26.5
Millbrook School,2025-04-17,Wake,54.0,33.0
Millbrook School,2025-04-18,Wake,51.0,53.0
Millbrook School,2025-04-19,Wake,43.0,46.5
Millbrook School,2025-04-20,Wake,39.0,54.0
Millbrook School,2025-04-21,Wake,46.0,57.0
Millbrook School,2025-04-22,Wake,43.0,55.5
Millbrook School,2025-04-23,Wake,43.0,52.0
Millbrook School,2025-04-24,Wake,51.0,58.0
Millbrook School,2025-04-25,Wake,41.0,54.5
Millbrook School,2025-04-26,Wake,38.0,41.0
Millbrook School,2025-04-27,Wake,44.0,24.0
Millbrook School,2025-04-28,Wake,47.0,31.0
Millbrook School,2025-04-29,Wake,49.0,43.0
Millbrook School,2025-04-30,Wake,42.0,54.0
Millbrook School,2025-05-01,Wake,44.0,55.5
Millbrook School,2025-05-02,Wake,45.0,48.0
Millbrook School,2025-05-03,Wake,39.0,37.0
Millbrook School,2025-05-04,Wake,35.0,33.5
Millbrook School,2025-05-05,Wake,33.0,34.0
Millbrook School,2025-05-06,Wake,44.0,30.0
Millbrook School,2025-05-07,Wake,44.0,36.0
Millbrook School,2025-05-08,Wake,49.0,50.0
Millbrook School,2025-05-09,Wake,44.0,30.0
Millbrook School,2025-05-10,Wake,43.0,28.0
Millbrook School,2025-05-11,Wake,32.0,41.0
Millbrook School,2025-05-12,Wake,25.0,27.0
Millbrook School,2025-05-13,Wake,32.0,19.0
Millbrook School,2025-05-14,Wake,34.0,31.0
Millbrook School,2025-05-15,Wake,39.0,54.0
Millbrook School,2025-05-16,Wake,39.0,58.5
Millbrook School,2025-05-17,Wake,41.0,39.0
Millbrook School,2025-05-18,Wake,44.0,26.0
Millbrook School,2025-05-19,Wake,49.0,32.0
Millbrook School,2025-05-20,Wake,47.0,37.0
Millbrook School,2025-05-21,Wake,32.0,39.0
Millbrook School,2025-05-22,Wake,47.0,23.0
Millbrook School,2025-05-23,Wake,42.0,14.0
Millbrook School,2025-05-24,Wake,45.0,22.0
Millbrook School,2025-05-25,Wake,41.0,32.5
Millbrook School,2025-05-26,Wake,31.0,31.0
Millbrook School,2025-05-27,Wake,25.0,17.0
Millbrook School,2025-05-28,Wake,24.0,16.0
Millbrook School,2025-05-29,Wake,31.0,37.0
Millbrook School,2025-05-30,Wake,34.0,26.0
Millbrook School,2025-05-31,Wake,44.0,45.5
Millbrook School,2025-06-01,Wake,45.0,53.0
Millbrook School,2025-06-02,Wake,44.0,41.0
Millbrook School,2025-06-03,Wake,58.0,46.5
Millbrook School,2025-06-04,Wake,54.0,51.0
Millbrook School,2025-06-05,Wake,20.0,39.0
Millbrook School,2025-06-06,Wake,41.0,50.5
Millbrook School,2025-06-07,Wake,35.0,38.0
Millbrook School,2025-06-08,Wake,32.0,39.0
Millbrook School,2025-06-09,Wake,44.0,36.0
Millbrook School,2025-06-10,Wake,33.0,34.0
Millbrook School,2025-06-11,Wake,43.0,48.0
Millbrook School,2025-06-12,Wake,40.0,46.0
Millbrook School,2025-06-13,Wake,21.0,36.0
Millbrook School,2025-06-14,Wake,28.0,34.0
Millbrook School,2025-06-15,Wake,25.0,39.5
Millbrook School,2025-06-16,Wake,31.0,39.0
Millbrook School,2025-06-17,Wake,32.0,39.0
Millbrook School,2025-06-18,Wake,31.0,36.0
Millbrook School,2025-06-19,Wake,31.0,33.0
Millbrook School,2025-06-20,Wake,44.0,33.0
Millbrook School,2025-06-21,Wake,46.0,52.5
Millbrook School,2025-06-22,Wake,47.0,57.0
Millbrook School,2025-06-23,Wake,45.0,64.0
Millbrook School,2025-06-24,Wake,37.0,67.0
Millbrook School,2025-06-25,Wake,47.0,67.0
Millbrook School,2025-06-26,Wake,64.0,62.0
Millbrook School,2025-06-27,Wake,58.0,57.0
Millbrook School,2025-06-28,Wake,42.0,54.0
Millbrook School,2025-06-29,Wake,40.0,54.0
Millbrook School,2025-06-30,Wake,37.0,52.5
Millbrook School,2025-07-01,Wake,37.0,47.0
Millbrook School,2025-07-02,Wake,25.0,32.0
Millbrook School,2025-07-03,Wake,44.0,42.5
Millbrook School,2025-07-04,Wake,47.0,64.0
Millbrook School,2025-07-05,Wake,46.0,58.0
Millbrook School,2025-07-06,Wake,22.0,24.5
Millbrook School,2025-07-07,Wake,33.0,48.0
Millbrook School,2025-07-08,Wake,41.0,57.0
Millbrook School,2025-07-09,Wake,34.0,45.0
Millbrook School,2025-07-10,Wake,39.0,33.0
Millbrook School,2025-07-11,Wake,46.0,47.0
Millbrook School,2025-07-12,Wake,41.0,53.5
Millbrook School,2025-07-13,Wake,31.0,51.0
Millbrook School,2025-07-14,Wake,40.0,49.0
Millbrook School,2025-07-15,Wake,31.0,34.0
Millbrook School,2025-07-16,Wake,33.0,38.0
Millbrook School,2025-07-17,Wake,30.0,43.0
Millbrook School,2025-07-18,Wake,37.0,42.5
Millbrook School,2025-07-19,Wake,31.0,42.0
Millbrook School,2025-07-20,Wake,34.0,39.0
Millbrook School,2025-07-21,Wake,36.0,45.5
Millbrook School,2025-07-22,Wake,44.0,52.0
Millbrook School,2025-07-23,Wake,41.0,55.0
Millbrook School,2025-07-24,Wake,38.0,50.0
Millbrook School,2025-07-25,Wake,42.0,52.0
Millbrook School,2025-07-26,Wake,38.0,58.0
Millbrook School,2025-07-27,Wake,35.0,54.5
Millbrook School,2025-07-28,Wake,36.0,42.0
Millbrook School,2025-07-29,Wake,42.0,43.0
Millbrook School,2025-07-30,Wake,44.0,38.5
Millbrook School,2025-07-31,Wake,41.0,52.0
Millbrook School,2025-08-01,Wake,31.0,42.0
Millbrook School,2025-08-02,Wake,29.0,29.0
Millbrook School,2025-08-03,Wake,38.0,34.0
Millbrook School,2025-08-04,Wake,41.0,38.0
Millbrook School,2025-08-05,Wake,29.0,38.0
Millbrook School,2025-08-06,Wake,31.0,28.0
Millbrook School,2025-08-07,Wake,28.0,67.0
Millbrook School,2025-08-08,Wake,30.0,70.0
Millbrook School,2025-08-09,Wake,32.0,44.0
Millbrook School,2025-08-10,Wake,28.0,35.0
Millbrook School,2025-08-11,Wake,19.0,22.0
Millbrook School,2025-08-12,Wake,15.0,22.0
Millbrook School,2025-08-13,Wake,22.0,28.0
Millbrook School,2025-08-14,Wake,27.0,35.0
Millbrook School,2025-08-15,Wake,36.0,43.0
Millbrook School,2025-08-16,Wake,30.0,51.0
Millbrook School,2025-08-17,Wake,39.0,51.5
Millbrook School,2025-08-18,Wake,38.0,53.0
Millbrook School,2025-08-19,Wake,22.0,28.0
Millbrook School,2025-08-20,Wake,24.0,30.5
Millbrook School,2025-08-21,Wake,24.0,31.0
Millbrook School,2025-08-22,Wake,28.0,30.0
Millbrook School,2025-08-23,Wake,34.0,38.5
Millbrook School,2025-08-24,Wake,28.0,41.0
Millbrook School,2025-08-25,Wake,38.0,43.0
Millbrook School,2025-08-26,Wake,36.0,31.5
Millbrook School,2025-08-27,Wake,39.0,26.0
Millbrook School,2025-08-28,Wake,44.0,42.0
Millbrook School,2025-08-29,Wake,43.0,44.0
Millbrook School,2025-08-30,Wake,39.0,43.0
Millbrook School,2025-08-31,Wake,38.0,28.0
Millbrook School,2025-09-01,Wake,31.0,23.5
Millbrook School,2025-09-02,Wake,35.0,23.0
Millbrook School,2025-09-03,Wake,44.0,34.0
Millbrook School,2025-09-04,Wake,44.0,50.0
Millbrook School,2025-09-05,Wake,43.0,54.0
Millbrook School,2025-09-06,Wake,41.0,55.0
Millbrook School,2025-09-07,Wake,22.0,42.5
Millbrook School,2025-09-08,Wake,38.0,27.0
Millbrook School,2025-09-09,Wake,32.0,33.0
Millbrook School,2025-09-10,Wake,20.0,18.5
Millbrook School,2025-09-11,Wake,28.0,31.0
Millbrook School,2025-09-12,Wake,44.0,33.0
Millbrook School,2025-09-13,Wake,42.0,39.0
Millbrook School,2025-09-14,Wake,39.0,49.0
Millbrook School,2025-09-15,Wake,42.0,51.0
Millbrook School,2025-09-16,Wake,35.0,36.5
Millbrook School,2025-09-17,Wake,27.0,25.0
Millbrook School,2025-09-18,Wake,33.0,22.0
Millbrook School,2025-09-19,Wake,67.0,48.5
Millbrook School,2025-09-20,Wake,47.0,54.0
Millbrook School,2025-09-21,Wake,43.0,54.0
Millbrook School,2025-09-22,Wake,42.0,38.0
Millbrook School,2025-09-23,Wake,48.0,46.0
Millbrook School,2025-09-24,Wake,43.0,44.0
Millbrook School,2025-09-25,Wake,34.0,40.0
Millbrook School,2025-09-26,Wake,37.0,41.0
Millbrook School,2025-09-27,Wake,30.0,27.0
Millbrook School,2025-09-28,Wake,35.0,33.5
Millbrook School,2025-09-29,Wake,23.0,41.0
Millbrook School,2025-09-30,Wake,29.0,55.0
Millbrook School,2025-10-01,Wake,31.0,46.5
Millbrook School,2025-10-02,Wake,31.0,31.0
Millbrook School,2025-10-03,Wake,31.0,31.0
Millbrook School,2025-10-04,Wake,35.0,37.0
Millbrook School,2025-10-05,Wake,31.0,30.0
Millbrook School,2025-10-06,Wake,35.0,27.0
Millbrook School,2025-10-07,Wake,31.0,27.5
Millbrook School,2025-10-08,Wake,30.0,23.0
Millbrook School,2025-10-09,Wake,35.0,19.0
Millbrook School,2025-10-10,Wake,34.0,26.0
Millbrook School,2025-10-11,Wake,23.0,30.0
Millbrook School,2025-10-12,Wake,25.0,11.0
Millbrook School,2025-10-13,Wake,25.0,11.5
Millbrook School,2025-10-14,Wake,22.0,16.0
Millbrook School,2025-10-15,Wake,37.0,26.0
Millbrook School,2025-10-16,Wake,33.0,29.5
Millbrook School,2025-10-17,Wake,33.0,31.0
Millbrook School,2025-10-18,Wake,41.0,51.0
Millbrook School,2025-10-19,Wake,39.0,32.5
Millbrook School,2025-10-20,Wake,33.0,21.0
Millbrook School,2025-10-21,Wake,43.0,43.0
Millbrook School,2025-10-22,Wake,38.0,34.0
Millbrook School,2025-10-23,Wake,37.0,22.0
Millbrook School,2025-10-24,Wake,36.0,27.0
Millbrook School,2025-10-25,Wake,34.0,25.5
Millbrook School,2025-10-26,Wake,31.0,24.0
Millbrook School,2025-10-27,Wake,31.0,23.0
Millbrook School,2025-10-28,Wake,23.0,16.5
Millbrook School,2025-10-29,Wake,14.0,20.0
Millbrook School,2025-10-30,Wake,21.0,22.0
Millbrook School,2025-10-31,Wake,34.0,20.0
Millbrook School,2025-11-01,Wake,33.0,46.0
Millbrook School,2025-11-02,Wake,34.0,57.0
Millbrook School,2025-11-03,Wake,33.0,32.5
Millbrook School,2025-11-04,Wake,33.0,33.0
Millbrook School,2025-11-05,Wake,36.0,53.0
Millbrook School,2025-11-06,Wake,39.0,54.0
Millbrook School,2025-11-07,Wake,34.0,44.0
Millbrook School,2025-11-08,Wake,37.0,65.0
Millbrook School,2025-11-09,Wake,29.0,58.0
Millbrook School,2025-11-10,Wake,26.0,9.0
Millbrook School,2025-11-11,Wake,29.0,14.0
Millbrook School,2025-11-12,Wake,33.0,36.5
Millbrook School,2025-11-13,Wake,36.0,37.0
Millbrook School,2025-11-14,Wake,34.0,29.0
Millbrook School,2025-11-15,Wake,40.0,53.0
Millbrook School,2025-11-16,Wake,38.0,50.0
Millbrook School,2025-11-17,Wake,36.0,20.5
Millbrook School,2025-11-18,Wake,34.0,42.0
Millbrook School,2025-11-19,Wake,36.0,46.0
Millbrook School,2025-11-20,Wake,25.0,54.0
Millbrook School,2025-11-21,Wake,12.0,72.0
Millbrook School,2025-11-22,Wake,27.0,65.0
Millbrook School,2025-11-23,Wake,30.0,43.0
Millbrook School,2025-11-24,Wake,34.0,46.0
Millbrook School,2025-11-25,Wake,32.0,39.0
Millbrook School,2025-11-26,Wake,32.0,36.0
Millbrook School,2025-11-27,Wake,32.0,15.0
Millbrook School,2025-11-28,Wake,31.0,19.0
Millbrook School,2025-11-29,Wake,30.0,37.0
Millbrook School,2025-11-30,Wake,26.0,39.0
Millbrook School,2025-12-01,Wake,27.0,37.0
Millbrook School,2025-12-02,Wake,,29.0
Millbrook School,2025-12-03,Wake,,41.0
Millbrook School,2025-12-04,Wake,19.0,54.0
Millbrook School,2025-12-05,Wake,17.0,35.0
Millbrook School,2025-12-06,Wake,9.0,53.0
Millbrook School,2025-12-07,Wake,10.0,61.0
Millbrook School,2025-12-08,Wake,26.0,54.0
Millbrook School,2025-12-09,Wake,26.0,36.0
Millbrook School,2025-12-10,Wake,27.0,52.0
Millbrook School,2025-12-11,Wake,26.0,16.5
Millbrook School,2025-12-12,Wake,22.0,40.0
Millbrook School,2025-12-13,Wake,25.0,64.5
Millbrook School,2025-12-14,Wake,33.0,51.0
Millbrook School,2025-12-15,Wake,27.0,32.0
Millbrook School,2025-12-16,Wake,26.0,50.5
Millbrook School,2025-12-17,Wake,27.0,67.0
Millbrook School,2025-12-18,Wake,26.0,61.0
Millbrook School,2025-12-19,Wake,35.0,14.0
Millbrook School,2025-12-20,Wake,30.0,30.0
Millbrook School,2025-12-21,Wake,33.0,31.0
Millbrook School,2025-12-22,Wake,32.0,21.0
Millbrook School,2025-12-23,Wake,31.0,36.0
Millbrook School,2025-12-24,Wake,33.0,46.5
Millbrook School,2025-12-25,Wake,26.0,58.0
Millbrook School,2025-12-26,Wake,30.0,38.0
Millbrook School,2025-12-27,Wake,24.0,51.5
Millbrook School,2025-12-28,Wake,22.0,34.0
Millbrook School,2025-12-29,Wake,30.0,32.0
Millbrook School,2025-12-30,Wake,27.0,17.5
Millbrook School,2025-12-31,Wake,32.0,24.0
Old High School,2024-01-01,Swain,,23.0
Old High School,2024-01-04,Swain,,27.0
Old High School,2024-01-07,Swain,,13.0
Old High School,2024-01-08,Swain,,12.0
Old High School,2024-01-11,Swain,,12.0
Old High School,2024-01-14,Swain,,26.0
Old High School,2024-01-17,Swain,,13.0
Old High School,2024-01-22,Swain,,11.0
Old High School,2024-01-25,Swain,,9.0
Old High School,2024-01-28,Swain,,4.0
Old High School,2024-01-31,Swain,,14.0
Old High School,2024-02-03,Swain,,33.0
Old High School,2024-02-06,Swain,,15.0
Old High School,2024-02-09,Swain,,37.0
Old High School,2024-02-12,Swain,,9.0
Old High School,2024-02-15,Swain,,20.0
Old High School,2024-02-18,Swain,,15.0
Old High School,2024-02-21,Swain,,53.0
Old High School,2024-02-24,Swain,,13.0
Old High School,2024-02-27,Swain,,52.0
Old High School,2024-03-01,Swain,,12.0
Old High School,2024-03-02,Swain,,12.0
Old High School,2024-03-04,Swain,,28.0
Old High School,2024-03-07,Swain,,11.5
Old High School,2024-03-10,Swain,,13.0
Old High School,2024-03-13,Swain,,46.0
Old High School,2024-03-16,Swain,,15.0
Old High School,2024-03-19,Swain,,58.5
Old High School,2024-03-25,Swain,,20.0
Old High School,2024-03-28,Swain,,17.0
Old High School,2024-03-29,Swain,,22.0
Old High School,2024-03-31,Swain,,54.0
Old High School,2024-04-03,Swain,,17.0
Old High School,2024-04-07,Swain,,23.0
Old High School,2024-04-09,Swain,,50.0
Old High School,2024-04-12,Swain,,16.5
Old High School,2024-04-13,Swain,,20.0
Old High School,2024-04-15,Swain,,43.0
Old High School,2024-04-21,Swain,,19.0
Old High School,2024-04-24,Swain,,34.0
Old High School,2024-04-27,Swain,,53.0
Old High School,2024-04-30,Swain,,20.0
Old High School,2024-05-03,Swain,,52.0
Old High School,2024-05-06,Swain,,21.0
Old High School,2024-05-09,Swain,,18.0
Old High School,2024-05-12,Swain,,35.0
Old High School,2024-05-15,Swain,,15.0
Old High School,2024-05-18,Swain,,30.5
Old High School,2024-05-21,Swain,,38.0
Old High School,2024-05-24,Swain,,36.0
Old High School,2024-05-27,Swain,,28.0
Old High School,2024-05-30,Swain,,18.0
Old High School,2024-06-08,Swain,,27.0
Old High School,2024-06-09,Swain,,30.0
Old High School,2024-06-11,Swain,,36.0
Old High School,2024-06-12,Swain,,47.0
Old High School,2024-06-17,Swain,,63.0
Old High School,2024-06-24,Swain,,29.0
Old High School,2024-07-09,Swain,25.0,
Old High School,2024-07-10,Swain,36.0,
Old High School,2024-07-11,Swain,44.0,
Old High School,2024-07-12,Swain,37.0,
Old High School,2024-07-13,Swain,39.0,
Old High School,2024-07-14,Swain,35.0,53.0
Old High School,2024-07-15,Swain,31.0,
Old High School,2024-07-16,Swain,25.0,
Old High School,2024-07-17,Swain,30.0,44.0
Old High School,2024-07-18,Swain,36.0,
Old High School,2024-07-19,Swain,29.0,
Old High School,2024-07-20,Swain,31.0,26.0
Old High School,2024-07-21,Swain,26.0,
Old High School,2024-07-22,Swain,31.0,
Old High School,2024-07-23,Swain,28.0,31.0
Old High School,2024-07-24,Swain,29.0,
Old High School,2024-07-25,Swain,17.0,
Old High School,2024-07-26,Swain,23.0,43.0
Old High School,2024-07-27,Swain,33.0,
Old High School,2024-07-28,Swain,29.0,
Old High School,2024-07-29,Swain,23.0,31.0
Old High School,2024-07-30,Swain,25.0,
Old High School,2024-07-31,Swain,27.0,
Old High School,2024-08-01,Swain,20.0,42.0
Old High School,2024-08-02,Swain,28.0,
Old High School,2024-08-03,Swain,39.0,
Old High School,2024-08-04,Swain,40.0,49.0
Old High School,2024-08-05,Swain,37.0,
Old High School,2024-08-06,Swain,28.0,
Old High School,2024-08-07,Swain,35.0,49.0
Old High School,2024-08-08,Swain,19.0,
Old High School,2024-08-09,Swain,27.0,
Old High School,2024-08-10,Swain,32.0,49.0
Old High School,2024-08-11,Swain,33.0,
Old High School,2024-08-12,Swain,34.0,
Old High School,2024-08-13,Swain,34.0,41.0
Old High School,2024-08-14,Swain,34.0,
Old High School,2024-08-15,Swain,40.0,
Old High School,2024-08-16,Swain,34.0,46.0
Old High School,2024-08-17,Swain,36.0,
Old High School,2024-08-18,Swain,31.0,
Old High School,2024-08-19,Swain,28.0,16.0
Old High School,2024-08-20,Swain,37.0,
Old High School,2024-08-21,Swain,37.0,
Old High School,2024-08-22,Swain,43.0,49.0
Old High School,2024-08-23,Swain,44.0,
Old High School,2024-08-24,Swain,38.0,
Old High School,2024-08-25,Swain,39.0,2.0
Old High School,2024-08-26,Swain,43.0,
Old High School,2024-08-27,Swain,45.0,
Old High School,2024-08-28,Swain,38.0,59.0
Old High School,2024-08-29,Swain,44.0,
Old High School,2024-08-30,Swain,35.0,
Old High School,2024-08-31,Swain,36.0,52.0
Old High School,2024-09-01,Swain,31.0,
Old High School,2024-09-02,Swain,33.0,
Old High School,2024-09-03,Swain,26.0,32.5
Old High School,2024-09-04,Swain,28.0,
Old High School,2024-09-05,Swain,36.0,
Old High School,2024-09-06,Swain,31.0,31.0
Old High School,2024-09-07,Swain,33.0,
Old High School,2024-09-08,Swain,33.0,
Old High School,2024-09-09,Swain,33.0,22.0
Old High School,2024-09-10,Swain,36.0,
Old High School,2024-09-11,Swain,46.0,
Old High School,2024-09-12,Swain,33.0,43.0
Old High School,2024-09-13,Swain,26.0,
Old High School,2024-09-14,Swain,31.0,
Old High School,2024-09-15,Swain,31.0,36.0
Old High School,2024-09-16,Swain,42.0,
Old High School,2024-09-17,Swain,21.0,
Old High School,2024-09-18,Swain,20.0,11.0
Old High School,2024-09-19,Swain,26.0,
Old High School,2024-09-20,Swain,37.0,
Old High School,2024-09-21,Swain,37.0,37.0
Old High School,2024-09-22,Swain,32.0,
Old High School,2024-09-23,Swain,37.0,
Old High School,2024-09-24,Swain,32.0,53.0
Old High School,2024-09-25,Swain,30.0,
Old High School,2024-09-26,Swain,15.0,
Old High School,2024-09-27,Swain,41.0,9.0
Old High School,2024-09-28,Swain,32.0,
Old High School,2024-09-29,Swain,19.0,
Old High School,2024-09-30,Swain,24.0,17.0
Old High School,2024-10-01,Swain,21.0,
Old High School,2024-10-02,Swain,26.0,
Old High School,2024-10-03,Swain,31.0,30.0
Old High School,2024-10-04,Swain,26.0,
Old High School,2024-10-05,Swain,35.0,
Old High School,2024-10-06,Swain,38.0,52.0
Old High School,2024-10-07,Swain,41.0,
Old High School,2024-10-08,Swain,49.0,
Old High School,2024-10-09,Swain,37.0,26.0
Old High School,2024-10-10,Swain,46.0,
Old High School,2024-10-11,Swain,38.0,
Old High School,2024-10-12,Swain,38.0,51.0
Old High School,2024-10-13,Swain,43.0,
Old High School,2024-10-14,Swain,39.0,
Old High School,2024-10-15,Swain,31.0,21.0
Old High School,2024-10-16,Swain,32.0,
Old High School,2024-10-17,Swain,32.0,
Old High School,2024-10-18,Swain,40.0,18.0
Old High School,2024-10-19,Swain,39.0,
Old High School,2024-10-20,Swain,36.0,
Old High School,2024-10-21,Swain,38.0,30.0
Old High School,2024-10-22,Swain,44.0,
Old High School,2024-10-23,Swain,39.0,
Old High School,2024-10-24,Swain,48.0,35.0
Old High School,2024-10-25,Swain,43.0,
Old High School,2024-10-26,Swain,38.0,
Old High School,2024-10-27,Swain,33.0,52.0
Old High School,2024-10-28,Swain,39.0,
Old High School,2024-10-29,Swain,43.0,
Old High School,2024-10-30,Swain,41.0,27.0
Old High School,2024-11-02,Swain,,32.5
Old High School,2024-11-05,Swain,,18.0
Old High School,2024-11-08,Swain,,26.0
Old High School,2024-11-11,Swain,,27.0
Old High School,2024-11-14,Swain,,17.0
Old High School,2024-11-17,Swain,,17.0
Old High School,2024-11-20,Swain,,21.0
Old High School,2024-11-23,Swain,,11.0
Old High School,2024-11-26,Swain,,23.0
Old High School,2024-12-02,Swain,,13.0
Old High School,2024-12-08,Swain,,16.0
Old High School,2024-12-14,Swain,,19.0
Old High School,2024-12-20,Swain,,22.0
Old High School,2024-12-26,Swain,,34.0
Old High School,2025-01-19,Swain,,13.0
Old High School,2025-01-25,Swain,,19.0
Old High School,2025-01-31,Swain,,32.0
Old High School,2025-02-06,Swain,,51.0
Old High School,2025-02-12,Swain,,20.0
Old High School,2025-02-18,Swain,,13.0
Old High School,2025-02-24,Swain,,16.0
Old High School,2025-03-02,Swain,,13.0
Old High School,2025-03-08,Swain,,28.0
Old High School,2025-03-14,Swain,,44.0
Old High School,2025-03-20,Swain,,29.0
Old High School,2025-03-26,Swain,,23.0
Old High School,2025-04-01,Swain,,14.0
Old High School,2025-04-07,Swain,,12.0
Old High School,2025-04-13,Swain,,21.0
Old High School,2025-04-19,Swain,54.0,69.0
Old High School,2025-04-20,Swain,49.0,64.0
Old High School,2025-04-21,Swain,45.0,52.0
Old High School,2025-04-22,Swain,,37.0
Old High School,2025-04-23,Swain,36.0,29.0
Old High School,2025-04-24,Swain,33.0,37.0
Old High School,2025-04-25,Swain,35.0,44.5
Old High School,2025-04-26,Swain,37.0,41.0
Old High School,2025-04-27,Swain,44.0,37.0
Old High School,2025-04-28,Swain,47.0,41.0
Old High School,2025-04-29,Swain,44.0,47.0
Old High School,2025-04-30,Swain,38.0,53.0
Old High School,2025-05-01,Swain,34.0,53.0
Old High School,2025-05-02,Swain,31.0,32.0
Old High School,2025-05-03,Swain,30.0,20.0
Old High School,2025-05-04,Swain,38.0,21.0
Old High School,2025-06-11,Swain,39.0,62.0
Old High School,2025-06-12,Swain,31.0,54.0
Old High School,2025-06-13,Swain,24.0,34.0
Old High School,2025-06-14,Swain,26.0,33.0
Old High School,2025-06-15,Swain,26.0,34.0
Old High School,2025-06-16,Swain,27.0,41.0
Old High School,2025-06-17,Swain,24.0,29.0
Old High School,2025-06-18,Swain,21.0,30.5
Old High School,2025-06-19,Swain,32.0,32.0
Old High School,2025-06-20,Swain,31.0,34.0
Old High School,2025-06-21,Swain,41.0,41.0
Old High School,2025-06-22,Swain,34.0,46.0
Old High School,2025-06-23,Swain,31.0,52.0
Old High School,2025-06-24,Swain,,54.0
Old High School,2025-06-25,Swain,21.0,53.0
Old High School,2025-06-26,Swain,24.0,55.0
Old High School,2025-06-27,Swain,30.0,52.0
Old High School,2025-06-28,Swain,30.0,34.0
Old High School,2025-06-29,Swain,31.0,35.0
Old High School,2025-06-30,Swain,31.0,36.0
Old High School,2025-07-01,Swain,25.0,31.0
Old High School,2025-07-02,Swain,41.0,25.0
Old High School,2025-07-03,Swain,38.0,43.0
Old High School,2025-07-04,Swain,35.0,47.0
Old High School,2025-07-05,Swain,36.0,54.0
Old High School,2025-07-06,Swain,32.0,54.0
Old High School,2025-07-07,Swain,36.0,55.0
Old High School,2025-07-08,Swain,29.0,55.0
Old High School,2025-07-09,Swain,30.0,50.0
Old High School,2025-07-10,Swain,23.0,28.0
Old High School,2025-07-11,Swain,21.0,29.0
Old High School,2025-07-12,Swain,25.0,28.0
Old High School,2025-07-13,Swain,18.0,39.0
Old High School,2025-07-14,Swain,20.0,29.0
Old High School,2025-07-15,Swain,22.0,33.0
Old High School,2025-07-16,Swain,26.0,28.0
Old High School,2025-07-17,Swain,29.0,33.0
Old High School,2025-07-18,Swain,25.0,25.0
Old High School,2025-07-19,Swain,28.0,24.0
Old High School,2025-07-20,Swain,19.0,38.0
Old High School,2025-07-21,Swain,,45.0
Old High School,2025-07-22,Swain,18.0,41.0
Old High School,2025-07-23,Swain,32.0,49.0
Old High School,2025-07-24,Swain,37.0,56.0
Old High School,2025-07-25,Swain,29.0,41.0
Old High School,2025-07-26,Swain,31.0,28.0
Old High School,2025-07-27,Swain,19.0,27.0
Old High School,2025-07-28,Swain,26.0,22.0
Old High School,2025-07-29,Swain,27.0,29.0
Old High School,2025-07-30,Swain,24.0,33.0
Old High School,2025-07-31,Swain,23.0,31.0
Old High School,2025-08-01,Swain,26.0,33.0
Old High School,2025-08-02,Swain,20.0,21.0
Old High School,2025-08-03,Swain,24.0,25.0
Old High School,2025-08-04,Swain,22.0,26.0
Old High School,2025-08-05,Swain,26.0,17.0
Old High School,2025-08-06,Swain,22.0,25.5
Old High School,2025-08-07,Swain,24.0,28.0
Old High School,2025-08-08,Swain,24.0,37.0
Old High School,2025-08-09,Swain,29.0,54.0
Old High School,2025-08-10,Swain,22.0,40.0
Old High School,2025-08-11,Swain,16.0,21.0
Old High School,2025-08-12,Swain,19.0,36.5
Old High School,2025-08-13,Swain,18.0,18.0
Old High School,2025-08-14,Swain,17.0,23.0
Old High School,2025-08-15,Swain,26.0,36.0
Old High School,2025-08-16,Swain,24.0,41.0
Old High School,2025-08-17,Swain,29.0,46.0
Old High School,2025-08-18,Swain,30.0,43.0
Old High School,2025-08-19,Swain,31.0,38.0
Old High School,2025-08-20,Swain,29.0,30.0
Old High School,2025-08-21,Swain,23.0,33.0
Old High School,2025-08-22,Swain,32.0,34.0
Old High School,2025-08-23,Swain,,25.5
Old High School,2025-08-24,Swain,,28.0
Old High School,2025-08-25,Swain,31.0,26.0
Old High School,2025-08-26,Swain,31.0,17.0
Old High School,2025-08-27,Swain,30.0,15.0
Old High School,2025-08-28,Swain,33.0,18.0
Old High School,2025-08-29,Swain,29.0,23.5
Old High School,2025-08-30,Swain,28.0,23.0
Old High School,2025-08-31,Swain,31.0,27.0
Old High School,2025-09-01,Swain,24.0,26.0
Old High School,2025-09-02,Swain,24.0,23.0
Old High School,2025-09-03,Swain,27.0,22.0
Old High School,2025-09-04,Swain,28.0,31.0
Old High School,2025-09-05,Swain,24.0,43.0
Old High School,2025-09-06,Swain,26.0,34.0
Old High School,2025-09-07,Swain,28.0,21.0
Old High School,2025-09-08,Swain,30.0,20.0
Old High School,2025-09-09,Swain,31.0,22.0
Old High School,2025-09-10,Swain,32.0,26.5
Old High School,2025-09-11,Swain,,28.0
Old High School,2025-09-12,Swain,,32.0
Old High School,2025-09-13,Swain,,28.0
Old High School,2025-09-14,Swain,,31.0
Old High School,2025-09-15,Swain,28.0,39.0
Old High School,2025-09-16,Swain,34.0,41.0
Old High School,2025-09-17,Swain,35.0,38.0
Old High School,2025-09-18,Swain,38.0,33.0
Old High School,2025-09-19,Swain,34.0,33.0
Old High School,2025-09-20,Swain,28.0,31.0
Old High School,2025-09-21,Swain,36.0,36.0
Old High School,2025-09-22,Swain,33.0,47.0
Old High School,2025-09-23,Swain,33.0,49.5
Old High School,2025-09-24,Swain,,44.0
Old High School,2025-09-25,Swain,24.0,19.0
Old High School,2025-09-26,Swain,28.0,25.0
Old High School,2025-09-27,Swain,27.0,26.0
Old High School,2025-09-28,Swain,30.0,28.5
Old High School,2025-09-29,Swain,31.0,22.0
Old High School,2025-09-30,Swain,19.0,17.0
Old High School,2025-10-01,Swain,25.0,21.0
Old High School,2025-10-02,Swain,32.0,31.0
Old High School,2025-10-03,Swain,31.0,24.0
Old High School,2025-10-04,Swain,24.0,23.5
Old High School,2025-10-05,Swain,27.0,14.0
Old High School,2025-10-06,Swain,27.0,13.0
Old High School,2025-10-07,Swain,22.0,17.0
Old High School,2025-10-08,Swain,28.0,23.0
Old High School,2025-10-09,Swain,30.0,18.0
Old High School,2025-10-10,Swain,34.0,23.0
Old High School,2025-10-11,Swain,33.0,35.0
Old High School,2025-10-12,Swain,36.0,18.0
Old High School,2025-10-13,Swain,35.0,11.0
Old High School,2025-10-14,Swain,37.0,12.0
Old High School,2025-10-15,Swain,33.0,13.0
Old High School,2025-10-16,Swain,,19.0
Old High School,2025-10-17,Swain,,17.0
Old High School,2025-10-18,Swain,,47.0
Old High School,2025-10-19,Swain,,21.0
Old High School,2025-10-20,Swain,,12.0
Old High School,2025-10-21,Swain,28.0,21.0
Old High School,2025-10-22,Swain,32.0,14.5
Old High School,2025-10-23,Swain,37.0,15.0
Old High School,2025-10-24,Swain,30.0,13.0
Old High School,2025-10-25,Swain,35.0,16.0
Old High School,2025-10-26,Swain,28.0,23.0
Old High School,2025-10-27,Swain,23.0,13.0
Old High School,2025-10-28,Swain,26.0,13.0
Old High School,2025-10-29,Swain,28.0,9.0
Old High School,2025-10-30,Swain,16.0,9.0
Old High School,2025-10-31,Swain,31.0,18.0
Old High School,2025-11-01,Swain,,17.0
Old High School,2025-11-02,Swain,32.0,19.0
Old High School,2025-11-03,Swain,,25.5
Old High School,2025-11-04,Swain,,17.0
Old High School,2025-11-05,Swain,,23.0
Old High School,2025-11-06,Swain,,29.0
Old High School,2025-11-07,Swain,,47.0
Old High School,2025-11-08,Swain,,28.0
Old High School,2025-11-09,Swain,,28.0
Old High School,2025-11-10,Swain,,9.0
Old High School,2025-11-11,Swain,,10.0
Old High School,2025-11-12,Swain,,17.0
Old High School,2025-11-13,Swain,,22.0
Old High School,2025-11-14,Swain,,21.0
Old High School,2025-11-15,Swain,,32.5
Old High School,2025-11-16,Swain,,25.0
Old High School,2025-11-17,Swain,,11.0
Old High School,2025-11-18,Swain,,15.0
Old High School,2025-11-19,Swain,,28.0
Old High School,2025-11-20,Swain,,37.0
Old High School,2025-11-21,Swain,,46.5
Old High School,2025-11-22,Swain,,25.0
Old High School,2025-11-23,Swain,,12.0
Old High School,2025-11-24,Swain,,18.0
Old High School,2025-11-25,Swain,,28.0
Old High School,2025-11-26,Swain,,16.0
Old High School,2025-11-27,Swain,,10.0
Old High School,2025-11-28,Swain,,15.0
Old High School,2025-11-29,Swain,,17.0
Old High School,2025-11-30,Swain,,22.0
Old High School,2025-12-01,Swain,,19.0
Old High School,2025-12-02,Swain,,7.0
Old High School,2025-12-03,Swain,,13.0
Old High School,2025-12-04,Swain,,23.0
Old High School,2025-12-05,Swain,,11.0
Old High School,2025-12-06,Swain,,15.0
Old High School,2025-12-07,Swain,,14.0
Old High School,2025-12-08,Swain,,17.0
Old High School,2025-12-09,Swain,,16.0
Old High School,2025-12-10,Swain,,22.0
Old High School,2025-12-11,Swain,,13.0
Old High School,2025-12-12,Swain,,22.0
Old High School,2025-12-13,Swain,,27.0
Old High School,2025-12-14,Swain,,11.0
Old High School,2025-12-15,Swain,,10.5
Old High School,2025-12-21,Swain,,16.0
Old High School,2025-12-24,Swain,,48.0
Old High School,2025-12-27,Swain,,34.0
Pitt Agri. Center,2024-01-01,Pitt,,46.0
Pitt Agri. Center,2024-01-02,Pitt,,12.0
Pitt Agri. Center,2024-01-03,Pitt,,52.0
Pitt Agri. Center,2024-01-04,Pitt,,39.0
Pitt Agri. Center,2024-01-05,Pitt,,25.0
Pitt Agri. Center,2024-01-06,Pitt,,18.0
Pitt Agri. Center,2024-01-07,Pitt,,8.0
Pitt Agri. Center,2024-01-08,Pitt,,11.0
Pitt Agri. Center,2024-01-09,Pitt,,27.0
Pitt Agri. Center,2024-01-10,Pitt,,2.0
Pitt Agri. Center,2024-01-11,Pitt,,30.0
Pitt Agri. Center,2024-01-12,Pitt,,40.0
Pitt Agri. Center,2024-01-13,Pitt,,11.0
Pitt Agri. Center,2024-01-14,Pitt,,18.0
Pitt Agri. Center,2024-01-15,Pitt,,24.0
Pitt Agri. Center,2024-01-16,Pitt,,29.0
Pitt Agri. Center,2024-01-17,Pitt,,20.0
Pitt Agri. Center,2024-01-18,Pitt,,38.0
Pitt Agri. Center,2024-01-19,Pitt,,34.0
Pitt Agri. Center,2024-01-20,Pitt,,25.0
Pitt Agri. Center,2024-01-21,Pitt,,18.0
Pitt Agri. Center,2024-01-22,Pitt,,46.0
Pitt Agri. Center,2024-01-23,Pitt,,51.0
Pitt Agri. Center,2024-01-24,Pitt,,28.0
Pitt Agri. Center,2024-01-25,Pitt,,18.0
Pitt Agri. Center,2024-01-26,Pitt,,31.0
Pitt Agri. Center,2024-01-27,Pitt,,27.0
Pitt Agri. Center,2024-01-28,Pitt,,16.0
Pitt Agri. Center,2024-01-29,Pitt,,4.0
Pitt Agri. Center,2024-01-30,Pitt,,22.0
Pitt Agri. Center,2024-01-31,Pitt,,22.0
Pitt Agri. Center,2024-02-01,Pitt,,39.0
Pitt Agri. Center,2024-02-02,Pitt,,40.0
Pitt Agri. Center,2024-02-03,Pitt,,12.0
Pitt Agri. Center,2024-02-04,Pitt,,22.0
Pitt Agri. Center,2024-02-05,Pitt,,25.0
Pitt Agri. Center,2024-02-06,Pitt,,18.0
Pitt Agri. Center,2024-02-07,Pitt,,23.0
Pitt Agri. Center,2024-02-08,Pitt,,59.0
Pitt Agri. Center,2024-02-09,Pitt,,53.0
Pitt Agri. Center,2024-02-10,Pitt,,61.0
Pitt Agri. Center,2024-02-11,Pitt,,52.0
Pitt Agri. Center,2024-02-12,Pitt,,19.0
Pitt Agri. Center,2024-02-13,Pitt,,8.0
Pitt Agri. Center,2024-02-14,Pitt,,28.0
Pitt Agri. Center,2024-02-15,Pitt,,37.0
Pitt Agri. Center,2024-02-16,Pitt,,33.0
Pitt Agri. Center,2024-02-17,Pitt,,28.0
Pitt Agri. Center,2024-02-18,Pitt,,24.0
Pitt Agri. Center,2024-02-19,Pitt,,27.0
Pitt Agri. Center,2024-02-20,Pitt,,27.0
Pitt Agri. Center,2024-02-21,Pitt,,24.0
Pitt Agri. Center,2024-02-22,Pitt,,56.0
Pitt Agri. Center,2024-02-23,Pitt,,58.0
Pitt Agri. Center,2024-02-24,Pitt,,39.0
Pitt Agri. Center,2024-02-25,Pitt,,22.0
Pitt Agri. Center,2024-02-26,Pitt,,52.0
Pitt Agri. Center,2024-02-27,Pitt,,39.0
Pitt Agri. Center,2024-02-28,Pitt,,42.0
Pitt Agri. Center,2024-02-29,Pitt,,8.0
Pitt Agri. Center,2024-03-01,Pitt,39.0,21.0
Pitt Agri. Center,2024-03-02,Pitt,31.0,23.0
Pitt Agri. Center,2024-03-03,Pitt,31.0,17.0
Pitt Agri. Center,2024-03-04,Pitt,30.0,12.0
Pitt Agri. Center,2024-03-05,Pitt,28.0,10.0
Pitt Agri. Center,2024-03-06,Pitt,19.0,13.0
Pitt Agri. Center,2024-03-07,Pitt,35.0,14.0
Pitt Agri. Center,2024-03-08,Pitt,34.0,15.0
Pitt Agri. Center,2024-03-09,Pitt,29.0,23.0
Pitt Agri. Center,2024-03-10,Pitt,41.0,1.0
Pitt Agri. Center,2024-03-11,Pitt,42.0,11.0
Pitt Agri. Center,2024-03-12,Pitt,44.0,22.0
Pitt Agri. Center,2024-03-13,Pitt,54.0,56.0
Pitt Agri. Center,2024-03-14,Pitt,74.0,66.0
Pitt Agri. Center,2024-03-15,Pitt,54.0,73.0
Pitt Agri. Center,2024-03-16,Pitt,39.0,43.0
Pitt Agri. Center,2024-03-17,Pitt,42.0,39.0
Pitt Agri. Center,2024-03-18,Pitt,43.0,22.0
Pitt Agri. Center,2024-03-19,Pitt,36.0,17.0
Pitt Agri. Center,2024-03-20,Pitt,48.0,58.0
Pitt Agri. Center,2024-03-21,Pitt,44.0,39.0
Pitt Agri. Center,2024-03-22,Pitt,39.0,32.0
Pitt Agri. Center,2024-03-23,Pitt,34.0,16.0
Pitt Agri. Center,2024-03-24,Pitt,42.0,12.0
Pitt Agri. Center,2024-03-25,Pitt,43.0,34.0
Pitt Agri. Center,2024-03-26,Pitt,36.0,36.0
Pitt Agri. Center,2024-03-27,Pitt,23.0,27.0
Pitt Agri. Center,2024-03-28,Pitt,24.0,16.0
Pitt Agri. Center,2024-03-29,Pitt,49.0,39.0
Pitt Agri. Center,2024-03-30,Pitt,54.0,46.0
Pitt Agri. Center,2024-03-31,Pitt,51.0,53.0
Pitt Agri. Center,2024-04-01,Pitt,44.0,55.0
Pitt Agri. Center,2024-04-02,Pitt,39.0,59.0
Pitt Agri. Center,2024-04-03,Pitt,29.0,46.0
Pitt Agri. Center,2024-04-04,Pitt,41.0,6.0
Pitt Agri. Center,2024-04-05,Pitt,44.0,9.0
Pitt Agri. Center,2024-04-06,Pitt,39.0,6.0
Pitt Agri. Center,2024-04-07,Pitt,42.0,12.0
Pitt Agri. Center,2024-04-08,Pitt,45.0,33.0
Pitt Agri. Center,2024-04-09,Pitt,44.0,42.0
Pitt Agri. Center,2024-04-10,Pitt,41.0,41.0
Pitt Agri. Center,2024-04-11,Pitt,37.0,37.0
Pitt Agri. Center,2024-04-12,Pitt,48.0,21.0
Pitt Agri. Center,2024-04-13,Pitt,46.0,16.0
Pitt Agri. Center,2024-04-14,Pitt,49.0,31.0
Pitt Agri. Center,2024-04-15,Pitt,58.0,53.0
Pitt Agri. Center,2024-04-16,Pitt,46.0,52.0
Pitt Agri. Center,2024-04-17,Pitt,49.0,55.0
Pitt Agri. Center,2024-04-18,Pitt,45.0,43.0
Pitt Agri. Center,2024-04-19,Pitt,37.0,35.0
Pitt Agri. Center,2024-04-20,Pitt,31.0,54.0
Pitt Agri. Center,2024-04-21,Pitt,29.0,34.0
Pitt Agri. Center,2024-04-22,Pitt,34.0,
Pitt Agri. Center,2024-04-23,Pitt,48.0,
Pitt Agri. Center,2024-04-24,Pitt,44.0,
Pitt Agri. Center,2024-04-25,Pitt,46.0,
Pitt Agri. Center,2024-04-26,Pitt,43.0,
Pitt Agri. Center,2024-04-27,Pitt,38.0,21.0
Pitt Agri. Center,2024-04-28,Pitt,43.0,31.0
Pitt Agri. Center,2024-04-29,Pitt,48.0,34.0
Pitt Agri. Center,2024-04-30,Pitt,40.0,22.0
Pitt Agri. Center,2024-05-01,Pitt,44.0,27.0
Pitt Agri. Center,2024-05-02,Pitt,46.0,33.0
Pitt Agri. Center,2024-05-03,Pitt,49.0,42.0
Pitt Agri. Center,2024-05-04,Pitt,30.0,29.0
Pitt Agri. Center,2024-05-05,Pitt,28.0,24.0
Pitt Agri. Center,2024-05-06,Pitt,32.0,26.0
Pitt Agri. Center,2024-05-07,Pitt,40.0,33.0
Pitt Agri. Center,2024-05-08,Pitt,39.0,54.0
Pitt Agri. Center,2024-05-09,Pitt,44.0,31.0
Pitt Agri. Center,2024-05-10,Pitt,43.0,29.0
Pitt Agri. Center,2024-05-11,Pitt,32.0,9.0
Pitt Agri. Center,2024-05-12,Pitt,44.0,21.0
Pitt Agri. Center,2024-05-13,Pitt,42.0,17.0
Pitt Agri. Center,2024-05-14,Pitt,34.0,23.0
Pitt Agri. Center,2024-05-15,Pitt,32.0,17.0
Pitt Agri. Center,2024-05-16,Pitt,38.0,12.0
Pitt Agri. Center,2024-05-17,Pitt,34.0,22.0
Pitt Agri. Center,2024-05-18,Pitt,29.0,24.0
Pitt Agri. Center,2024-05-19,Pitt,31.0,14.0
Pitt Agri. Center,2024-05-20,Pitt,35.0,16.0
Pitt Agri. Center,2024-05-21,Pitt,30.0,8.0
Pitt Agri. Center,2024-05-22,Pitt,43.0,18.0
Pitt Agri. Center,2024-05-23,Pitt,47.0,34.0
Pitt Agri. Center,2024-05-24,Pitt,40.0,47.0
Pitt Agri. Center,2024-05-25,Pitt,38.0,32.0
Pitt Agri. Center,2024-05-26,Pitt,44.0,46.0
Pitt Agri. Center,2024-05-27,Pitt,29.0,50.0
Pitt Agri. Center,2024-05-28,Pitt,45.0,40.0
Pitt Agri. Center,2024-05-29,Pitt,50.0,33.0
Pitt Agri. Center,2024-05-30,Pitt,39.0,21.0
Pitt Agri. Center,2024-05-31,Pitt,46.0,27.0
Pitt Agri. Center,2024-06-01,Pitt,64.0,35.0
Pitt Agri. Center,2024-06-02,Pitt,47.0,26.0
Pitt Agri. Center,2024-06-03,Pitt,37.0,29.0
Pitt Agri. Center,2024-06-04,Pitt,43.0,45.0
Pitt Agri. Center,2024-06-05,Pitt,34.0,35.0
Pitt Agri. Center,2024-06-06,Pitt,41.0,41.0
Pitt Agri. Center,2024-06-07,Pitt,64.0,34.0
Pitt Agri. Center,2024-06-08,Pitt,74.0,29.0
Pitt Agri. Center,2024-06-09,Pitt,51.0,52.0
Pitt Agri. Center,2024-06-10,Pitt,50.0,34.0
Pitt Agri. Center,2024-06-11,Pitt,48.0,48.0
Pitt Agri. Center,2024-06-12,Pitt,47.0,39.0
Pitt Agri. Center,2024-06-13,Pitt,45.0,41.0
Pitt Agri. Center,2024-06-14,Pitt,51.0,52.0
Pitt Agri. Center,2024-06-15,Pitt,64.0,50.0
Pitt Agri. Center,2024-06-16,Pitt,48.0,34.0
Pitt Agri. Center,2024-06-17,Pitt,42.0,48.0
Pitt Agri. Center,2024-06-18,Pitt,39.0,34.0
Pitt Agri. Center,2024-06-19,Pitt,39.0,28.0
Pitt Agri. Center,2024-06-20,Pitt,33.0,27.0
Pitt Agri. Center,2024-06-21,Pitt,34.0,29.0
Pitt Agri. Center,2024-06-22,Pitt,26.0,25.0
Pitt Agri. Center,2024-06-23,Pitt,27.0,26.0
Pitt Agri. Center,2024-06-24,Pitt,42.0,50.0
Pitt Agri. Center,2024-06-25,Pitt,48.0,37.0
Pitt Agri. Center,2024-06-26,Pitt,46.0,48.0
Pitt Agri. Center,2024-06-27,Pitt,43.0,48.0
Pitt Agri. Center,2024-06-28,Pitt,49.0,36.0
Pitt Agri. Center,2024-06-29,Pitt,33.0,37.0
Pitt Agri. Center,2024-06-30,Pitt,31.0,37.0
Pitt Agri. Center,2024-07-01,Pitt,33.0,17.0
Pitt Agri. Center,2024-07-02,Pitt,44.0,28.0
Pitt Agri. Center,2024-07-03,Pitt,47.0,23.0
Pitt Agri. Center,2024-07-04,Pitt,45.0,36.0
Pitt Agri. Center,2024-07-05,Pitt,41.0,47.0
Pitt Agri. Center,2024-07-06,Pitt,40.0,50.0
Pitt Agri. Center,2024-07-07,Pitt,38.0,47.0
Pitt Agri. Center,2024-07-08,Pitt,33.0,32.0
Pitt Agri. Center,2024-07-09,Pitt,30.0,25.0
Pitt Agri. Center,2024-07-10,Pitt,27.0,19.0
Pitt Agri. Center,2024-07-11,Pitt,20.0,18.0
Pitt Agri. Center,2024-07-12,Pitt,22.0,27.0
Pitt Agri. Center,2024-07-13,Pitt,31.0,37.0
Pitt Agri. Center,2024-07-14,Pitt,47.0,56.0
Pitt Agri. Center,2024-07-15,Pitt,49.0,62.0
Pitt Agri. Center,2024-07-16,Pitt,44.0,63.0
Pitt Agri. Center,2024-07-17,Pitt,35.0,53.0
Pitt Agri. Center,2024-07-18,Pitt,34.0,41.0
Pitt Agri. Center,2024-07-19,Pitt,33.0,33.0
Pitt Agri. Center,2024-07-20,Pitt,32.0,24.0
Pitt Agri. Center,2024-07-21,Pitt,32.0,24.0
Pitt Agri. Center,2024-07-22,Pitt,25.0,18.0
Pitt Agri. Center,2024-07-23,Pitt,26.0,52.0
Pitt Agri. Center,2024-07-24,Pitt,25.0,28.0
Pitt Agri. Center,2024-07-25,Pitt,24.0,27.0
Pitt Agri. Center,2024-07-26,Pitt,24.0,20.0
Pitt Agri. Center,2024-07-27,Pitt,43.0,25.0
Pitt Agri. Center,2024-07-28,Pitt,46.0,42.0
Pitt Agri. Center,2024-07-29,Pitt,40.0,55.0
Pitt Agri. Center,2024-07-30,Pitt,38.0,52.0
Pitt Agri. Center,2024-07-31,Pitt,42.0,41.0
Pitt Agri. Center,2024-08-01,Pitt,44.0,55.0
Pitt Agri. Center,2024-08-02,Pitt,33.0,53.0
Pitt Agri. Center,2024-08-03,Pitt,27.0,48.0
Pitt Agri. Center,2024-08-04,Pitt,30.0,18.0
Pitt Agri. Center,2024-08-05,Pitt,19.0,17.0
Pitt Agri. Center,2024-08-06,Pitt,14.0,12.0
Pitt Agri. Center,2024-08-07,Pitt,19.0,11.0
Pitt Agri. Center,2024-08-08,Pitt,33.0,32.0
Pitt Agri. Center,2024-08-09,Pitt,31.0,28.0
Pitt Agri. Center,2024-08-10,Pitt,27.0,44.0
Pitt Agri. Center,2024-08-11,Pitt,31.0,42.0
Pitt Agri. Center,2024-08-12,Pitt,31.0,51.0
Pitt Agri. Center,2024-08-13,Pitt,41.0,47.0
Pitt Agri. Center,2024-08-14,Pitt,36.0,49.0
Pitt Agri. Center,2024-08-15,Pitt,48.0,60.0
Pitt Agri. Center,2024-08-16,Pitt,46.0,68.0
Pitt Agri. Center,2024-08-17,Pitt,41.0,65.0
Pitt Agri. Center,2024-08-18,Pitt,41.0,54.0
Pitt Agri. Center,2024-08-19,Pitt,36.0,26.0
Pitt Agri. Center,2024-08-20,Pitt,30.0,18.0
Pitt Agri. Center,2024-08-21,Pitt,37.0,26.0
Pitt Agri. Center,2024-08-22,Pitt,39.0,30.0
Pitt Agri. Center,2024-08-23,Pitt,43.0,39.0
Pitt Agri. Center,2024-08-24,Pitt,36.0,31.0
Pitt Agri. Center,2024-08-25,Pitt,32.0,32.0
Pitt Agri. Center,2024-08-26,Pitt,41.0,43.0
Pitt Agri. Center,2024-08-27,Pitt,47.0,50.0
Pitt Agri. Center,2024-08-28,Pitt,67.0,62.0
Pitt Agri. Center,2024-08-29,Pitt,45.0,57.0
Pitt Agri. Center,2024-08-30,Pitt,35.0,53.0
Pitt Agri. Center,2024-08-31,Pitt,38.0,39.0
Pitt Agri. Center,2024-09-01,Pitt,33.0,43.0
Pitt Agri. Center,2024-09-02,Pitt,26.0,26.0
Pitt Agri. Center,2024-09-03,Pitt,33.0,23.0
Pitt Agri. Center,2024-09-04,Pitt,30.0,21.0
Pitt Agri. Center,2024-09-05,Pitt,32.0,26.0
Pitt Agri. Center,2024-09-06,Pitt,31.0,23.0
Pitt Agri. Center,2024-09-07,Pitt,23.0,21.0
Pitt Agri. Center,2024-09-08,Pitt,28.0,12.0
Pitt Agri. Center,2024-09-09,Pitt,34.0,18.0
Pitt Agri. Center,2024-09-10,Pitt,38.0,26.0
Pitt Agri. Center,2024-09-11,Pitt,42.0,36.0
Pitt Agri. Center,2024-09-12,Pitt,38.0,32.0
Pitt Agri. Center,2024-09-13,Pitt,23.0,15.0
Pitt Agri. Center,2024-09-14,Pitt,27.0,24.0
Pitt Agri. Center,2024-09-15,Pitt,28.0,38.0
Pitt Agri. Center,2024-09-16,Pitt,27.0,29.0
Pitt Agri. Center,2024-09-17,Pitt,24.0,16.0
Pitt Agri. Center,2024-09-18,Pitt,28.0,14.0
Pitt Agri. Center,2024-09-19,Pitt,24.0,17.0
Pitt Agri. Center,2024-09-20,Pitt,41.0,28.0
Pitt Agri. Center,2024-09-21,Pitt,39.0,21.0
Pitt Agri. Center,2024-09-22,Pitt,32.0,26.0
Pitt Agri. Center,2024-09-23,Pitt,33.0,25.0
Pitt Agri. Center,2024-09-24,Pitt,26.0,25.0
Pitt Agri. Center,2024-09-25,Pitt,30.0,26.0
Pitt Agri. Center,2024-09-26,Pitt,24.0,17.0
Pitt Agri. Center,2024-09-27,Pitt,22.0,22.0
Pitt Agri. Center,2024-09-28,Pitt,36.0,32.0
Pitt Agri. Center,2024-09-29,Pitt,31.0,34.0
Pitt Agri. Center,2024-09-30,Pitt,25.0,50.0
Pitt Agri. Center,2024-10-01,Pitt,26.0,19.0
Pitt Agri. Center,2024-10-02,Pitt,22.0,17.0
Pitt Agri. Center,2024-10-03,Pitt,28.0,19.0
Pitt Agri. Center,2024-10-04,Pitt,31.0,28.0
Pitt Agri. Center,2024-10-05,Pitt,31.0,42.0
Pitt Agri. Center,2024-10-06,Pitt,43.0,37.0
Pitt Agri. Center,2024-10-07,Pitt,43.0,43.0
Pitt Agri. Center,2024-10-08,Pitt,31.0,28.0
Pitt Agri. Center,2024-10-09,Pitt,36.0,20.0
Pitt Agri. Center,2024-10-10,Pitt,32.0,19.0
Pitt Agri. Center,2024-10-11,Pitt,27.0,13.0
Pitt Agri. Center,2024-10-12,Pitt,42.0,32.0
Pitt Agri. Center,2024-10-13,Pitt,44.0,39.0
Pitt Agri. Center,2024-10-14,Pitt,44.0,34.0
Pitt Agri. Center,2024-10-15,Pitt,31.0,11.0
Pitt Agri. Center,2024-10-16,Pitt,26.0,8.0
Pitt Agri. Center,2024-10-17,Pitt,31.0,9.0
Pitt Agri. Center,2024-10-18,Pitt,32.0,25.0
Pitt Agri. Center,2024-10-19,Pitt,34.0,28.0
Pitt Agri. Center,2024-10-20,Pitt,32.0,21.0
Pitt Agri. Center,2024-10-21,Pitt,44.0,27.0
Pitt Agri. Center,2024-10-22,Pitt,44.0,46.0
Pitt Agri. Center,2024-10-23,Pitt,35.0,43.0
Pitt Agri. Center,2024-10-24,Pitt,41.0,44.0
Pitt Agri. Center,2024-10-25,Pitt,42.0,46.0
Pitt Agri. Center,2024-10-26,Pitt,41.0,51.0
Pitt Agri. Center,2024-10-27,Pitt,25.0,24.0
Pitt Agri. Center,2024-10-28,Pitt,37.0,22.0
Pitt Agri. Center,2024-10-29,Pitt,33.0,36.0
Pitt Agri. Center,2024-10-30,Pitt,31.0,40.0
Pitt Agri. Center,2024-10-31,Pitt,34.0,19.0
Pitt Agri. Center,2024-11-01,Pitt,34.0,21.0
Pitt Agri. Center,2024-11-02,Pitt,31.0,29.0
Pitt Agri. Center,2024-11-03,Pitt,36.0,22.0
Pitt Agri. Center,2024-11-04,Pitt,,23.0
Pitt Agri. Center,2024-11-05,Pitt,,17.0
Pitt Agri. Center,2024-11-06,Pitt,,32.0
Pitt Agri. Center,2024-11-07,Pitt,,40.0
Pitt Agri. Center,2024-11-08,Pitt,,55.0
Pitt Agri. Center,2024-11-09,Pitt,,22.0
Pitt Agri. Center,2024-11-10,Pitt,,21.0
Pitt Agri. Center,2024-11-11,Pitt,,26.0
Pitt Agri. Center,2024-11-12,Pitt,,25.0
Pitt Agri. Center,2024-11-13,Pitt,,11.0
Pitt Agri. Center,2024-11-14,Pitt,,15.0
Pitt Agri. Center,2024-11-15,Pitt,,4.0
Pitt Agri. Center,2024-11-16,Pitt,,15.0
Pitt Agri. Center,2024-11-17,Pitt,,27.0
Pitt Agri. Center,2024-11-18,Pitt,,47.0
Pitt Agri. Center,2024-11-19,Pitt,,60.0
Pitt Agri. Center,2024-11-20,Pitt,,49.0
Pitt Agri. Center,2024-11-21,Pitt,,0.0
Pitt Agri. Center,2024-11-22,Pitt,,0.0
Pitt Agri. Center,2024-11-23,Pitt,,0.0
Pitt Agri. Center,2024-11-24,Pitt,,22.0
Pitt Agri. Center,2024-11-25,Pitt,,51.0
Pitt Agri. Center,2024-12-10,Pitt,,52.0
Pitt Agri. Center,2024-12-11,Pitt,,5.0
Pitt Agri. Center,2024-12-12,Pitt,,11.0
Pitt Agri. Center,2024-12-13,Pitt,,33.0
Pitt Agri. Center,2024-12-14,Pitt,,21.0
Pitt Agri. Center,2024-12-15,Pitt,,14.0
Pitt Agri. Center,2024-12-16,Pitt,,22.0
Pitt Agri. Center,2024-12-17,Pitt,,28.0
Pitt Agri. Center,2024-12-18,Pitt,,36.0
Pitt Agri. Center,2024-12-19,Pitt,,10.0
Pitt Agri. Center,2024-12-20,Pitt,,21.0
Pitt Agri. Center,2024-12-21,Pitt,,17.0
Pitt Agri. Center,2024-12-22,Pitt,,11.0
Pitt Agri. Center,2024-12-23,Pitt,,14.0
Pitt Agri. Center,2024-12-24,Pitt,,19.0
Pitt Agri. Center,2024-12-25,Pitt,,21.0
Pitt Agri. Center,2024-12-26,Pitt,,30.0
Pitt Agri. Center,2024-12-27,Pitt,,35.0
Pitt Agri. Center,2024-12-28,Pitt,,10.0
Pitt Agri. Center,2024-12-29,Pitt,,7.0
Pitt Agri. Center,2024-12-30,Pitt,,8.0
Pitt Agri. Center,2024-12-31,Pitt,,33.0
Pitt Agri. Center,2025-01-01,Pitt,,0.0
Pitt Agri. Center,2025-01-02,Pitt,,9.0
Pitt Agri. Center,2025-01-03,Pitt,,15.0
Pitt Agri. Center,2025-01-04,Pitt,,8.0
Pitt Agri. Center,2025-01-05,Pitt,,9.0
Pitt Agri. Center,2025-01-06,Pitt,,10.0
Pitt Agri. Center,2025-01-07,Pitt,,14.0
Pitt Agri. Center,2025-01-08,Pitt,,22.0
Pitt Agri. Center,2025-01-09,Pitt,,26.0
Pitt Agri. Center,2025-01-10,Pitt,,31.0
Pitt Agri. Center,2025-01-11,Pitt,,18.0
Pitt Agri. Center,2025-01-12,Pitt,,28.0
Pitt Agri. Center,2025-01-13,Pitt,,43.0
Pitt Agri. Center,2025-01-14,Pitt,,25.0
Pitt Agri. Center,2025-01-15,Pitt,,17.0
Pitt Agri. Center,2025-01-16,Pitt,,44.0
Pitt Agri. Center,2025-01-17,Pitt,,22.0
Pitt Agri. Center,2025-01-18,Pitt,,35.0
Pitt Agri. Center,2025-01-19,Pitt,,21.0
Pitt Agri. Center,2025-01-20,Pitt,,13.0
Pitt Agri. Center,2025-01-21,Pitt,,21.0
Pitt Agri. Center,2025-01-22,Pitt,,26.0
Pitt Agri. Center,2025-01-23,Pitt,,48.0
Pitt Agri. Center,2025-01-24,Pitt,,53.0
Pitt Agri. Center,2025-01-25,Pitt,,41.0
Pitt Agri. Center,2025-01-26,Pitt,,47.0
Pitt Agri. Center,2025-01-27,Pitt,,42.0
Pitt Agri. Center,2025-01-28,Pitt,,21.0
Pitt Agri. Center,2025-01-29,Pitt,,26.0
Pitt Agri. Center,2025-01-30,Pitt,,21.0
Pitt Agri. Center,2025-01-31,Pitt,,36.0
Pitt Agri. Center,2025-02-01,Pitt,,10.0
Pitt Agri. Center,2025-02-02,Pitt,,12.0
Pitt Agri. Center,2025-02-03,Pitt,,29.0
Pitt Agri. Center,2025-02-04,Pitt,,46.0
Pitt Agri. Center,2025-02-05,Pitt,,12.0
Pitt Agri. Center,2025-02-06,Pitt,,47.0
Pitt Agri. Center,2025-02-07,Pitt,,36.0
Pitt Agri. Center,2025-02-08,Pitt,,21.0
Pitt Agri. Center,2025-02-09,Pitt,,43.0
Pitt Agri. Center,2025-02-10,Pitt,,16.0
Pitt Agri. Center,2025-02-11,Pitt,,27.0
Pitt Agri. Center,2025-02-12,Pitt,,6.0
Pitt Agri. Center,2025-02-13,Pitt,,14.0
Pitt Agri. Center,2025-02-14,Pitt,,18.0
Pitt Agri. Center,2025-02-15,Pitt,,17.0
Pitt Agri. Center,2025-02-16,Pitt,,9.0
Pitt Agri. Center,2025-02-17,Pitt,,11.0
Pitt Agri. Center,2025-02-18,Pitt,,16.0
Pitt Agri. Center,2025-02-19,Pitt,,18.0
Pitt Agri. Center,2025-02-20,Pitt,,22.0
Pitt Agri. Center,2025-02-21,Pitt,,19.0
Pitt Agri. Center,2025-02-22,Pitt,,32.0
Pitt Agri. Center,2025-02-23,Pitt,,42.0
Pitt Agri. Center,2025-02-24,Pitt,,38.0
Pitt Agri. Center,2025-02-25,Pitt,,58.0
Pitt Agri. Center,2025-02-26,Pitt,,51.0
Pitt Agri. Center,2025-02-27,Pitt,,61.0
Pitt Agri. Center,2025-02-28,Pitt,,17.0
Pitt Agri. Center,2025-03-01,Pitt,49.0,35.0
Pitt Agri. Center,2025-03-02,Pitt,39.0,12.0
Pitt Agri. Center,2025-03-03,Pitt,42.0,17.0
Pitt Agri. Center,2025-03-04,Pitt,43.0,17.0
Pitt Agri. Center,2025-03-05,Pitt,38.0,30.0
Pitt Agri. Center,2025-03-06,Pitt,34.0,3.0
Pitt Agri. Center,2025-03-07,Pitt,38.0,12.0
Pitt Agri. Center,2025-03-08,Pitt,46.0,51.0
Pitt Agri. Center,2025-03-09,Pitt,41.0,23.0
Pitt Agri. Center,2025-03-10,Pitt,41.0,31.0
Pitt Agri. Center,2025-03-11,Pitt,44.0,25.0
Pitt Agri. Center,2025-03-12,Pitt,71.0,53.0
Pitt Agri. Center,2025-03-13,Pitt,49.0,60.0
Pitt Agri. Center,2025-03-14,Pitt,33.0,52.0
Pitt Agri. Center,2025-03-15,Pitt,38.0,43.0
Pitt Agri. Center,2025-03-16,Pitt,33.0,29.0
Pitt Agri. Center,2025-03-17,Pitt,31.0,25.0
Pitt Agri. Center,2025-03-18,Pitt,40.0,14.0
Pitt Agri. Center,2025-03-19,Pitt,45.0,32.0
Pitt Agri. Center,2025-03-20,Pitt,43.0,37.0
Pitt Agri. Center,2025-03-21,Pitt,40.0,1.0
Pitt Agri. Center,2025-03-22,Pitt,48.0,39.0
Pitt Agri. Center,2025-03-23,Pitt,41.0,31.0
Pitt Agri. Center,2025-03-24,Pitt,46.0,46.0
Pitt Agri. Center,2025-03-25,Pitt,48.0,11.0
Pitt Agri. Center,2025-03-26,Pitt,44.0,12.0
Pitt Agri. Center,2025-03-27,Pitt,47.0,26.0
Pitt Agri. Center,2025-03-28,Pitt,50.0,27.0
Pitt Agri. Center,2025-03-29,Pitt,40.0,28.0
Pitt Agri. Center,2025-03-30,Pitt,38.0,26.0
Pitt Agri. Center,2025-03-31,Pitt,31.0,25.0
Pitt Agri. Center,2025-04-01,Pitt,31.0,9.0
Pitt Agri. Center,2025-04-02,Pitt,37.0,23.0
Pitt Agri. Center,2025-04-03,Pitt,28.0,41.0
Pitt Agri. Center,2025-04-04,Pitt,30.0,44.0
Pitt Agri. Center,2025-04-05,Pitt,29.0,29.0
Pitt Agri. Center,2025-04-06,Pitt,34.0,32.0
Pitt Agri. Center,2025-04-07,Pitt,31.0,29.0
Pitt Agri. Center,2025-04-08,Pitt,37.0,13.0
Pitt Agri. Center,2025-04-09,Pitt,44.0,23.0
Pitt Agri. Center,2025-04-10,Pitt,44.0,25.0
Pitt Agri. Center,2025-04-11,Pitt,35.0,15.0
Pitt Agri. Center,2025-04-12,Pitt,32.0,7.0
Pitt Agri. Center,2025-04-13,Pitt,44.0,23.0
Pitt Agri. Center,2025-04-14,Pitt,50.0,52.0
Pitt Agri. Center,2025-04-15,Pitt,45.0,51.0
Pitt Agri. Center,2025-04-16,Pitt,44.0,19.0
Pitt Agri. Center,2025-04-17,Pitt,48.0,32.0
Pitt Agri. Center,2025-04-18,Pitt,50.0,33.0
Pitt Agri. Center,2025-04-19,Pitt,41.0,33.0
Pitt Agri. Center,2025-04-20,Pitt,40.0,57.0
Pitt Agri. Center,2025-04-21,Pitt,44.0,42.0
Pitt Agri. Center,2025-04-22,Pitt,42.0,53.0
Pitt Agri. Center,2025-04-23,Pitt,42.0,56.0
Pitt Agri. Center,2025-04-24,Pitt,46.0,51.0
Pitt Agri. Center,2025-04-25,Pitt,42.0,30.0
Pitt Agri. Center,2025-04-26,Pitt,40.0,34.0
Pitt Agri. Center,2025-04-27,Pitt,44.0,16.0
Pitt Agri. Center,2025-04-28,Pitt,45.0,21.0
Pitt Agri. Center,2025-04-29,Pitt,48.0,32.0
Pitt Agri. Center,2025-04-30,Pitt,44.0,44.0
Pitt Agri. Center,2025-05-01,Pitt,44.0,39.0
Pitt Agri. Center,2025-05-02,Pitt,42.0,47.0
Pitt Agri. Center,2025-05-03,Pitt,40.0,40.0
Pitt Agri. Center,2025-05-04,Pitt,30.0,21.0
Pitt Agri. Center,2025-05-05,Pitt,32.0,28.0
Pitt Agri. Center,2025-05-06,Pitt,47.0,37.0
Pitt Agri. Center,2025-05-07,Pitt,48.0,38.0
Pitt Agri. Center,2025-05-08,Pitt,47.0,47.0
Pitt Agri. Center,2025-05-09,Pitt,48.0,23.0
Pitt Agri. Center,2025-05-10,Pitt,47.0,23.0
Pitt Agri. Center,2025-05-11,Pitt,35.0,33.0
Pitt Agri. Center,2025-05-12,Pitt,29.0,24.0
Pitt Agri. Center,2025-05-13,Pitt,25.0,9.0
Pitt Agri. Center,2025-05-14,Pitt,35.0,29.0
Pitt Agri. Center,2025-05-15,Pitt,36.0,51.0
Pitt Agri. Center,2025-05-16,Pitt,42.0,58.0
Pitt Agri. Center,2025-05-17,Pitt,41.0,47.0
Pitt Agri. Center,2025-05-18,Pitt,43.0,26.0
Pitt Agri. Center,2025-05-19,Pitt,48.0,32.0
Pitt Agri. Center,2025-05-20,Pitt,43.0,30.0
Pitt Agri. Center,2025-05-21,Pitt,36.0,30.0
Pitt Agri. Center,2025-05-22,Pitt,46.0,21.0
Pitt Agri. Center,2025-05-23,Pitt,44.0,10.0
Pitt Agri. Center,2025-05-24,Pitt,46.0,22.0
Pitt Agri. Center,2025-05-25,Pitt,41.0,34.0
Pitt Agri. Center,2025-05-26,Pitt,32.0,17.0
Pitt Agri. Center,2025-05-27,Pitt,27.0,14.0
Pitt Agri. Center,2025-05-28,Pitt,26.0,17.0
Pitt Agri. Center,2025-05-29,Pitt,26.0,28.0
Pitt Agri. Center,2025-05-30,Pitt,33.0,23.0
Pitt Agri. Center,2025-05-31,Pitt,46.0,34.0
Pitt Agri. Center,2025-06-01,Pitt,44.0,44.0
Pitt Agri. Center,2025-06-02,Pitt,44.0,36.0
Pitt Agri. Center,2025-06-03,Pitt,44.0,34.0
Pitt Agri. Center,2025-06-04,Pitt,44.0,40.0
Pitt Agri. Center,2025-06-05,Pitt,21.0,31.0
Pitt Agri. Center,2025-06-06,Pitt,33.0,42.0
Pitt Agri. Center,2025-06-07,Pitt,38.0,54.0
Pitt Agri. Center,2025-06-08,Pitt,31.0,31.0
Pitt Agri. Center,2025-06-09,Pitt,43.0,48.0
Pitt Agri. Center,2025-06-10,Pitt,26.0,25.0
Pitt Agri. Center,2025-06-11,Pitt,32.0,39.0
Pitt Agri. Center,2025-06-12,Pitt,36.0,37.0
Pitt Agri. Center,2025-06-13,Pitt,20.0,29.0
Pitt Agri. Center,2025-06-14,Pitt,24.0,43.0
Pitt Agri. Center,2025-06-15,Pitt,29.0,35.0
Pitt Agri. Center,2025-06-16,Pitt,24.0,32.0
Pitt Agri. Center,2025-06-17,Pitt,31.0,39.0
Pitt Agri. Center,2025-06-18,Pitt,31.0,38.0
Pitt Agri. Center,2025-06-19,Pitt,32.0,42.0
Pitt Agri. Center,2025-06-20,Pitt,38.0,24.0
Pitt Agri. Center,2025-06-21,Pitt,34.0,43.0
Pitt Agri. Center,2025-06-22,Pitt,36.0,46.0
Pitt Agri. Center,2025-06-23,Pitt,43.0,54.0
Pitt Agri. Center,2025-06-24,Pitt,44.0,67.0
Pitt Agri. Center,2025-06-25,Pitt,43.0,70.0
Pitt Agri. Center,2025-06-26,Pitt,50.0,58.0
Pitt Agri. Center,2025-06-27,Pitt,43.0,56.0
Pitt Agri. Center,2025-06-28,Pitt,38.0,42.0
Pitt Agri. Center,2025-06-29,Pitt,33.0,49.0
Pitt Agri. Center,2025-06-30,Pitt,31.0,48.0
Pitt Agri. Center,2025-07-01,Pitt,31.0,43.0
Pitt Agri. Center,2025-07-02,Pitt,27.0,42.0
Pitt Agri. Center,2025-07-03,Pitt,35.0,39.0
Pitt Agri. Center,2025-07-04,Pitt,45.0,56.0
Pitt Agri. Center,2025-07-05,Pitt,38.0,47.0
Pitt Agri. Center,2025-07-06,Pitt,23.0,20.0
Pitt Agri. Center,2025-07-07,Pitt,33.0,40.0
Pitt Agri. Center,2025-07-08,Pitt,27.0,45.0
Pitt Agri. Center,2025-07-09,Pitt,26.0,29.0
Pitt Agri. Center,2025-07-10,Pitt,33.0,32.0
Pitt Agri. Center,2025-07-11,Pitt,33.0,36.0
Pitt Agri. Center,2025-07-12,Pitt,35.0,52.0
Pitt Agri. Center,2025-07-13,Pitt,30.0,43.0
Pitt Agri. Center,2025-07-14,Pitt,29.0,30.0
Pitt Agri. Center,2025-07-15,Pitt,31.0,24.0
Pitt Agri. Center,2025-07-16,Pitt,24.0,37.0
Pitt Agri. Center,2025-07-17,Pitt,30.0,36.0
Pitt Agri. Center,2025-07-18,Pitt,34.0,36.0
Pitt Agri. Center,2025-07-19,Pitt,31.0,47.0
Pitt Agri. Center,2025-07-20,Pitt,31.0,37.0
Pitt Agri. Center,2025-07-21,Pitt,35.0,48.0
Pitt Agri. Center,2025-07-22,Pitt,41.0,33.0
Pitt Agri. Center,2025-07-23,Pitt,35.0,55.0
Pitt Agri. Center,2025-07-24,Pitt,31.0,36.0
Pitt Agri. Center,2025-07-25,Pitt,40.0,50.0
Pitt Agri. Center,2025-07-26,Pitt,48.0,59.0
Pitt Agri. Center,2025-07-27,Pitt,32.0,54.0
Pitt Agri. Center,2025-07-28,Pitt,33.0,31.0
Pitt Agri. Center,2025-07-29,Pitt,34.0,39.0
Pitt Agri. Center,2025-07-30,Pitt,36.0,38.0
Pitt Agri. Center,2025-07-31,Pitt,37.0,40.0
Pitt Agri. Center,2025-08-01,Pitt,27.0,44.0
Pitt Agri. Center,2025-08-02,Pitt,29.0,19.0
Pitt Agri. Center,2025-08-03,Pitt,35.0,29.0
Pitt Agri. Center,2025-08-04,Pitt,37.0,22.0
Pitt Agri. Center,2025-08-05,Pitt,30.0,26.0
Pitt Agri. Center,2025-08-06,Pitt,26.0,33.0
Pitt Agri. Center,2025-08-07,Pitt,31.0,68.0
Pitt Agri. Center,2025-08-08,Pitt,28.0,61.0
Pitt Agri. Center,2025-08-09,Pitt,27.0,27.0
Pitt Agri. Center,2025-08-10,Pitt,24.0,15.0
Pitt Agri. Center,2025-08-11,Pitt,17.0,11.0
Pitt Agri. Center,2025-08-12,Pitt,15.0,8.0
Pitt Agri. Center,2025-08-13,Pitt,23.0,23.0
Pitt Agri. Center,2025-08-14,Pitt,23.0,31.0
Pitt Agri. Center,2025-08-15,Pitt,24.0,24.0
Pitt Agri. Center,2025-08-16,Pitt,31.0,32.0
Pitt Agri. Center,2025-08-17,Pitt,35.0,46.0
Pitt Agri. Center,2025-08-18,Pitt,32.0,53.0
Pitt Agri. Center,2025-08-19,Pitt,20.0,22.0
Pitt Agri. Center,2025-08-20,Pitt,19.0,22.0
Pitt Agri. Center,2025-08-21,Pitt,23.0,23.0
Pitt Agri. Center,2025-08-22,Pitt,34.0,16.0
Pitt Agri. Center,2025-08-23,Pitt,31.0,29.0
Pitt Agri. Center,2025-08-24,Pitt,27.0,27.0
Pitt Agri. Center,2025-08-25,Pitt,36.0,41.0
Pitt Agri. Center,2025-08-26,Pitt,33.0,32.0
Pitt Agri. Center,2025-08-27,Pitt,39.0,33.0
Pitt Agri. Center,2025-08-28,Pitt,40.0,39.0
Pitt Agri. Center,2025-08-29,Pitt,43.0,41.0
Pitt Agri. Center,2025-08-30,Pitt,38.0,43.0
Pitt Agri. Center,2025-08-31,Pitt,42.0,16.0
Pitt Agri. Center,2025-09-01,Pitt,32.0,18.0
Pitt Agri. Center,2025-09-02,Pitt,31.0,14.0
Pitt Agri. Center,2025-09-03,Pitt,39.0,23.0
Pitt Agri. Center,2025-09-04,Pitt,42.0,31.0
Pitt Agri. Center,2025-09-05,Pitt,42.0,39.0
Pitt Agri. Center,2025-09-06,Pitt,36.0,35.0
Pitt Agri. Center,2025-09-07,Pitt,24.0,46.0
Pitt Agri. Center,2025-09-08,Pitt,41.0,37.0
Pitt Agri. Center,2025-09-09,Pitt,30.0,25.0
Pitt Agri. Center,2025-09-10,Pitt,18.0,18.0
Pitt Agri. Center,2025-09-11,Pitt,20.0,17.0
Pitt Agri. Center,2025-09-12,Pitt,44.0,32.0
Pitt Agri. Center,2025-09-13,Pitt,39.0,31.0
Pitt Agri. Center,2025-09-14,Pitt,41.0,39.0
Pitt Agri. Center,2025-09-15,Pitt,37.0,31.0
Pitt Agri. Center,2025-09-16,Pitt,29.0,18.0
Pitt Agri. Center,2025-09-17,Pitt,27.0,17.0
Pitt Agri. Center,2025-09-18,Pitt,25.0,19.0
Pitt Agri. Center,2025-09-19,Pitt,45.0,16.0
Pitt Agri. Center,2025-09-20,Pitt,49.0,7.0
Pitt Agri. Center,2025-09-21,Pitt,37.0,6.0
Pitt Agri. Center,2025-09-22,Pitt,35.0,6.0
Pitt Agri. Center,2025-09-23,Pitt,35.0,8.0
Pitt Agri. Center,2025-09-24,Pitt,32.0,19.0
Pitt Agri. Center,2025-09-25,Pitt,32.0,36.0
Pitt Agri. Center,2025-09-26,Pitt,35.0,35.0
Pitt Agri. Center,2025-09-27,Pitt,20.0,33.0
Pitt Agri. Center,2025-09-28,Pitt,27.0,24.0
Pitt Agri. Center,2025-09-29,Pitt,25.0,27.0
Pitt Agri. Center,2025-09-30,Pitt,36.0,33.0
Pitt Agri. Center,2025-10-01,Pitt,32.0,40.0
Pitt Agri. Center,2025-10-02,Pitt,29.0,26.0
Pitt Agri. Center,2025-10-03,Pitt,32.0,23.0
Pitt Agri. Center,2025-10-04,Pitt,31.0,25.0
Pitt Agri. Center,2025-10-05,Pitt,31.0,22.0
Pitt Agri. Center,2025-10-06,Pitt,33.0,14.0
Pitt Agri. Center,2025-10-07,Pitt,29.0,18.0
Pitt Agri. Center,2025-10-08,Pitt,24.0,25.0
Pitt Agri. Center,2025-10-09,Pitt,35.0,21.0
Pitt Agri. Center,2025-10-10,Pitt,33.0,21.0
Pitt Agri. Center,2025-10-11,Pitt,29.0,27.0
Pitt Agri. Center,2025-10-12,Pitt,30.0,8.0
Pitt Agri. Center,2025-10-13,Pitt,21.0,8.0
Pitt Agri. Center,2025-10-14,Pitt,19.0,9.0
Pitt Agri. Center,2025-10-15,Pitt,29.0,19.0
Pitt Agri. Center,2025-10-16,Pitt,35.0,21.0
Pitt Agri. Center,2025-10-17,Pitt,32.0,21.0
Pitt Agri. Center,2025-10-18,Pitt,43.0,
Pitt Agri. Center,2025-10-19,Pitt,38.0,
Pitt Agri. Center,2025-10-20,Pitt,32.0,
Pitt Agri. Center,2025-10-21,Pitt,38.0,37.0
Pitt Agri. Center,2025-10-22,Pitt,40.0,34.0
Pitt Agri. Center,2025-10-23,Pitt,37.0,28.0
Pitt Agri. Center,2025-10-24,Pitt,35.0,22.0
Pitt Agri. Center,2025-10-25,Pitt,31.0,22.0
Pitt Agri. Center,2025-10-26,Pitt,29.0,17.0
Pitt Agri. Center,2025-10-27,Pitt,30.0,14.0
Pitt Agri. Center,2025-10-28,Pitt,23.0,9.0
Pitt Agri. Center,2025-10-29,Pitt,19.0,11.0
Pitt Agri. Center,2025-10-30,Pitt,28.0,12.0
Pitt Agri. Center,2025-10-31,Pitt,35.0,19.0
Pitt Agri. Center,2025-11-01,Pitt,33.0,37.0
Pitt Agri. Center,2025-11-02,Pitt,35.0,43.0
Pitt Agri. Center,2025-11-03,Pitt,,21.0
Pitt Agri. Center,2025-11-04,Pitt,,26.0
Pitt Agri. Center,2025-11-05,Pitt,,43.0
Pitt Agri. Center,2025-11-06,Pitt,,34.0
Pitt Agri. Center,2025-11-07,Pitt,,34.0
Pitt Agri. Center,2025-11-08,Pitt,,54.0
Pitt Agri. Center,2025-11-09,Pitt,,53.0
Pitt Agri. Center,2025-11-10,Pitt,,8.0
Pitt Agri. Center,2025-11-11,Pitt,,16.0
Pitt Agri. Center,2025-11-12,Pitt,,42.0
Pitt Agri. Center,2025-11-13,Pitt,,35.0
Pitt Agri. Center,2025-11-14,Pitt,,40.0
Pitt Agri. Center,2025-11-15,Pitt,,53.0
Pitt Agri. Center,2025-11-16,Pitt,,44.0
Pitt Agri. Center,2025-11-17,Pitt,,21.0
Pitt Agri. Center,2025-11-18,Pitt,,52.0
Pitt Agri. Center,2025-11-19,Pitt,,47.0
Pitt Agri. Center,2025-11-20,Pitt,,53.0
Pitt Agri. Center,2025-11-21,Pitt,,62.0
Pitt Agri. Center,2025-11-22,Pitt,,55.0
Pitt Agri. Center,2025-11-23,Pitt,,25.0
Pitt Agri. Center,2025-11-24,Pitt,,41.0
Pitt Agri. Center,2025-11-25,Pitt,,28.0
Pitt Agri. Center,2025-11-26,Pitt,,24.0
Pitt Agri. Center,2025-11-27,Pitt,,10.0
Pitt Agri. Center,2025-11-28,Pitt,,19.0
Pitt Agri. Center,2025-11-29,Pitt,,24.0
Pitt Agri. Center,2025-11-30,Pitt,,36.0
Pitt Agri. Center,2025-12-01,Pitt,,27.0
Pitt Agri. Center,2025-12-02,Pitt,,23.0
Pitt Agri. Center,2025-12-03,Pitt,,34.0
Pitt Agri. Center,2025-12-04,Pitt,,56.0
Pitt Agri. Center,2025-12-05,Pitt,,26.0
Pitt Agri. Center,2025-12-06,Pitt,,33.0
Pitt Agri. Center,2025-12-07,Pitt,,53.0
Pitt Agri. Center,2025-12-08,Pitt,,37.0
Pitt Agri. Center,2025-12-09,Pitt,,24.0
Pitt Agri. Center,2025-12-10,Pitt,,46.0
Pitt Agri. Center,2025-12-11,Pitt,,20.0
Pitt Agri. Center,2025-12-12,Pitt,,26.0
Pitt Agri. Center,2025-12-13,Pitt,,56.0
Pitt Agri. Center,2025-12-14,Pitt,,33.0
Pitt Agri. Center,2025-12-15,Pitt,,19.0
Pitt Agri. Center,2025-12-16,Pitt,,48.0
Pitt Agri. Center,2025-12-17,Pitt,,53.0
Pitt Agri. Center,2025-12-18,Pitt,,53.0
Pitt Agri. Center,2025-12-19,Pitt,,11.0
Pitt Agri. Center,2025-12-20,Pitt,,21.0
Pitt Agri. Center,2025-12-21,Pitt,,26.0
Pitt Agri. Center,2025-12-22,Pitt,,18.0
Pitt Agri. Center,2025-12-23,Pitt,,31.0
Pitt Agri. Center,2025-12-24,Pitt,,36.0
Pitt Agri. Center,2025-12-25,Pitt,,52.0
Pitt Agri. Center,2025-12-26,Pitt,,25.0
Pitt Agri. Center,2025-12-27,Pitt,,30.0
Pitt Agri. Center,2025-12-28,Pitt,,31.0
Pitt Agri. Center,2025-12-29,Pitt,,69.0
Pitt Agri. Center,2025-12-30,Pitt,,11.0
Pitt Agri. Center,2025-12-31,Pitt,,23.0
Rockwell,2024-01-01,Rowan,27.0,36.0
Rockwell,2024-01-02,Rowan,26.0,24.0
Rockwell,2024-01-03,Rowan,24.0,55.0
Rockwell,2024-01-04,Rowan,28.0,33.0
Rockwell,2024-01-05,Rowan,25.0,43.0
Rockwell,2024-01-06,Rowan,22.0,39.0
Rockwell,2024-01-07,Rowan,32.0,11.0
Rockwell,2024-01-08,Rowan,30.0,27.0
Rockwell,2024-01-09,Rowan,34.0,16.0
Rockwell,2024-01-10,Rowan,,8.0
Rockwell,2024-01-11,Rowan,,58.0
Rockwell,2024-01-12,Rowan,31.0,55.0
Rockwell,2024-01-13,Rowan,32.0,18.0
Rockwell,2024-01-14,Rowan,36.0,28.0
Rockwell,2024-01-15,Rowan,19.0,43.0
Rockwell,2024-01-16,Rowan,30.0,34.0
Rockwell,2024-01-17,Rowan,31.0,24.0
Rockwell,2024-01-18,Rowan,32.0,42.0
Rockwell,2024-01-19,Rowan,33.0,31.0
Rockwell,2024-01-20,Rowan,31.0,23.0
Rockwell,2024-01-21,Rowan,32.0,25.0
Rockwell,2024-01-22,Rowan,34.0,64.0
Rockwell,2024-01-23,Rowan,15.0,66.0
Rockwell,2024-01-24,Rowan,26.0,59.0
Rockwell,2024-01-25,Rowan,22.0,11.0
Rockwell,2024-01-26,Rowan,26.0,25.0
Rockwell,2024-01-27,Rowan,25.0,43.0
Rockwell,2024-01-28,Rowan,24.0,4.0
Rockwell,2024-01-29,Rowan,33.0,2.0
Rockwell,2024-01-30,Rowan,31.0,24.0
Rockwell,2024-01-31,Rowan,25.0,34.0
Rockwell,2024-02-01,Rowan,26.0,39.0
Rockwell,2024-02-02,Rowan,37.0,38.0
Rockwell,2024-02-03,Rowan,28.0,30.0
Rockwell,2024-02-04,Rowan,33.0,54.0
Rockwell,2024-02-05,Rowan,37.0,29.0
Rockwell,2024-02-06,Rowan,31.0,36.0
Rockwell,2024-02-07,Rowan,35.0,36.0
Rockwell,2024-02-08,Rowan,39.0,62.0
Rockwell,2024-02-09,Rowan,27.0,64.0
Rockwell,2024-02-10,Rowan,34.0,57.0
Rockwell,2024-02-11,Rowan,21.0,36.0
Rockwell,2024-02-12,Rowan,32.0,11.0
Rockwell,2024-02-13,Rowan,36.0,8.0
Rockwell,2024-02-14,Rowan,39.0,31.0
Rockwell,2024-02-15,Rowan,,52.0
Rockwell,2024-02-16,Rowan,35.0,46.0
Rockwell,2024-02-17,Rowan,36.0,25.0
Rockwell,2024-02-18,Rowan,33.0,36.0
Rockwell,2024-02-19,Rowan,41.0,57.0
Rockwell,2024-02-20,Rowan,42.0,60.0
Rockwell,2024-02-21,Rowan,44.0,74.0
Rockwell,2024-02-22,Rowan,58.0,71.0
Rockwell,2024-02-23,Rowan,35.0,67.0
Rockwell,2024-02-24,Rowan,35.0,13.0
Rockwell,2024-02-25,Rowan,37.0,16.0
Rockwell,2024-02-26,Rowan,47.0,57.0
Rockwell,2024-02-27,Rowan,39.0,64.0
Rockwell,2024-02-28,Rowan,36.0,39.0
Rockwell,2024-02-29,Rowan,35.0,17.0
Rockwell,2024-03-01,Rowan,27.0,35.0
Rockwell,2024-03-02,Rowan,33.0,23.0
Rockwell,2024-03-03,Rowan,32.0,47.0
Rockwell,2024-03-04,Rowan,37.0,59.0
Rockwell,2024-03-05,Rowan,38.0,42.0
Rockwell,2024-03-06,Rowan,27.0,46.0
Rockwell,2024-03-07,Rowan,37.0,14.0
Rockwell,2024-03-08,Rowan,31.0,27.0
Rockwell,2024-03-09,Rowan,23.0,17.0
Rockwell,2024-03-10,Rowan,40.0,0.0
Rockwell,2024-03-11,Rowan,42.0,12.0
Rockwell,2024-03-12,Rowan,42.0,37.0
Rockwell,2024-03-13,Rowan,54.0,56.0
Rockwell,2024-03-14,Rowan,77.0,66.0
Rockwell,2024-03-15,Rowan,34.0,89.0
Rockwell,2024-03-16,Rowan,40.0,51.0
Rockwell,2024-03-17,Rowan,41.0,37.0
Rockwell,2024-03-18,Rowan,42.0,14.0
Rockwell,2024-03-19,Rowan,37.0,15.0
Rockwell,2024-03-20,Rowan,46.0,36.0
Rockwell,2024-03-21,Rowan,47.0,36.0
Rockwell,2024-03-22,Rowan,31.0,59.0
Rockwell,2024-03-23,Rowan,39.0,13.0
Rockwell,2024-03-24,Rowan,43.0,21.0
Rockwell,2024-03-25,Rowan,45.0,26.0
Rockwell,2024-03-26,Rowan,34.0,49.0
Rockwell,2024-03-27,Rowan,22.0,19.0
Rockwell,2024-03-28,Rowan,43.0,14.0
Rockwell,2024-03-29,Rowan,47.0,23.0
Rockwell,2024-03-30,Rowan,54.0,43.0
Rockwell,2024-03-31,Rowan,50.0,48.0
Rockwell,2024-04-01,Rowan,43.0,59.0
Rockwell,2024-04-02,Rowan,42.0,57.0
Rockwell,2024-04-03,Rowan,44.0,27.0
Rockwell,2024-04-04,Rowan,38.0,17.0
Rockwell,2024-04-05,Rowan,37.0,9.0
Rockwell,2024-04-06,Rowan,42.0,6.0
Rockwell,2024-04-07,Rowan,44.0,52.0
Rockwell,2024-04-08,Rowan,47.0,47.0
Rockwell,2024-04-09,Rowan,37.0,51.0
Rockwell,2024-04-10,Rowan,34.0,51.0
Rockwell,2024-04-11,Rowan,33.0,24.0
Rockwell,2024-04-12,Rowan,45.0,6.0
Rockwell,2024-04-13,Rowan,46.0,18.0
Rockwell,2024-04-14,Rowan,58.0,36.0
Rockwell,2024-04-15,Rowan,64.0,52.0
Rockwell,2024-04-16,Rowan,54.0,61.0
Rockwell,2024-04-17,Rowan,47.0,60.0
Rockwell,2024-04-18,Rowan,45.0,42.0
Rockwell,2024-04-19,Rowan,50.0,
Rockwell,2024-04-20,Rowan,35.0,
Rockwell,2024-04-21,Rowan,31.0,
Rockwell,2024-04-22,Rowan,38.0,
Rockwell,2024-04-23,Rowan,44.0,
Rockwell,2024-04-24,Rowan,42.0,
Rockwell,2024-04-25,Rowan,54.0,
Rockwell,2024-04-26,Rowan,36.0,
Rockwell,2024-04-27,Rowan,41.0,50.0
Rockwell,2024-04-28,Rowan,42.0,41.0
Rockwell,2024-04-29,Rowan,48.0,40.0
Rockwell,2024-04-30,Rowan,40.0,42.0
Rockwell,2024-05-01,Rowan,46.0,26.0
Rockwell,2024-05-02,Rowan,58.0,40.0
Rockwell,2024-05-03,Rowan,48.0,53.0
Rockwell,2024-05-04,Rowan,22.0,41.0
Rockwell,2024-05-05,Rowan,28.0,12.0
Rockwell,2024-05-06,Rowan,32.0,47.0
Rockwell,2024-05-07,Rowan,40.0,41.0
Rockwell,2024-05-08,Rowan,34.0,52.0
Rockwell,2024-05-09,Rowan,42.0,20.0
Rockwell,2024-05-10,Rowan,44.0,18.0
Rockwell,2024-05-11,Rowan,42.0,20.0
Rockwell,2024-05-12,Rowan,46.0,22.0
Rockwell,2024-05-13,Rowan,41.0,42.0
Rockwell,2024-05-14,Rowan,23.0,21.0
Rockwell,2024-05-15,Rowan,34.0,15.0
Rockwell,2024-05-16,Rowan,39.0,21.0
Rockwell,2024-05-17,Rowan,35.0,36.0
Rockwell,2024-05-18,Rowan,34.0,29.0
Rockwell,2024-05-19,Rowan,36.0,9.0
Rockwell,2024-05-20,Rowan,44.0,28.0
Rockwell,2024-05-21,Rowan,44.0,39.0
Rockwell,2024-05-22,Rowan,46.0,43.0
Rockwell,2024-05-23,Rowan,58.0,54.0
Rockwell,2024-05-24,Rowan,44.0,37.0
Rockwell,2024-05-25,Rowan,54.0,39.0
Rockwell,2024-05-26,Rowan,43.0,43.0
Rockwell,2024-05-27,Rowan,46.0,40.0
Rockwell,2024-05-28,Rowan,46.0,31.0
Rockwell,2024-05-29,Rowan,50.0,23.0
Rockwell,2024-05-30,Rowan,44.0,23.0
Rockwell,2024-05-31,Rowan,50.0,36.0
Rockwell,2024-06-01,Rowan,48.0,47.0
Rockwell,2024-06-02,Rowan,40.0,31.0
Rockwell,2024-06-03,Rowan,44.0,38.0
Rockwell,2024-06-04,Rowan,38.0,36.0
Rockwell,2024-06-05,Rowan,31.0,40.0
Rockwell,2024-06-06,Rowan,41.0,35.0
Rockwell,2024-06-07,Rowan,61.0,27.0
Rockwell,2024-06-08,Rowan,74.0,34.0
Rockwell,2024-06-09,Rowan,44.0,46.0
Rockwell,2024-06-10,Rowan,50.0,25.0
Rockwell,2024-06-11,Rowan,46.0,39.0
Rockwell,2024-06-12,Rowan,51.0,55.0
Rockwell,2024-06-13,Rowan,48.0,52.0
Rockwell,2024-06-14,Rowan,77.0,56.0
Rockwell,2024-06-15,Rowan,64.0,53.0
Rockwell,2024-06-16,Rowan,41.0,58.0
Rockwell,2024-06-17,Rowan,38.0,52.0
Rockwell,2024-06-18,Rowan,38.0,52.0
Rockwell,2024-06-19,Rowan,,34.0
Rockwell,2024-06-20,Rowan,,37.0
Rockwell,2024-06-21,Rowan,38.0,42.0
Rockwell,2024-06-22,Rowan,28.0,29.0
Rockwell,2024-06-23,Rowan,31.0,33.0
Rockwell,2024-06-24,Rowan,51.0,39.0
Rockwell,2024-06-25,Rowan,64.0,44.0
Rockwell,2024-06-26,Rowan,67.0,60.0
Rockwell,2024-06-27,Rowan,45.0,52.0
Rockwell,2024-06-28,Rowan,48.0,54.0
Rockwell,2024-06-29,Rowan,34.0,44.0
Rockwell,2024-06-30,Rowan,37.0,44.0
Rockwell,2024-07-01,Rowan,47.0,29.0
Rockwell,2024-07-02,Rowan,47.0,27.0
Rockwell,2024-07-03,Rowan,74.0,51.0
Rockwell,2024-07-04,Rowan,41.0,53.0
Rockwell,2024-07-05,Rowan,39.0,52.0
Rockwell,2024-07-06,Rowan,40.0,36.0
Rockwell,2024-07-07,Rowan,36.0,34.0
Rockwell,2024-07-08,Rowan,39.0,28.0
Rockwell,2024-07-09,Rowan,45.0,46.0
Rockwell,2024-07-10,Rowan,44.0,33.0
Rockwell,2024-07-11,Rowan,67.0,19.0
Rockwell,2024-07-12,Rowan,29.0,39.0
Rockwell,2024-07-13,Rowan,47.0,28.0
Rockwell,2024-07-14,Rowan,48.0,54.0
Rockwell,2024-07-15,Rowan,61.0,55.0
Rockwell,2024-07-16,Rowan,46.0,52.0
Rockwell,2024-07-17,Rowan,50.0,48.0
Rockwell,2024-07-18,Rowan,46.0,34.0
Rockwell,2024-07-19,Rowan,36.0,32.0
Rockwell,2024-07-20,Rowan,38.0,17.0
Rockwell,2024-07-21,Rowan,29.0,22.0
Rockwell,2024-07-22,Rowan,32.0,17.0
Rockwell,2024-07-23,Rowan,35.0,29.0
Rockwell,2024-07-24,Rowan,40.0,25.0
Rockwell,2024-07-25,Rowan,31.0,22.0
Rockwell,2024-07-26,Rowan,31.0,44.0
Rockwell,2024-07-27,Rowan,42.0,56.0
Rockwell,2024-07-28,Rowan,40.0,58.0
Rockwell,2024-07-29,Rowan,23.0,49.0
Rockwell,2024-07-30,Rowan,43.0,26.0
Rockwell,2024-07-31,Rowan,48.0,26.0
Rockwell,2024-08-01,Rowan,46.0,45.0
Rockwell,2024-08-02,Rowan,35.0,55.0
Rockwell,2024-08-03,Rowan,31.0,58.0
Rockwell,2024-08-04,Rowan,41.0,36.0
Rockwell,2024-08-05,Rowan,31.0,29.0
Rockwell,2024-08-06,Rowan,17.0,11.0
Rockwell,2024-08-07,Rowan,29.0,8.0
Rockwell,2024-08-08,Rowan,27.0,6.0
Rockwell,2024-08-09,Rowan,39.0,22.0
Rockwell,2024-08-10,Rowan,44.0,48.0
Rockwell,2024-08-11,Rowan,42.0,52.0
Rockwell,2024-08-12,Rowan,43.0,51.0
Rockwell,2024-08-13,Rowan,30.0,49.0
Rockwell,2024-08-14,Rowan,44.0,41.0
Rockwell,2024-08-15,Rowan,39.0,41.0
Rockwell,2024-08-16,Rowan,51.0,57.0
Rockwell,2024-08-17,Rowan,38.0,44.0
Rockwell,2024-08-18,Rowan,41.0,27.0
Rockwell,2024-08-19,Rowan,37.0,16.0
Rockwell,2024-08-20,Rowan,40.0,37.0
Rockwell,2024-08-21,Rowan,41.0,39.0
Rockwell,2024-08-22,Rowan,38.0,29.0
Rockwell,2024-08-23,Rowan,41.0,47.0
Rockwell,2024-08-24,Rowan,44.0,52.0
Rockwell,2024-08-25,Rowan,45.0,53.0
Rockwell,2024-08-26,Rowan,49.0,55.0
Rockwell,2024-08-27,Rowan,97.0,64.0
Rockwell,2024-08-28,Rowan,90.0,68.0
Rockwell,2024-08-29,Rowan,71.0,60.0
Rockwell,2024-08-30,Rowan,50.0,55.0
Rockwell,2024-08-31,Rowan,42.0,54.0
Rockwell,2024-09-01,Rowan,36.0,32.0
Rockwell,2024-09-02,Rowan,37.0,36.0
Rockwell,2024-09-03,Rowan,36.0,18.0
Rockwell,2024-09-04,Rowan,,26.0
Rockwell,2024-09-05,Rowan,42.0,29.0
Rockwell,2024-09-06,Rowan,36.0,37.0
Rockwell,2024-09-07,Rowan,38.0,31.0
Rockwell,2024-09-08,Rowan,34.0,20.0
Rockwell,2024-09-09,Rowan,35.0,33.0
Rockwell,2024-09-10,Rowan,,50.0
Rockwell,2024-09-11,Rowan,,47.0
Rockwell,2024-09-12,Rowan,,45.0
Rockwell,2024-09-13,Rowan,29.0,32.0
Rockwell,2024-09-14,Rowan,31.0,18.0
Rockwell,2024-09-15,Rowan,28.0,32.0
Rockwell,2024-09-16,Rowan,26.0,27.0
Rockwell,2024-09-17,Rowan,24.0,10.0
Rockwell,2024-09-18,Rowan,31.0,52.0
Rockwell,2024-09-19,Rowan,29.0,14.0
Rockwell,2024-09-20,Rowan,36.0,30.0
Rockwell,2024-09-21,Rowan,44.0,47.0
Rockwell,2024-09-22,Rowan,46.0,48.0
Rockwell,2024-09-23,Rowan,19.0,55.0
Rockwell,2024-09-24,Rowan,30.0,51.0
Rockwell,2024-09-25,Rowan,35.0,33.0
Rockwell,2024-09-26,Rowan,24.0,22.0
Rockwell,2024-09-27,Rowan,25.0,23.0
Rockwell,2024-09-28,Rowan,37.0,52.0
Rockwell,2024-09-29,Rowan,34.0,52.0
Rockwell,2024-09-30,Rowan,28.0,58.0
Rockwell,2024-10-01,Rowan,29.0,25.0
Rockwell,2024-10-02,Rowan,35.0,18.0
Rockwell,2024-10-03,Rowan,31.0,49.0
Rockwell,2024-10-04,Rowan,30.0,39.0
Rockwell,2024-10-05,Rowan,48.0,50.0
Rockwell,2024-10-06,Rowan,28.0,56.0
Rockwell,2024-10-07,Rowan,44.0,54.0
Rockwell,2024-10-08,Rowan,42.0,
Rockwell,2024-10-09,Rowan,45.0,
Rockwell,2024-10-10,Rowan,40.0,
Rockwell,2024-10-11,Rowan,33.0,
Rockwell,2024-10-12,Rowan,47.0,
Rockwell,2024-10-13,Rowan,47.0,
Rockwell,2024-10-14,Rowan,44.0,
Rockwell,2024-10-15,Rowan,31.0,
Rockwell,2024-10-16,Rowan,26.0,7.0
Rockwell,2024-10-17,Rowan,33.0,23.0
Rockwell,2024-10-18,Rowan,38.0,33.0
Rockwell,2024-10-19,Rowan,41.0,52.0
Rockwell,2024-10-20,Rowan,43.0,54.0
Rockwell,2024-10-21,Rowan,43.0,50.0
Rockwell,2024-10-22,Rowan,44.0,55.0
Rockwell,2024-10-23,Rowan,44.0,51.0
Rockwell,2024-10-24,Rowan,46.0,41.0
Rockwell,2024-10-25,Rowan,54.0,57.0
Rockwell,2024-10-26,Rowan,44.0,57.0
Rockwell,2024-10-27,Rowan,29.0,35.0
Rockwell,2024-10-28,Rowan,34.0,53.0
Rockwell,2024-10-29,Rowan,37.0,52.0
Rockwell,2024-10-30,Rowan,37.0,41.0
Rockwell,2024-10-31,Rowan,37.0,40.0
Rockwell,2024-11-01,Rowan,27.0,47.0
Rockwell,2024-11-02,Rowan,33.0,40.0
Rockwell,2024-11-03,Rowan,37.0,45.0
Rockwell,2024-11-04,Rowan,30.0,38.0
Rockwell,2024-11-05,Rowan,31.0,52.0
Rockwell,2024-11-06,Rowan,28.0,37.0
Rockwell,2024-11-07,Rowan,28.0,29.0
Rockwell,2024-11-08,Rowan,27.0,49.0
Rockwell,2024-11-09,Rowan,37.0,44.0
Rockwell,2024-11-10,Rowan,24.0,52.0
Rockwell,2024-11-11,Rowan,18.0,46.0
Rockwell,2024-11-12,Rowan,35.0,26.0
Rockwell,2024-11-13,Rowan,31.0,17.0
Rockwell,2024-11-14,Rowan,21.0,23.0
Rockwell,2024-11-15,Rowan,28.0,11.0
Rockwell,2024-11-16,Rowan,31.0,31.0
Rockwell,2024-11-17,Rowan,36.0,61.0
Rockwell,2024-11-18,Rowan,33.0,71.0
Rockwell,2024-11-19,Rowan,31.0,59.0
Rockwell,2024-11-20,Rowan,29.0,32.0
Rockwell,2024-11-21,Rowan,32.0,8.0
Rockwell,2024-11-22,Rowan,19.0,3.0
Rockwell,2024-11-23,Rowan,22.0,15.0
Rockwell,2024-11-24,Rowan,29.0,57.0
Rockwell,2024-11-25,Rowan,34.0,55.0
Rockwell,2024-11-26,Rowan,31.0,26.0
Rockwell,2024-11-27,Rowan,30.0,41.0
Rockwell,2024-11-28,Rowan,31.0,34.0
Rockwell,2024-11-29,Rowan,31.0,16.0
Rockwell,2024-11-30,Rowan,36.0,29.0
Rockwell,2024-12-01,Rowan,34.0,40.0
Rockwell,2024-12-02,Rowan,35.0,15.0
Rockwell,2024-12-03,Rowan,28.0,20.0
Rockwell,2024-12-04,Rowan,33.0,53.0
Rockwell,2024-12-05,Rowan,37.0,32.0
Rockwell,2024-12-06,Rowan,31.0,23.0
Rockwell,2024-12-07,Rowan,31.0,59.0
Rockwell,2024-12-08,Rowan,37.0,52.0
Rockwell,2024-12-09,Rowan,23.0,56.0
Rockwell,2024-12-10,Rowan,28.0,51.0
Rockwell,2024-12-11,Rowan,27.0,11.0
Rockwell,2024-12-14,Rowan,24.0,64.0
Rockwell,2024-12-15,Rowan,24.0,42.0
Rockwell,2024-12-16,Rowan,19.0,34.0
Rockwell,2024-12-17,Rowan,,51.0
Rockwell,2024-12-18,Rowan,28.0,54.0
Rockwell,2024-12-19,Rowan,27.0,11.0
Rockwell,2024-12-20,Rowan,21.0,29.0
Rockwell,2024-12-21,Rowan,29.0,7.0
Rockwell,2024-12-22,Rowan,33.0,26.0
Rockwell,2024-12-23,Rowan,33.0,53.0
Rockwell,2024-12-24,Rowan,31.0,59.0
Rockwell,2024-12-25,Rowan,33.0,61.0
Rockwell,2024-12-26,Rowan,29.0,64.0
Rockwell,2024-12-27,Rowan,22.0,54.0
Rockwell,2024-12-28,Rowan,19.0,28.0
Rockwell,2024-12-29,Rowan,34.0,18.0
Rockwell,2024-12-30,Rowan,32.0,16.0
Rockwell,2024-12-31,Rowan,,33.0
Rockwell,2025-01-01,Rowan,29.0,4.0
Rockwell,2025-01-02,Rowan,31.0,21.0
Rockwell,2025-01-03,Rowan,31.0,25.0
Rockwell,2025-01-04,Rowan,31.0,48.0
Rockwell,2025-01-05,Rowan,29.0,52.0
Rockwell,2025-01-06,Rowan,26.0,33.0
Rockwell,2025-01-07,Rowan,,12.0
Rockwell,2025-01-08,Rowan,30.0,24.0
Rockwell,2025-01-09,Rowan,36.0,19.0
Rockwell,2025-01-10,Rowan,29.0,42.0
Rockwell,2025-01-11,Rowan,33.0,29.0
Rockwell,2025-01-12,Rowan,33.0,34.0
Rockwell,2025-01-13,Rowan,32.0,55.0
Rockwell,2025-01-14,Rowan,38.0,23.0
Rockwell,2025-01-15,Rowan,36.0,28.0
Rockwell,2025-01-16,Rowan,37.0,52.0
Rockwell,2025-01-17,Rowan,37.0,42.0
Rockwell,2025-01-18,Rowan,30.0,45.0
Rockwell,2025-01-19,Rowan,30.0,37.0
Rockwell,2025-01-20,Rowan,33.0,12.0
Rockwell,2025-01-21,Rowan,29.0,22.0
Rockwell,2025-01-22,Rowan,32.0,35.0
Rockwell,2025-01-23,Rowan,30.0,59.0
Rockwell,2025-01-24,Rowan,34.0,63.0
Rockwell,2025-01-25,Rowan,36.0,64.0
Rockwell,2025-01-26,Rowan,40.0,56.0
Rockwell,2025-01-27,Rowan,28.0,65.0
Rockwell,2025-01-28,Rowan,37.0,28.0
Rockwell,2025-01-29,Rowan,41.0,23.0
Rockwell,2025-01-30,Rowan,38.0,43.0
Rockwell,2025-01-31,Rowan,38.0,48.0
Rockwell,2025-02-01,Rowan,35.0,17.0
Rockwell,2025-02-02,Rowan,32.0,26.0
Rockwell,2025-02-03,Rowan,36.0,55.0
Rockwell,2025-02-04,Rowan,42.0,52.0
Rockwell,2025-02-05,Rowan,31.0,38.0
Rockwell,2025-02-06,Rowan,31.0,57.0
Rockwell,2025-02-07,Rowan,40.0,31.0
Rockwell,2025-02-08,Rowan,29.0,43.0
Rockwell,2025-02-09,Rowan,36.0,37.0
Rockwell,2025-02-10,Rowan,28.0,27.0
Rockwell,2025-02-11,Rowan,30.0,36.0
Rockwell,2025-02-12,Rowan,24.0,3.0
Rockwell,2025-02-13,Rowan,28.0,20.0
Rockwell,2025-02-14,Rowan,34.0,28.0
Rockwell,2025-02-15,Rowan,23.0,42.0
Rockwell,2025-02-16,Rowan,31.0,13.0
Rockwell,2025-02-17,Rowan,37.0,17.0
Rockwell,2025-02-18,Rowan,38.0,54.0
Rockwell,2025-02-19,Rowan,29.0,46.0
Rockwell,2025-02-20,Rowan,35.0,27.0
Rockwell,2025-02-21,Rowan,34.0,17.0
Rockwell,2025-02-22,Rowan,39.0,51.0
Rockwell,2025-02-23,Rowan,41.0,49.0
Rockwell,2025-02-24,Rowan,46.0,60.0
Rockwell,2025-02-25,Rowan,49.0,55.0
Rockwell,2025-02-26,Rowan,49.0,54.0
Rockwell,2025-02-27,Rowan,44.0,55.0
Rockwell,2025-02-28,Rowan,44.0,18.0
Rockwell,2025-03-01,Rowan,47.0,33.0
Rockwell,2025-03-02,Rowan,38.0,26.0
Rockwell,2025-03-03,Rowan,42.0,44.0
Rockwell,2025-03-04,Rowan,39.0,28.0
Rockwell,2025-03-05,Rowan,41.0,30.0
Rockwell,2025-03-06,Rowan,32.0,4.0
Rockwell,2025-03-07,Rowan,31.0,23.0
Rockwell,2025-03-08,Rowan,42.0,51.0
Rockwell,2025-03-09,Rowan,42.0,24.0
Rockwell,2025-03-10,Rowan,35.0,40.0
Rockwell,2025-03-11,Rowan,50.0,29.0
Rockwell,2025-03-12,Rowan,64.0,52.0
Rockwell,2025-03-13,Rowan,64.0,65.0
Rockwell,2025-03-14,Rowan,41.0,79.0
Rockwell,2025-03-15,Rowan,31.0,59.0
Rockwell,2025-03-16,Rowan,35.0,31.0
Rockwell,2025-03-17,Rowan,32.0,12.0
Rockwell,2025-03-18,Rowan,43.0,11.0
Rockwell,2025-03-19,Rowan,54.0,53.0
Rockwell,2025-03-20,Rowan,38.0,55.0
Rockwell,2025-03-21,Rowan,44.0,17.0
Rockwell,2025-03-22,Rowan,48.0,36.0
Rockwell,2025-03-23,Rowan,45.0,21.0
Rockwell,2025-03-24,Rowan,36.0,55.0
Rockwell,2025-03-25,Rowan,46.0,16.0
Rockwell,2025-03-26,Rowan,44.0,18.0
Rockwell,2025-03-27,Rowan,47.0,27.0
Rockwell,2025-03-28,Rowan,54.0,50.0
Rockwell,2025-03-29,Rowan,42.0,36.0
Rockwell,2025-03-30,Rowan,36.0,38.0
Rockwell,2025-03-31,Rowan,25.0,33.0
Rockwell,2025-04-01,Rowan,34.0,7.0
Rockwell,2025-04-02,Rowan,31.0,51.0
Rockwell,2025-04-03,Rowan,28.0,44.0
Rockwell,2025-04-04,Rowan,35.0,47.0
Rockwell,2025-04-05,Rowan,33.0,51.0
Rockwell,2025-04-06,Rowan,43.0,38.0
Rockwell,2025-04-07,Rowan,29.0,33.0
Rockwell,2025-04-08,Rowan,46.0,23.0
Rockwell,2025-04-09,Rowan,44.0,31.0
Rockwell,2025-04-10,Rowan,39.0,47.0
Rockwell,2025-04-11,Rowan,40.0,21.0
Rockwell,2025-04-12,Rowan,38.0,29.0
Rockwell,2025-04-13,Rowan,45.0,37.0
Rockwell,2025-04-14,Rowan,67.0,54.0
Rockwell,2025-04-15,Rowan,44.0,42.0
Rockwell,2025-04-16,Rowan,45.0,24.0
Rockwell,2025-04-17,Rowan,50.0,46.0
Rockwell,2025-04-18,Rowan,54.0,55.0
Rockwell,2025-04-19,Rowan,42.0,57.0
Rockwell,2025-04-20,Rowan,38.0,51.0
Rockwell,2025-04-21,Rowan,44.0,49.0
Rockwell,2025-04-22,Rowan,42.0,53.0
Rockwell,2025-04-23,Rowan,43.0,42.0
Rockwell,2025-04-24,Rowan,32.0,54.0
Rockwell,2025-04-25,Rowan,36.0,
Rockwell,2025-04-26,Rowan,39.0,
Rockwell,2025-04-27,Rowan,47.0,
Rockwell,2025-04-28,Rowan,46.0,
Rockwell,2025-04-29,Rowan,45.0,
Rockwell,2025-04-30,Rowan,45.0,
Rockwell,2025-05-01,Rowan,44.0,51.0
Rockwell,2025-05-02,Rowan,43.0,47.0
Rockwell,2025-05-03,Rowan,31.0,33.0
Rockwell,2025-05-04,Rowan,40.0,16.0
Rockwell,2025-05-05,Rowan,43.0,26.0
Rockwell,2025-05-06,Rowan,47.0,28.0
Rockwell,2025-05-07,Rowan,41.0,41.0
Rockwell,2025-05-08,Rowan,45.0,48.0
Rockwell,2025-05-09,Rowan,43.0,30.0
Rockwell,2025-05-10,Rowan,36.0,27.0
Rockwell,2025-05-11,Rowan,23.0,43.0
Rockwell,2025-05-12,Rowan,21.0,17.0
Rockwell,2025-05-13,Rowan,34.0,15.0
Rockwell,2025-05-14,Rowan,44.0,22.0
Rockwell,2025-05-15,Rowan,47.0,52.0
Rockwell,2025-05-16,Rowan,36.0,57.0
Rockwell,2025-05-17,Rowan,42.0,28.0
Rockwell,2025-05-18,Rowan,44.0,32.0
Rockwell,2025-05-19,Rowan,48.0,37.0
Rockwell,2025-05-20,Rowan,39.0,54.0
Rockwell,2025-05-21,Rowan,42.0,46.0
Rockwell,2025-05-22,Rowan,49.0,16.0
Rockwell,2025-05-23,Rowan,42.0,8.0
Rockwell,2025-05-24,Rowan,44.0,29.0
Rockwell,2025-05-25,Rowan,35.0,46.0
Rockwell,2025-05-26,Rowan,26.0,49.0
Rockwell,2025-05-27,Rowan,24.0,10.0
Rockwell,2025-05-28,Rowan,27.0,13.0
Rockwell,2025-05-29,Rowan,30.0,34.0
Rockwell,2025-05-30,Rowan,39.0,21.0
Rockwell,2025-05-31,Rowan,44.0,39.0
Rockwell,2025-06-01,Rowan,42.0,56.0
Rockwell,2025-06-02,Rowan,49.0,39.0
Rockwell,2025-06-03,Rowan,46.0,59.0
Rockwell,2025-06-04,Rowan,43.0,62.0
Rockwell,2025-06-05,Rowan,24.0,32.0
Rockwell,2025-06-06,Rowan,43.0,51.0
Rockwell,2025-06-07,Rowan,36.0,32.0
Rockwell,2025-06-08,Rowan,32.0,31.0
Rockwell,2025-06-09,Rowan,47.0,26.0
Rockwell,2025-06-10,Rowan,38.0,29.0
Rockwell,2025-06-11,Rowan,44.0,42.0
Rockwell,2025-06-12,Rowan,37.0,52.0
Rockwell,2025-06-13,Rowan,31.0,25.0
Rockwell,2025-06-14,Rowan,31.0,22.0
Rockwell,2025-06-15,Rowan,30.0,28.0
Rockwell,2025-06-16,Rowan,39.0,41.0
Rockwell,2025-06-17,Rowan,33.0,34.0
Rockwell,2025-06-18,Rowan,36.0,30.0
Rockwell,2025-06-19,Rowan,31.0,31.0
Rockwell,2025-06-20,Rowan,47.0,27.0
Rockwell,2025-06-21,Rowan,46.0,55.0
Rockwell,2025-06-22,Rowan,44.0,54.0
Rockwell,2025-06-23,Rowan,44.0,55.0
Rockwell,2025-06-24,Rowan,44.0,61.0
Rockwell,2025-06-25,Rowan,41.0,60.0
Rockwell,2025-06-26,Rowan,51.0,52.0
Rockwell,2025-06-27,Rowan,58.0,54.0
Rockwell,2025-06-28,Rowan,44.0,52.0
Rockwell,2025-06-29,Rowan,47.0,44.0
Rockwell,2025-06-30,Rowan,37.0,52.0
Rockwell,2025-07-01,Rowan,41.0,49.0
Rockwell,2025-07-02,Rowan,34.0,29.0
Rockwell,2025-07-03,Rowan,71.0,33.0
Rockwell,2025-07-04,Rowan,44.0,58.0
Rockwell,2025-07-05,Rowan,44.0,60.0
Rockwell,2025-07-06,Rowan,20.0,41.0
Rockwell,2025-07-07,Rowan,47.0,40.0
Rockwell,2025-07-08,Rowan,74.0,57.0
Rockwell,2025-07-09,Rowan,41.0,51.0
Rockwell,2025-07-10,Rowan,41.0,37.0
Rockwell,2025-07-11,Rowan,42.0,42.0
Rockwell,2025-07-12,Rowan,43.0,37.0
Rockwell,2025-07-13,Rowan,37.0,36.0
Rockwell,2025-07-14,Rowan,35.0,34.0
Rockwell,2025-07-15,Rowan,34.0,41.0
Rockwell,2025-07-16,Rowan,40.0,35.0
Rockwell,2025-07-17,Rowan,33.0,35.0
Rockwell,2025-07-18,Rowan,39.0,45.0
Rockwell,2025-07-19,Rowan,44.0,36.0
Rockwell,2025-07-20,Rowan,35.0,36.0
Rockwell,2025-07-21,Rowan,34.0,53.0
Rockwell,2025-07-22,Rowan,37.0,37.0
Rockwell,2025-07-23,Rowan,48.0,53.0
Rockwell,2025-07-24,Rowan,35.0,53.0
Rockwell,2025-07-25,Rowan,44.0,40.0
Rockwell,2025-07-26,Rowan,43.0,38.0
Rockwell,2025-07-27,Rowan,35.0,33.0
Rockwell,2025-07-28,Rowan,46.0,22.0
Rockwell,2025-07-29,Rowan,30.0,38.0
Rockwell,2025-07-30,Rowan,41.0,44.0
Rockwell,2025-07-31,Rowan,44.0,28.0
Rockwell,2025-08-01,Rowan,32.0,23.0
Rockwell,2025-08-02,Rowan,27.0,26.0
Rockwell,2025-08-03,Rowan,32.0,39.0
Rockwell,2025-08-04,Rowan,37.0,45.0
Rockwell,2025-08-05,Rowan,32.0,23.0
Rockwell,2025-08-06,Rowan,26.0,16.0
Rockwell,2025-08-07,Rowan,28.0,52.0
Rockwell,2025-08-08,Rowan,37.0,81.0
Rockwell,2025-08-09,Rowan,34.0,57.0
Rockwell,2025-08-10,Rowan,26.0,47.0
Rockwell,2025-08-11,Rowan,15.0,13.0
Rockwell,2025-08-12,Rowan,21.0,23.0
Rockwell,2025-08-13,Rowan,25.0,29.0
Rockwell,2025-08-14,Rowan,27.0,30.0
Rockwell,2025-08-15,Rowan,44.0,37.0
Rockwell,2025-08-16,Rowan,38.0,51.0
Rockwell,2025-08-17,Rowan,40.0,44.0
Rockwell,2025-08-18,Rowan,44.0,49.0
Rockwell,2025-08-19,Rowan,36.0,39.0
Rockwell,2025-08-20,Rowan,35.0,35.0
Rockwell,2025-08-21,Rowan,36.0,36.0
Rockwell,2025-08-22,Rowan,27.0,26.0
Rockwell,2025-08-23,Rowan,29.0,32.0
Rockwell,2025-08-24,Rowan,39.0,35.0
Rockwell,2025-08-25,Rowan,37.0,26.0
Rockwell,2025-08-26,Rowan,39.0,25.0
Rockwell,2025-08-27,Rowan,41.0,24.0
Rockwell,2025-08-28,Rowan,44.0,46.0
Rockwell,2025-08-29,Rowan,46.0,40.0
Rockwell,2025-08-30,Rowan,42.0,42.0
Rockwell,2025-08-31,Rowan,37.0,28.0
Rockwell,2025-09-01,Rowan,38.0,24.0
Rockwell,2025-09-02,Rowan,42.0,27.0
Rockwell,2025-09-03,Rowan,50.0,51.0
Rockwell,2025-09-04,Rowan,43.0,51.0
Rockwell,2025-09-05,Rowan,49.0,52.0
Rockwell,2025-09-06,Rowan,37.0,57.0
Rockwell,2025-09-07,Rowan,24.0,32.0
Rockwell,2025-09-08,Rowan,39.0,26.0
Rockwell,2025-09-09,Rowan,45.0,24.0
Rockwell,2025-09-10,Rowan,40.0,25.0
Rockwell,2025-09-11,Rowan,47.0,26.0
Rockwell,2025-09-12,Rowan,46.0,41.0
Rockwell,2025-09-13,Rowan,43.0,43.0
Rockwell,2025-09-14,Rowan,48.0,44.0
Rockwell,2025-09-15,Rowan,44.0,49.0
Rockwell,2025-09-16,Rowan,44.0,34.0
Rockwell,2025-09-17,Rowan,44.0,47.0
Rockwell,2025-09-18,Rowan,45.0,39.0
Rockwell,2025-09-19,Rowan,58.0,53.0
Rockwell,2025-09-20,Rowan,58.0,56.0
Rockwell,2025-09-21,Rowan,44.0,54.0
Rockwell,2025-09-22,Rowan,40.0,52.0
Rockwell,2025-09-23,Rowan,80.0,55.0
Rockwell,2025-09-24,Rowan,46.0,57.0
Rockwell,2025-09-25,Rowan,34.0,47.0
Rockwell,2025-09-26,Rowan,28.0,28.0
Rockwell,2025-09-27,Rowan,26.0,37.0
Rockwell,2025-09-28,Rowan,33.0,21.0
Rockwell,2025-09-29,Rowan,29.0,32.0
Rockwell,2025-09-30,Rowan,40.0,39.0
Rockwell,2025-10-01,Rowan,41.0,
Rockwell,2025-10-02,Rowan,32.0,
Rockwell,2025-10-03,Rowan,33.0,
Rockwell,2025-10-04,Rowan,33.0,
Rockwell,2025-10-05,Rowan,29.0,
Rockwell,2025-10-06,Rowan,27.0,
Rockwell,2025-10-07,Rowan,30.0,
Rockwell,2025-10-08,Rowan,29.0,18.0
Rockwell,2025-10-09,Rowan,39.0,15.0
Rockwell,2025-10-10,Rowan,31.0,17.0
Rockwell,2025-10-11,Rowan,29.0,24.0
Rockwell,2025-10-12,Rowan,26.0,14.0
Rockwell,2025-10-13,Rowan,32.0,9.0
Rockwell,2025-10-14,Rowan,37.0,16.0
Rockwell,2025-10-15,Rowan,39.0,14.0
Rockwell,2025-10-16,Rowan,38.0,19.0
Rockwell,2025-10-17,Rowan,43.0,40.0
Rockwell,2025-10-18,Rowan,47.0,52.0
Rockwell,2025-10-19,Rowan,37.0,25.0
Rockwell,2025-10-20,Rowan,33.0,19.0
Rockwell,2025-10-21,Rowan,44.0,43.0
Rockwell,2025-10-22,Rowan,38.0,19.0
Rockwell,2025-10-23,Rowan,38.0,18.0
Rockwell,2025-10-24,Rowan,36.0,22.0
Rockwell,2025-10-25,Rowan,31.0,21.0
Rockwell,2025-10-26,Rowan,34.0,37.0
Rockwell,2025-10-27,Rowan,29.0,26.0
Rockwell,2025-10-28,Rowan,27.0,11.0
Rockwell,2025-10-29,Rowan,13.0,17.0
Rockwell,2025-10-30,Rowan,26.0,5.0
Rockwell,2025-10-31,Rowan,34.0,19.0
Rockwell,2025-11-01,Rowan,34.0,51.0
Rockwell,2025-11-02,Rowan,33.0,55.0
Rockwell,2025-11-03,Rowan,36.0,32.0
Rockwell,2025-11-04,Rowan,36.0,27.0
Rockwell,2025-11-05,Rowan,42.0,52.0
Rockwell,2025-11-06,Rowan,42.0,38.0
Rockwell,2025-11-07,Rowan,40.0,54.0
Rockwell,2025-11-08,Rowan,35.0,58.0
Rockwell,2025-11-09,Rowan,38.0,50.0
Rockwell,2025-11-10,Rowan,27.0,0.0
Rockwell,2025-11-11,Rowan,31.0,9.0
Rockwell,2025-11-12,Rowan,37.0,47.0
Rockwell,2025-11-13,Rowan,39.0,52.0
Rockwell,2025-11-14,Rowan,40.0,47.0
Rockwell,2025-11-15,Rowan,42.0,53.0
Rockwell,2025-11-16,Rowan,37.0,38.0
Rockwell,2025-11-17,Rowan,38.0,11.0
Rockwell,2025-11-18,Rowan,40.0,38.0
Rockwell,2025-11-19,Rowan,39.0,53.0
Rockwell,2025-11-20,Rowan,34.0,58.0
Rockwell,2025-11-21,Rowan,20.0,88.0
Rockwell,2025-11-22,Rowan,31.0,44.0
Rockwell,2025-11-23,Rowan,32.0,37.0
Rockwell,2025-11-24,Rowan,34.0,45.0
Rockwell,2025-11-25,Rowan,28.0,49.0
Rockwell,2025-11-26,Rowan,34.0,33.0
Rockwell,2025-11-27,Rowan,33.0,7.0
Rockwell,2025-11-28,Rowan,31.0,17.0
Rockwell,2025-11-29,Rowan,31.0,27.0
Rockwell,2025-11-30,Rowan,25.0,51.0
Rockwell,2025-12-01,Rowan,26.0,31.0
Rockwell,2025-12-02,Rowan,24.0,29.0
Rockwell,2025-12-03,Rowan,,31.0
Rockwell,2025-12-04,Rowan,,60.0
Rockwell,2025-12-05,Rowan,15.0,47.0
Rockwell,2025-12-06,Rowan,8.0,51.0
Rockwell,2025-12-07,Rowan,6.0,56.0
Rockwell,2025-12-08,Rowan,23.0,47.0
Rockwell,2025-12-09,Rowan,25.0,37.0
Rockwell,2025-12-10,Rowan,31.0,41.0
Rockwell,2025-12-11,Rowan,28.0,12.0
Rockwell,2025-12-12,Rowan,24.0,63.0
Rockwell,2025-12-13,Rowan,28.0,62.0
Rockwell,2025-12-14,Rowan,35.0,44.0
Rockwell,2025-12-15,Rowan,29.0,16.0
Rockwell,2025-12-16,Rowan,26.0,56.0
Rockwell,2025-12-17,Rowan,30.0,61.0
Rockwell,2025-12-18,Rowan,29.0,59.0
Rockwell,2025-12-19,Rowan,35.0,8.0
Rockwell,2025-12-20,Rowan,33.0,32.0
Rockwell,2025-12-21,Rowan,32.0,47.0
Rockwell,2025-12-22,Rowan,33.0,28.0
Rockwell,2025-12-23,Rowan,38.0,49.0
Rockwell,2025-12-24,Rowan,31.0,53.0
Rockwell,2025-12-25,Rowan,31.0,52.0
Rockwell,2025-12-26,Rowan,27.0,41.0
Rockwell,2025-12-27,Rowan,31.0,51.0
Rockwell,2025-12-28,Rowan,19.0,39.0
Rockwell,2025-12-29,Rowan,31.0,22.0
Rockwell,2025-12-30,Rowan,30.0,9.0
Rockwell,2025-12-31,Rowan,35.0,21.0
West Johnston Co.,2024-01-01,Johnston,,46.0
West Johnston Co.,2024-01-02,Johnston,,19.0
West Johnston Co.,2024-01-03,Johnston,,54.0
West Johnston Co.,2024-01-04,Johnston,,40.0
West Johnston Co.,2024-01-05,Johnston,,24.0
West Johnston Co.,2024-01-06,Johnston,,20.0
West Johnston Co.,2024-01-07,Johnston,,13.0
West Johnston Co.,2024-01-08,Johnston,,23.0
West Johnston Co.,2024-01-09,Johnston,,24.0
West Johnston Co.,2024-01-10,Johnston,,16.0
West Johnston Co.,2024-01-11,Johnston,,37.0
West Johnston Co.,2024-01-12,Johnston,,44.0
West Johnston Co.,2024-01-13,Johnston,,19.0
West Johnston Co.,2024-01-14,Johnston,,27.0
West Johnston Co.,2024-01-15,Johnston,,30.0
West Johnston Co.,2024-01-16,Johnston,,32.0
West Johnston Co.,2024-01-17,Johnston,,22.0
West Johnston Co.,2024-01-18,Johnston,,44.0
West Johnston Co.,2024-01-19,Johnston,,43.0
West Johnston Co.,2024-01-20,Johnston,,23.0
West Johnston Co.,2024-01-21,Johnston,,29.0
West Johnston Co.,2024-01-22,Johnston,,46.0
West Johnston Co.,2024-01-23,Johnston,,55.0
West Johnston Co.,2024-01-24,Johnston,,38.0
West Johnston Co.,2024-01-25,Johnston,,6.0
West Johnston Co.,2024-01-26,Johnston,,27.0
West Johnston Co.,2024-01-27,Johnston,,44.0
West Johnston Co.,2024-01-28,Johnston,,8.0
West Johnston Co.,2024-01-29,Johnston,,12.0
West Johnston Co.,2024-01-30,Johnston,,23.0
West Johnston Co.,2024-01-31,Johnston,,27.0
West Johnston Co.,2024-02-01,Johnston,,53.0
West Johnston Co.,2024-02-02,Johnston,,41.0
West Johnston Co.,2024-02-03,Johnston,,41.0
West Johnston Co.,2024-02-04,Johnston,,33.0
West Johnston Co.,2024-02-05,Johnston,,22.0
West Johnston Co.,2024-02-06,Johnston,,28.0
West Johnston Co.,2024-02-07,Johnston,,24.0
West Johnston Co.,2024-02-08,Johnston,,32.0
West Johnston Co.,2024-02-09,Johnston,,65.0
West Johnston Co.,2024-02-10,Johnston,,72.0
West Johnston Co.,2024-02-11,Johnston,,47.0
West Johnston Co.,2024-02-12,Johnston,,18.0
West Johnston Co.,2024-02-13,Johnston,,14.0
West Johnston Co.,2024-02-14,Johnston,,26.0
West Johnston Co.,2024-02-15,Johnston,,39.0
West Johnston Co.,2024-02-16,Johnston,,49.0
West Johnston Co.,2024-02-17,Johnston,,38.0
West Johnston Co.,2024-02-18,Johnston,,32.0
West Johnston Co.,2024-02-19,Johnston,,36.0
West Johnston Co.,2024-02-20,Johnston,,34.0
West Johnston Co.,2024-02-21,Johnston,,33.0
West Johnston Co.,2024-02-22,Johnston,,65.0
West Johnston Co.,2024-02-23,Johnston,,63.0
West Johnston Co.,2024-02-24,Johnston,,28.0
West Johnston Co.,2024-02-25,Johnston,,27.0
West Johnston Co.,2024-02-26,Johnston,,54.0
West Johnston Co.,2024-02-27,Johnston,,54.0
West Johnston Co.,2024-02-28,Johnston,,44.0
West Johnston Co.,2024-02-29,Johnston,,21.0
West Johnston Co.,2024-03-01,Johnston,36.0,34.0
West Johnston Co.,2024-03-02,Johnston,33.0,21.0
West Johnston Co.,2024-03-03,Johnston,31.0,48.0
West Johnston Co.,2024-03-04,Johnston,36.0,12.0
West Johnston Co.,2024-03-05,Johnston,35.0,12.0
West Johnston Co.,2024-03-06,Johnston,27.0,24.0
West Johnston Co.,2024-03-07,Johnston,39.0,19.0
West Johnston Co.,2024-03-08,Johnston,36.0,17.0
West Johnston Co.,2024-03-09,Johnston,28.0,24.0
West Johnston Co.,2024-03-10,Johnston,43.0,11.0
West Johnston Co.,2024-03-11,Johnston,44.0,17.0
West Johnston Co.,2024-03-12,Johnston,43.0,51.0
West Johnston Co.,2024-03-13,Johnston,51.0,65.0
West Johnston Co.,2024-03-14,Johnston,80.0,66.0
West Johnston Co.,2024-03-15,Johnston,47.0,74.0
West Johnston Co.,2024-03-16,Johnston,42.0,52.0
West Johnston Co.,2024-03-17,Johnston,43.0,50.0
West Johnston Co.,2024-03-18,Johnston,45.0,21.0
West Johnston Co.,2024-03-19,Johnston,37.0,29.0
West Johnston Co.,2024-03-20,Johnston,49.0,54.0
West Johnston Co.,2024-03-21,Johnston,47.0,55.0
West Johnston Co.,2024-03-22,Johnston,40.0,50.0
West Johnston Co.,2024-03-23,Johnston,36.0,16.0
West Johnston Co.,2024-03-24,Johnston,44.0,18.0
West Johnston Co.,2024-03-25,Johnston,47.0,29.0
West Johnston Co.,2024-03-26,Johnston,41.0,46.0
West Johnston Co.,2024-03-27,Johnston,20.0,44.0
West Johnston Co.,2024-03-28,Johnston,26.0,17.0
West Johnston Co.,2024-03-29,Johnston,50.0,35.0
West Johnston Co.,2024-03-30,Johnston,54.0,47.0
West Johnston Co.,2024-03-31,Johnston,58.0,54.0
West Johnston Co.,2024-04-01,Johnston,48.0,71.0
West Johnston Co.,2024-04-02,Johnston,45.0,64.0
West Johnston Co.,2024-04-03,Johnston,42.0,48.0
West Johnston Co.,2024-04-04,Johnston,41.0,18.0
West Johnston Co.,2024-04-05,Johnston,43.0,12.0
West Johnston Co.,2024-04-06,Johnston,42.0,13.0
West Johnston Co.,2024-04-07,Johnston,46.0,26.0
West Johnston Co.,2024-04-08,Johnston,48.0,55.0
West Johnston Co.,2024-04-09,Johnston,41.0,44.0
West Johnston Co.,2024-04-10,Johnston,40.0,36.0
West Johnston Co.,2024-04-11,Johnston,38.0,26.0
West Johnston Co.,2024-04-12,Johnston,48.0,16.0
West Johnston Co.,2024-04-13,Johnston,47.0,19.0
West Johnston Co.,2024-04-14,Johnston,54.0,35.0
West Johnston Co.,2024-04-15,Johnston,61.0,52.0
West Johnston Co.,2024-04-16,Johnston,48.0,58.0
West Johnston Co.,2024-04-17,Johnston,46.0,54.0
West Johnston Co.,2024-04-18,Johnston,49.0,53.0
West Johnston Co.,2024-04-19,Johnston,36.0,60.0
West Johnston Co.,2024-04-20,Johnston,39.0,60.0
West Johnston Co.,2024-04-21,Johnston,28.0,26.0
West Johnston Co.,2024-04-22,Johnston,38.0,31.0
West Johnston Co.,2024-04-23,Johnston,49.0,42.0
West Johnston Co.,2024-04-24,Johnston,42.0,52.0
West Johnston Co.,2024-04-25,Johnston,50.0,55.0
West Johnston Co.,2024-04-26,Johnston,45.0,42.0
West Johnston Co.,2024-04-27,Johnston,43.0,34.0
West Johnston Co.,2024-04-28,Johnston,44.0,41.0
West Johnston Co.,2024-04-29,Johnston,49.0,48.0
West Johnston Co.,2024-04-30,Johnston,42.0,46.0
West Johnston Co.,2024-05-01,Johnston,54.0,38.0
West Johnston Co.,2024-05-02,Johnston,64.0,42.0
West Johnston Co.,2024-05-03,Johnston,54.0,49.0
West Johnston Co.,2024-05-04,Johnston,31.0,30.0
West Johnston Co.,2024-05-05,Johnston,24.0,22.0
West Johnston Co.,2024-05-06,Johnston,28.0,33.0
West Johnston Co.,2024-05-07,Johnston,39.0,39.0
West Johnston Co.,2024-05-08,Johnston,33.0,53.0
West Johnston Co.,2024-05-09,Johnston,42.0,29.0
West Johnston Co.,2024-05-10,Johnston,39.0,38.0
West Johnston Co.,2024-05-11,Johnston,41.0,17.0
West Johnston Co.,2024-05-12,Johnston,48.0,28.0
West Johnston Co.,2024-05-13,Johnston,44.0,33.0
West Johnston Co.,2024-05-14,Johnston,36.0,28.0
West Johnston Co.,2024-05-15,Johnston,32.0,21.0
West Johnston Co.,2024-05-16,Johnston,44.0,21.0
West Johnston Co.,2024-05-17,Johnston,41.0,41.0
West Johnston Co.,2024-05-18,Johnston,32.0,23.0
West Johnston Co.,2024-05-19,Johnston,34.0,19.0
West Johnston Co.,2024-05-20,Johnston,37.0,29.0
West Johnston Co.,2024-05-21,Johnston,43.0,28.0
West Johnston Co.,2024-05-22,Johnston,48.0,42.0
West Johnston Co.,2024-05-23,Johnston,45.0,53.0
West Johnston Co.,2024-05-24,Johnston,42.0,34.0
West Johnston Co.,2024-05-25,Johnston,45.0,38.0
West Johnston Co.,2024-05-26,Johnston,46.0,52.0
West Johnston Co.,2024-05-27,Johnston,32.0,42.0
West Johnston Co.,2024-05-28,Johnston,51.0,43.0
West Johnston Co.,2024-05-29,Johnston,61.0,36.0
West Johnston Co.,2024-05-30,Johnston,45.0,21.0
West Johnston Co.,2024-05-31,Johnston,47.0,25.0
West Johnston Co.,2024-06-01,Johnston,51.0,46.0
West Johnston Co.,2024-06-02,Johnston,45.0,52.0
West Johnston Co.,2024-06-03,Johnston,39.0,44.0
West Johnston Co.,2024-06-04,Johnston,44.0,54.0
West Johnston Co.,2024-06-05,Johnston,38.0,44.0
West Johnston Co.,2024-06-06,Johnston,39.0,46.0
West Johnston Co.,2024-06-07,Johnston,64.0,37.0
West Johnston Co.,2024-06-08,Johnston,84.0,41.0
West Johnston Co.,2024-06-09,Johnston,49.0,49.0
West Johnston Co.,2024-06-10,Johnston,67.0,43.0
West Johnston Co.,2024-06-11,Johnston,48.0,47.0
West Johnston Co.,2024-06-12,Johnston,61.0,52.0
West Johnston Co.,2024-06-13,Johnston,61.0,54.0
West Johnston Co.,2024-06-14,Johnston,71.0,56.0
West Johnston Co.,2024-06-15,Johnston,71.0,54.0
West Johnston Co.,2024-06-16,Johnston,64.0,48.0
West Johnston Co.,2024-06-17,Johnston,48.0,53.0
West Johnston Co.,2024-06-18,Johnston,48.0,37.0
West Johnston Co.,2024-06-19,Johnston,43.0,36.0
West Johnston Co.,2024-06-20,Johnston,40.0,33.0
West Johnston Co.,2024-06-21,Johnston,44.0,45.0
West Johnston Co.,2024-06-22,Johnston,30.0,32.0
West Johnston Co.,2024-06-23,Johnston,31.0,27.0
West Johnston Co.,2024-06-24,Johnston,64.0,53.0
West Johnston Co.,2024-06-25,Johnston,77.0,47.0
West Johnston Co.,2024-06-26,Johnston,84.0,54.0
West Johnston Co.,2024-06-27,Johnston,,47.0
West Johnston Co.,2024-06-28,Johnston,64.0,52.0
West Johnston Co.,2024-06-29,Johnston,42.0,47.0
West Johnston Co.,2024-06-30,Johnston,32.0,33.0
West Johnston Co.,2024-07-01,Johnston,36.0,19.0
West Johnston Co.,2024-07-02,Johnston,54.0,41.0
West Johnston Co.,2024-07-03,Johnston,77.0,52.0
West Johnston Co.,2024-07-04,Johnston,45.0,53.0
West Johnston Co.,2024-07-05,Johnston,42.0,53.0
West Johnston Co.,2024-07-06,Johnston,40.0,58.0
West Johnston Co.,2024-07-07,Johnston,31.0,46.0
West Johnston Co.,2024-07-08,Johnston,39.0,41.0
West Johnston Co.,2024-07-09,Johnston,39.0,44.0
West Johnston Co.,2024-07-10,Johnston,37.0,46.0
West Johnston Co.,2024-07-11,Johnston,42.0,39.0
West Johnston Co.,2024-07-12,Johnston,21.0,22.0
West Johnston Co.,2024-07-13,Johnston,31.0,35.0
West Johnston Co.,2024-07-14,Johnston,46.0,55.0
West Johnston Co.,2024-07-15,Johnston,51.0,61.0
West Johnston Co.,2024-07-16,Johnston,67.0,62.0
West Johnston Co.,2024-07-17,Johnston,43.0,55.0
West Johnston Co.,2024-07-18,Johnston,39.0,52.0
West Johnston Co.,2024-07-19,Johnston,36.0,37.0
West Johnston Co.,2024-07-20,Johnston,32.0,34.0
West Johnston Co.,2024-07-21,Johnston,31.0,29.0
West Johnston Co.,2024-07-22,Johnston,27.0,13.0
West Johnston Co.,2024-07-23,Johnston,28.0,43.0
West Johnston Co.,2024-07-24,Johnston,30.0,27.0
West Johnston Co.,2024-07-25,Johnston,27.0,24.0
West Johnston Co.,2024-07-26,Johnston,26.0,32.0
West Johnston Co.,2024-07-27,Johnston,42.0,49.0
West Johnston Co.,2024-07-28,Johnston,50.0,52.0
West Johnston Co.,2024-07-29,Johnston,29.0,53.0
West Johnston Co.,2024-07-30,Johnston,38.0,49.0
West Johnston Co.,2024-07-31,Johnston,43.0,52.0
West Johnston Co.,2024-08-01,Johnston,47.0,56.0
West Johnston Co.,2024-08-02,Johnston,33.0,54.0
West Johnston Co.,2024-08-04,Johnston,32.0,26.0
West Johnston Co.,2024-08-05,Johnston,24.0,24.0
West Johnston Co.,2024-08-06,Johnston,17.0,17.0
West Johnston Co.,2024-08-07,Johnston,28.0,14.0
West Johnston Co.,2024-08-08,Johnston,30.0,14.0
West Johnston Co.,2024-08-09,Johnston,31.0,22.0
West Johnston Co.,2024-08-10,Johnston,38.0,55.0
West Johnston Co.,2024-08-11,Johnston,31.0,52.0
West Johnston Co.,2024-08-12,Johnston,32.0,52.0
West Johnston Co.,2024-08-13,Johnston,37.0,49.0
West Johnston Co.,2024-08-14,Johnston,46.0,47.0
West Johnston Co.,2024-08-15,Johnston,42.0,52.0
West Johnston Co.,2024-08-16,Johnston,46.0,57.0
West Johnston Co.,2024-08-17,Johnston,43.0,63.0
West Johnston Co.,2024-08-18,Johnston,44.0,44.0
West Johnston Co.,2024-08-19,Johnston,43.0,33.0
West Johnston Co.,2024-08-20,Johnston,32.0,28.0
West Johnston Co.,2024-08-21,Johnston,41.0,25.0
West Johnston Co.,2024-08-22,Johnston,43.0,32.0
West Johnston Co.,2024-08-23,Johnston,44.0,38.0
West Johnston Co.,2024-08-24,Johnston,46.0,49.0
West Johnston Co.,2024-08-25,Johnston,44.0,41.0
West Johnston Co.,2024-08-26,Johnston,46.0,52.0
West Johnston Co.,2024-08-27,Johnston,,58.0
West Johnston Co.,2024-08-28,Johnston,48.0,62.0
West Johnston Co.,2024-08-29,Johnston,49.0,60.0
West Johnston Co.,2024-08-30,Johnston,35.0,46.0
West Johnston Co.,2024-08-31,Johnston,43.0,54.0
West Johnston Co.,2024-09-01,Johnston,31.0,43.0
West Johnston Co.,2024-09-02,Johnston,29.0,32.0
West Johnston Co.,2024-09-03,Johnston,35.0,19.0
West Johnston Co.,2024-09-04,Johnston,35.0,18.0
West Johnston Co.,2024-09-05,Johnston,33.0,27.0
West Johnston Co.,2024-09-06,Johnston,38.0,30.0
West Johnston Co.,2024-09-07,Johnston,37.0,41.0
West Johnston Co.,2024-09-08,Johnston,34.0,20.0
West Johnston Co.,2024-09-09,Johnston,36.0,31.0
West Johnston Co.,2024-09-10,Johnston,48.0,44.0
West Johnston Co.,2024-09-11,Johnston,46.0,45.0
West Johnston Co.,2024-09-12,Johnston,43.0,39.0
West Johnston Co.,2024-09-13,Johnston,27.0,19.0
West Johnston Co.,2024-09-14,Johnston,32.0,27.0
West Johnston Co.,2024-09-15,Johnston,30.0,36.0
West Johnston Co.,2024-09-16,Johnston,30.0,24.0
West Johnston Co.,2024-09-17,Johnston,25.0,20.0
West Johnston Co.,2024-09-18,Johnston,,37.0
West Johnston Co.,2024-09-19,Johnston,,16.0
West Johnston Co.,2024-09-20,Johnston,39.0,35.0
West Johnston Co.,2024-09-21,Johnston,41.0,42.0
West Johnston Co.,2024-09-22,Johnston,33.0,44.0
West Johnston Co.,2024-09-23,Johnston,33.0,40.0
West Johnston Co.,2024-09-24,Johnston,24.0,41.0
West Johnston Co.,2024-09-25,Johnston,33.0,34.0
West Johnston Co.,2024-09-26,Johnston,19.0,23.0
West Johnston Co.,2024-09-27,Johnston,24.0,24.0
West Johnston Co.,2024-09-28,Johnston,40.0,40.0
West Johnston Co.,2024-09-29,Johnston,31.0,47.0
West Johnston Co.,2024-09-30,Johnston,31.0,49.0
West Johnston Co.,2024-10-01,Johnston,20.0,16.0
West Johnston Co.,2024-10-02,Johnston,23.0,19.0
West Johnston Co.,2024-10-03,Johnston,30.0,22.0
West Johnston Co.,2024-10-04,Johnston,34.0,32.0
West Johnston Co.,2024-10-05,Johnston,31.0,52.0
West Johnston Co.,2024-10-06,Johnston,45.0,51.0
West Johnston Co.,2024-10-07,Johnston,42.0,49.0
West Johnston Co.,2024-10-08,Johnston,35.0,35.0
West Johnston Co.,2024-10-09,Johnston,39.0,35.0
West Johnston Co.,2024-10-10,Johnston,35.0,27.0
West Johnston Co.,2024-10-11,Johnston,31.0,29.0
West Johnston Co.,2024-10-12,Johnston,41.0,53.0
West Johnston Co.,2024-10-13,Johnston,46.0,53.0
West Johnston Co.,2024-10-14,Johnston,46.0,42.0
West Johnston Co.,2024-10-15,Johnston,33.0,48.0
West Johnston Co.,2024-10-16,Johnston,29.0,18.0
West Johnston Co.,2024-10-17,Johnston,32.0,21.0
West Johnston Co.,2024-10-18,Johnston,35.0,31.0
West Johnston Co.,2024-10-19,Johnston,39.0,39.0
West Johnston Co.,2024-10-20,Johnston,39.0,53.0
West Johnston Co.,2024-10-21,Johnston,45.0,60.0
West Johnston Co.,2024-10-22,Johnston,47.0,52.0
West Johnston Co.,2024-10-23,Johnston,44.0,55.0
West Johnston Co.,2024-10-24,Johnston,45.0,
West Johnston Co.,2024-10-25,Johnston,43.0,
West Johnston Co.,2024-10-26,Johnston,43.0,57.0
West Johnston Co.,2024-10-27,Johnston,30.0,38.0
West Johnston Co.,2024-10-28,Johnston,39.0,37.0
West Johnston Co.,2024-10-29,Johnston,35.0,56.0
West Johnston Co.,2024-10-30,Johnston,37.0,53.0
West Johnston Co.,2024-10-31,Johnston,37.0,31.0
West Johnston Co.,2024-11-01,Johnston,,38.0
West Johnston Co.,2024-11-02,Johnston,,53.0
West Johnston Co.,2024-11-03,Johnston,,37.0
West Johnston Co.,2024-11-04,Johnston,,26.0
West Johnston Co.,2024-11-05,Johnston,,31.0
West Johnston Co.,2024-11-06,Johnston,,51.0
West Johnston Co.,2024-11-07,Johnston,,52.0
West Johnston Co.,2024-11-08,Johnston,,56.0
West Johnston Co.,2024-11-09,Johnston,,33.0
West Johnston Co.,2024-11-10,Johnston,,44.0
West Johnston Co.,2024-11-11,Johnston,,40.0
West Johnston Co.,2024-11-12,Johnston,,29.0
West Johnston Co.,2024-11-13,Johnston,,19.0
West Johnston Co.,2024-11-14,Johnston,,29.0
West Johnston Co.,2024-11-15,Johnston,,10.0
West Johnston Co.,2024-11-16,Johnston,,38.0
West Johnston Co.,2024-11-17,Johnston,,46.0
West Johnston Co.,2024-11-18,Johnston,,50.0
West Johnston Co.,2024-11-19,Johnston,,67.0
West Johnston Co.,2024-11-20,Johnston,,52.0
West Johnston Co.,2024-11-21,Johnston,,6.0
West Johnston Co.,2024-11-22,Johnston,,1.0
West Johnston Co.,2024-11-23,Johnston,,12.0
West Johnston Co.,2024-11-24,Johnston,,18.0
West Johnston Co.,2024-11-25,Johnston,,55.0
West Johnston Co.,2024-11-26,Johnston,,52.0
West Johnston Co.,2024-11-27,Johnston,,42.0
West Johnston Co.,2024-11-28,Johnston,,36.0
West Johnston Co.,2024-11-29,Johnston,,15.0
West Johnston Co.,2024-11-30,Johnston,,17.0
West Johnston Co.,2024-12-01,Johnston,,43.0
West Johnston Co.,2024-12-02,Johnston,,11.0
West Johnston Co.,2024-12-03,Johnston,,12.0
West Johnston Co.,2024-12-04,Johnston,,35.0
West Johnston Co.,2024-12-05,Johnston,,42.0
West Johnston Co.,2024-12-06,Johnston,,10.0
West Johnston Co.,2024-12-07,Johnston,,32.0
West Johnston Co.,2024-12-08,Johnston,,54.0
West Johnston Co.,2024-12-09,Johnston,,58.0
West Johnston Co.,2024-12-10,Johnston,,57.0
West Johnston Co.,2024-12-11,Johnston,,14.0
West Johnston Co.,2024-12-12,Johnston,,8.0
West Johnston Co.,2024-12-13,Johnston,,31.0
West Johnston Co.,2024-12-14,Johnston,,36.0
West Johnston Co.,2024-12-15,Johnston,,27.0
West Johnston Co.,2024-12-16,Johnston,,39.0
West Johnston Co.,2024-12-17,Johnston,,62.0
West Johnston Co.,2024-12-18,Johnston,,55.0
West Johnston Co.,2024-12-19,Johnston,,20.0
West Johnston Co.,2024-12-20,Johnston,,32.0
West Johnston Co.,2024-12-21,Johnston,,0.0
West Johnston Co.,2024-12-22,Johnston,,3.0
West Johnston Co.,2024-12-23,Johnston,,18.0
West Johnston Co.,2024-12-24,Johnston,,41.0
West Johnston Co.,2024-12-25,Johnston,,38.0
West Johnston Co.,2024-12-26,Johnston,,39.0
West Johnston Co.,2024-12-27,Johnston,,49.0
West Johnston Co.,2024-12-28,Johnston,,36.0
West Johnston Co.,2024-12-29,Johnston,,8.0
West Johnston Co.,2024-12-30,Johnston,,11.0
West Johnston Co.,2024-12-31,Johnston,,31.0
West Johnston Co.,2025-01-01,Johnston,,0.0
West Johnston Co.,2025-01-02,Johnston,,3.0
West Johnston Co.,2025-01-03,Johnston,,21.0
West Johnston Co.,2025-01-04,Johnston,,0.0
West Johnston Co.,2025-01-05,Johnston,,9.0
West Johnston Co.,2025-01-06,Johnston,,17.0
West Johnston Co.,2025-01-07,Johnston,,4.0
West Johnston Co.,2025-01-08,Johnston,,7.0
West Johnston Co.,2025-01-09,Johnston,,8.0
West Johnston Co.,2025-01-10,Johnston,,26.0
West Johnston Co.,2025-01-11,Johnston,,24.0
West Johnston Co.,2025-01-12,Johnston,,22.0
West Johnston Co.,2025-01-13,Johnston,,50.0
West Johnston Co.,2025-01-14,Johnston,,18.0
West Johnston Co.,2025-01-15,Johnston,,7.0
West Johnston Co.,2025-01-16,Johnston,,39.0
West Johnston Co.,2025-01-17,Johnston,,23.0
West Johnston Co.,2025-01-18,Johnston,,52.0
West Johnston Co.,2025-01-19,Johnston,,35.0
West Johnston Co.,2025-01-20,Johnston,,4.0
West Johnston Co.,2025-01-21,Johnston,,2.0
West Johnston Co.,2025-01-22,Johnston,,15.0
West Johnston Co.,2025-01-23,Johnston,,37.0
West Johnston Co.,2025-01-24,Johnston,,32.0
West Johnston Co.,2025-01-25,Johnston,,43.0
West Johnston Co.,2025-01-26,Johnston,,49.0
West Johnston Co.,2025-01-27,Johnston,,50.0
West Johnston Co.,2025-01-28,Johnston,,24.0
West Johnston Co.,2025-01-29,Johnston,,43.0
West Johnston Co.,2025-01-30,Johnston,,28.0
West Johnston Co.,2025-01-31,Johnston,,52.0
West Johnston Co.,2025-02-01,Johnston,,7.0
West Johnston Co.,2025-02-02,Johnston,,17.0
West Johnston Co.,2025-02-03,Johnston,,39.0
West Johnston Co.,2025-02-04,Johnston,,51.0
West Johnston Co.,2025-02-05,Johnston,,20.0
West Johnston Co.,2025-02-06,Johnston,,57.0
West Johnston Co.,2025-02-07,Johnston,,44.0
West Johnston Co.,2025-02-08,Johnston,,34.0
West Johnston Co.,2025-02-09,Johnston,,46.0
West Johnston Co.,2025-02-10,Johnston,,27.0
West Johnston Co.,2025-02-11,Johnston,,30.0
West Johnston Co.,2025-02-12,Johnston,,16.0
West Johnston Co.,2025-02-13,Johnston,,24.0
West Johnston Co.,2025-02-14,Johnston,,28.0
West Johnston Co.,2025-02-15,Johnston,,36.0
West Johnston Co.,2025-02-16,Johnston,,24.0
West Johnston Co.,2025-02-17,Johnston,,12.0
West Johnston Co.,2025-02-18,Johnston,,24.0
West Johnston Co.,2025-02-19,Johnston,,17.0
West Johnston Co.,2025-02-20,Johnston,,19.0
West Johnston Co.,2025-02-21,Johnston,,16.0
West Johnston Co.,2025-02-22,Johnston,,27.0
West Johnston Co.,2025-02-23,Johnston,,47.0
West Johnston Co.,2025-02-24,Johnston,,53.0
West Johnston Co.,2025-02-25,Johnston,,60.0
West Johnston Co.,2025-02-26,Johnston,,57.0
West Johnston Co.,2025-02-27,Johnston,,64.0
West Johnston Co.,2025-02-28,Johnston,,16.0
West Johnston Co.,2025-03-01,Johnston,,39.0
West Johnston Co.,2025-03-02,Johnston,,9.0
West Johnston Co.,2025-03-03,Johnston,,37.0
West Johnston Co.,2025-03-04,Johnston,,42.0
West Johnston Co.,2025-03-05,Johnston,,31.0
West Johnston Co.,2025-03-06,Johnston,36.0,0.0
West Johnston Co.,2025-03-07,Johnston,40.0,26.0
West Johnston Co.,2025-03-08,Johnston,47.0,
West Johnston Co.,2025-03-09,Johnston,43.0,
West Johnston Co.,2025-03-10,Johnston,41.0,
West Johnston Co.,2025-03-11,Johnston,51.0,
West Johnston Co.,2025-03-12,Johnston,84.0,54.0
West Johnston Co.,2025-03-13,Johnston,64.0,66.0
West Johnston Co.,2025-03-14,Johnston,31.0,56.0
West Johnston Co.,2025-03-15,Johnston,40.0,55.0
West Johnston Co.,2025-03-16,Johnston,32.0,23.0
West Johnston Co.,2025-03-17,Johnston,31.0,23.0
West Johnston Co.,2025-03-18,Johnston,44.0,21.0
West Johnston Co.,2025-03-19,Johnston,64.0,60.0
West Johnston Co.,2025-03-20,Johnston,44.0,54.0
West Johnston Co.,2025-03-21,Johnston,43.0,9.0
West Johnston Co.,2025-03-22,Johnston,51.0,48.0
West Johnston Co.,2025-03-23,Johnston,46.0,42.0
West Johnston Co.,2025-03-24,Johnston,44.0,53.0
West Johnston Co.,2025-03-25,Johnston,50.0,23.0
West Johnston Co.,2025-03-26,Johnston,46.0,17.0
West Johnston Co.,2025-03-27,Johnston,50.0,22.0
West Johnston Co.,2025-03-28,Johnston,64.0,47.0
West Johnston Co.,2025-03-29,Johnston,44.0,32.0
West Johnston Co.,2025-03-30,Johnston,40.0,27.0
West Johnston Co.,2025-03-31,Johnston,32.0,26.0
West Johnston Co.,2025-04-01,Johnston,34.0,10.0
West Johnston Co.,2025-04-02,Johnston,39.0,38.0
West Johnston Co.,2025-04-03,Johnston,31.0,39.0
West Johnston Co.,2025-04-04,Johnston,32.0,54.0
West Johnston Co.,2025-04-05,Johnston,32.0,46.0
West Johnston Co.,2025-04-06,Johnston,35.0,36.0
West Johnston Co.,2025-04-07,Johnston,26.0,38.0
West Johnston Co.,2025-04-08,Johnston,48.0,21.0
West Johnston Co.,2025-04-09,Johnston,46.0,26.0
West Johnston Co.,2025-04-10,Johnston,48.0,32.0
West Johnston Co.,2025-04-11,Johnston,42.0,24.0
West Johnston Co.,2025-04-12,Johnston,33.0,16.0
West Johnston Co.,2025-04-13,Johnston,45.0,31.0
West Johnston Co.,2025-04-14,Johnston,50.0,57.0
West Johnston Co.,2025-04-15,Johnston,48.0,43.0
West Johnston Co.,2025-04-16,Johnston,48.0,32.0
West Johnston Co.,2025-04-17,Johnston,54.0,46.0
West Johnston Co.,2025-04-18,Johnston,61.0,52.0
West Johnston Co.,2025-04-19,Johnston,45.0,43.0
West Johnston Co.,2025-04-20,Johnston,37.0,53.0
West Johnston Co.,2025-04-21,Johnston,49.0,42.0
West Johnston Co.,2025-04-22,Johnston,40.0,57.0
West Johnston Co.,2025-04-23,Johnston,41.0,57.0
West Johnston Co.,2025-04-24,Johnston,51.0,53.0
West Johnston Co.,2025-04-25,Johnston,44.0,55.0
West Johnston Co.,2025-04-26,Johnston,37.0,36.0
West Johnston Co.,2025-04-27,Johnston,44.0,18.0
West Johnston Co.,2025-04-28,Johnston,50.0,35.0
West Johnston Co.,2025-04-29,Johnston,51.0,36.0
West Johnston Co.,2025-04-30,Johnston,,54.0
West Johnston Co.,2025-05-01,Johnston,47.0,52.0
West Johnston Co.,2025-05-02,Johnston,44.0,42.0
West Johnston Co.,2025-05-03,Johnston,39.0,31.0
West Johnston Co.,2025-05-04,Johnston,35.0,22.0
West Johnston Co.,2025-05-05,Johnston,36.0,32.0
West Johnston Co.,2025-05-06,Johnston,45.0,33.0
West Johnston Co.,2025-05-07,Johnston,45.0,39.0
West Johnston Co.,2025-05-08,Johnston,43.0,52.0
West Johnston Co.,2025-05-09,Johnston,48.0,21.0
West Johnston Co.,2025-05-10,Johnston,42.0,31.0
West Johnston Co.,2025-05-11,Johnston,27.0,48.0
West Johnston Co.,2025-05-12,Johnston,28.0,23.0
West Johnston Co.,2025-05-13,Johnston,29.0,19.0
West Johnston Co.,2025-05-14,Johnston,36.0,26.0
West Johnston Co.,2025-05-15,Johnston,42.0,50.0
West Johnston Co.,2025-05-16,Johnston,39.0,58.0
West Johnston Co.,2025-05-17,Johnston,43.0,48.0
West Johnston Co.,2025-05-18,Johnston,45.0,36.0
West Johnston Co.,2025-05-19,Johnston,50.0,39.0
West Johnston Co.,2025-05-20,Johnston,,45.0
West Johnston Co.,2025-05-21,Johnston,,37.0
West Johnston Co.,2025-05-22,Johnston,46.0,18.0
West Johnston Co.,2025-05-23,Johnston,42.0,13.0
West Johnston Co.,2025-05-24,Johnston,44.0,29.0
West Johnston Co.,2025-05-25,Johnston,39.0,39.0
West Johnston Co.,2025-05-26,Johnston,32.0,29.0
West Johnston Co.,2025-05-27,Johnston,29.0,16.0
West Johnston Co.,2025-05-28,Johnston,24.0,18.0
West Johnston Co.,2025-05-29,Johnston,25.0,37.0
West Johnston Co.,2025-05-30,Johnston,35.0,21.0
West Johnston Co.,2025-05-31,Johnston,45.0,43.0
West Johnston Co.,2025-06-01,Johnston,45.0,49.0
West Johnston Co.,2025-06-02,Johnston,45.0,35.0
West Johnston Co.,2025-06-03,Johnston,50.0,46.0
West Johnston Co.,2025-06-04,Johnston,50.0,51.0
West Johnston Co.,2025-06-05,Johnston,21.0,40.0
West Johnston Co.,2025-06-06,Johnston,40.0,63.0
West Johnston Co.,2025-06-07,Johnston,35.0,43.0
West Johnston Co.,2025-06-08,Johnston,31.0,50.0
West Johnston Co.,2025-06-09,Johnston,43.0,43.0
West Johnston Co.,2025-06-10,Johnston,31.0,30.0
West Johnston Co.,2025-06-11,Johnston,,46.0
West Johnston Co.,2025-06-12,Johnston,40.0,44.0
West Johnston Co.,2025-06-13,Johnston,24.0,36.0
West Johnston Co.,2025-06-14,Johnston,29.0,34.0
West Johnston Co.,2025-06-15,Johnston,28.0,35.0
West Johnston Co.,2025-06-16,Johnston,32.0,37.0
West Johnston Co.,2025-06-17,Johnston,28.0,36.0
West Johnston Co.,2025-06-18,Johnston,32.0,45.0
West Johnston Co.,2025-06-19,Johnston,36.0,44.0
West Johnston Co.,2025-06-20,Johnston,46.0,55.0
West Johnston Co.,2025-06-21,Johnston,47.0,50.0
West Johnston Co.,2025-06-22,Johnston,43.0,56.0
West Johnston Co.,2025-06-23,Johnston,64.0,62.0
West Johnston Co.,2025-06-24,Johnston,,68.0
West Johnston Co.,2025-06-25,Johnston,,62.0
West Johnston Co.,2025-06-26,Johnston,67.0,61.0
West Johnston Co.,2025-06-27,Johnston,47.0,57.0
West Johnston Co.,2025-06-28,Johnston,39.0,52.0
West Johnston Co.,2025-06-29,Johnston,39.0,53.0
West Johnston Co.,2025-06-30,Johnston,34.0,53.0
West Johnston Co.,2025-07-01,Johnston,36.0,41.0
West Johnston Co.,2025-07-02,Johnston,24.0,39.0
West Johnston Co.,2025-07-03,Johnston,40.0,33.0
West Johnston Co.,2025-07-04,Johnston,51.0,60.0
West Johnston Co.,2025-07-05,Johnston,45.0,58.0
West Johnston Co.,2025-07-06,Johnston,,18.0
West Johnston Co.,2025-07-07,Johnston,,50.0
West Johnston Co.,2025-07-08,Johnston,,55.0
West Johnston Co.,2025-07-09,Johnston,,39.0
West Johnston Co.,2025-07-10,Johnston,35.0,41.0
West Johnston Co.,2025-07-11,Johnston,35.0,41.0
West Johnston Co.,2025-07-12,Johnston,36.0,55.0
West Johnston Co.,2025-07-13,Johnston,32.0,42.0
West Johnston Co.,2025-07-14,Johnston,36.0,38.0
West Johnston Co.,2025-07-15,Johnston,31.0,26.0
West Johnston Co.,2025-07-16,Johnston,,28.0
West Johnston Co.,2025-07-17,Johnston,27.0,47.0
West Johnston Co.,2025-07-18,Johnston,35.0,39.0
West Johnston Co.,2025-07-19,Johnston,34.0,43.0
West Johnston Co.,2025-07-20,Johnston,33.0,43.0
West Johnston Co.,2025-07-21,Johnston,44.0,49.0
West Johnston Co.,2025-07-22,Johnston,44.0,44.0
West Johnston Co.,2025-07-23,Johnston,39.0,48.0
West Johnston Co.,2025-07-24,Johnston,39.0,56.0
West Johnston Co.,2025-07-25,Johnston,39.0,59.0
West Johnston Co.,2025-07-26,Johnston,46.0,57.0
West Johnston Co.,2025-07-27,Johnston,44.0,53.0
West Johnston Co.,2025-07-28,Johnston,43.0,34.0
West Johnston Co.,2025-07-29,Johnston,42.0,39.0
West Johnston Co.,2025-07-30,Johnston,38.0,38.0
West Johnston Co.,2025-07-31,Johnston,41.0,44.0
West Johnston Co.,2025-08-01,Johnston,31.0,44.0
West Johnston Co.,2025-08-02,Johnston,30.0,18.0
West Johnston Co.,2025-08-03,Johnston,37.0,34.0
West Johnston Co.,2025-08-04,Johnston,42.0,39.0
West Johnston Co.,2025-08-05,Johnston,30.0,36.0
West Johnston Co.,2025-08-06,Johnston,29.0,26.0
West Johnston Co.,2025-08-07,Johnston,27.0,62.0
West Johnston Co.,2025-08-08,Johnston,27.0,68.0
West Johnston Co.,2025-08-09,Johnston,31.0,39.0
West Johnston Co.,2025-08-10,Johnston,27.0,29.0
West Johnston Co.,2025-08-11,Johnston,21.0,24.0
West Johnston Co.,2025-08-12,Johnston,19.0,17.0
West Johnston Co.,2025-08-13,Johnston,36.0,21.0
West Johnston Co.,2025-08-14,Johnston,31.0,38.0
West Johnston Co.,2025-08-15,Johnston,43.0,39.0
West Johnston Co.,2025-08-16,Johnston,32.0,46.0
West Johnston Co.,2025-08-17,Johnston,40.0,55.0
West Johnston Co.,2025-08-18,Johnston,39.0,52.0
West Johnston Co.,2025-08-19,Johnston,25.0,26.0
West Johnston Co.,2025-08-20,Johnston,24.0,28.0
West Johnston Co.,2025-08-21,Johnston,25.0,31.0
West Johnston Co.,2025-08-22,Johnston,30.0,25.0
West Johnston Co.,2025-08-23,Johnston,33.0,38.0
West Johnston Co.,2025-08-24,Johnston,26.0,38.0
West Johnston Co.,2025-08-25,Johnston,43.0,41.0
West Johnston Co.,2025-08-26,Johnston,33.0,31.0
West Johnston Co.,2025-08-27,Johnston,40.0,39.0
West Johnston Co.,2025-08-28,Johnston,42.0,36.0
West Johnston Co.,2025-08-29,Johnston,46.0,48.0
West Johnston Co.,2025-08-30,Johnston,42.0,45.0
West Johnston Co.,2025-08-31,Johnston,38.0,23.0
West Johnston Co.,2025-09-01,Johnston,33.0,31.0
West Johnston Co.,2025-09-02,Johnston,35.0,21.0
West Johnston Co.,2025-09-03,Johnston,42.0,38.0
West Johnston Co.,2025-09-04,Johnston,47.0,52.0
West Johnston Co.,2025-09-05,Johnston,43.0,52.0
West Johnston Co.,2025-09-06,Johnston,40.0,51.0
West Johnston Co.,2025-09-07,Johnston,21.0,42.0
West Johnston Co.,2025-09-08,Johnston,38.0,24.0
West Johnston Co.,2025-09-09,Johnston,31.0,29.0
West Johnston Co.,2025-09-10,Johnston,20.0,14.0
West Johnston Co.,2025-09-11,Johnston,24.0,25.0
West Johnston Co.,2025-09-12,Johnston,41.0,33.0
West Johnston Co.,2025-09-13,Johnston,42.0,42.0
West Johnston Co.,2025-09-14,Johnston,41.0,49.0
West Johnston Co.,2025-09-15,Johnston,41.0,43.0
West Johnston Co.,2025-09-16,Johnston,37.0,29.0
West Johnston Co.,2025-09-17,Johnston,35.0,28.0
West Johnston Co.,2025-09-18,Johnston,41.0,23.0
West Johnston Co.,2025-09-19,Johnston,49.0,54.0
West Johnston Co.,2025-09-20,Johnston,49.0,52.0
West Johnston Co.,2025-09-21,Johnston,43.0,54.0
West Johnston Co.,2025-09-22,Johnston,41.0,34.0
West Johnston Co.,2025-09-23,Johnston,45.0,43.0
West Johnston Co.,2025-09-24,Johnston,44.0,43.0
West Johnston Co.,2025-09-25,Johnston,,50.0
West Johnston Co.,2025-09-26,Johnston,31.0,51.0
West Johnston Co.,2025-09-27,Johnston,24.0,32.0
West Johnston Co.,2025-09-28,Johnston,33.0,27.0
West Johnston Co.,2025-09-29,Johnston,24.0,33.0
West Johnston Co.,2025-09-30,Johnston,31.0,52.0
West Johnston Co.,2025-10-01,Johnston,31.0,39.0
West Johnston Co.,2025-10-02,Johnston,30.0,23.0
West Johnston Co.,2025-10-03,Johnston,33.0,
West Johnston Co.,2025-10-04,Johnston,33.0,
West Johnston Co.,2025-10-05,Johnston,31.0,
West Johnston Co.,2025-10-06,Johnston,35.0,
West Johnston Co.,2025-10-07,Johnston,31.0,
West Johnston Co.,2025-10-08,Johnston,28.0,19.0
West Johnston Co.,2025-10-09,Johnston,35.0,22.0
West Johnston Co.,2025-10-10,Johnston,34.0,23.0
West Johnston Co.,2025-10-11,Johnston,24.0,22.0
West Johnston Co.,2025-10-12,Johnston,29.0,4.0
West Johnston Co.,2025-10-13,Johnston,25.0,
West Johnston Co.,2025-10-14,Johnston,22.0,
West Johnston Co.,2025-10-15,Johnston,35.0,
West Johnston Co.,2025-10-16,Johnston,34.0,
West Johnston Co.,2025-10-17,Johnston,36.0,13.0
West Johnston Co.,2025-10-18,Johnston,39.0,55.0
West Johnston Co.,2025-10-19,Johnston,41.0,28.0
West Johnston Co.,2025-10-20,Johnston,34.0,15.0
West Johnston Co.,2025-10-21,Johnston,44.0,41.0
West Johnston Co.,2025-10-22,Johnston,42.0,53.0
West Johnston Co.,2025-10-23,Johnston,38.0,29.0
West Johnston Co.,2025-10-24,Johnston,37.0,23.0
West Johnston Co.,2025-10-25,Johnston,31.0,22.0
West Johnston Co.,2025-10-26,Johnston,31.0,19.0
West Johnston Co.,2025-10-27,Johnston,35.0,18.0
West Johnston Co.,2025-10-28,Johnston,29.0,11.0
West Johnston Co.,2025-10-29,Johnston,16.0,15.0
West Johnston Co.,2025-10-30,Johnston,24.0,19.0
West Johnston Co.,2025-10-31,Johnston,34.0,19.0
West Johnston Co.,2025-11-01,Johnston,34.0,47.0
West Johnston Co.,2025-11-02,Johnston,33.0,63.0
West Johnston Co.,2025-11-03,Johnston,,29.0
West Johnston Co.,2025-11-04,Johnston,,32.0
West Johnston Co.,2025-11-05,Johnston,,46.0
West Johnston Co.,2025-11-06,Johnston,,47.0
West Johnston Co.,2025-11-07,Johnston,,54.0
West Johnston Co.,2025-11-08,Johnston,,56.0
West Johnston Co.,2025-11-09,Johnston,,56.0
West Johnston Co.,2025-11-10,Johnston,,1.0
West Johnston Co.,2025-11-11,Johnston,,11.0
West Johnston Co.,2025-11-12,Johnston,,49.0
West Johnston Co.,2025-11-13,Johnston,,52.0
West Johnston Co.,2025-11-14,Johnston,,49.0
West Johnston Co.,2025-11-15,Johnston,,54.0
West Johnston Co.,2025-11-16,Johnston,,46.0
West Johnston Co.,2025-11-17,Johnston,,27.0
West Johnston Co.,2025-11-18,Johnston,,46.0
West Johnston Co.,2025-11-19,Johnston,,53.0
West Johnston Co.,2025-11-20,Johnston,,52.0
West Johnston Co.,2025-11-21,Johnston,,65.0
West Johnston Co.,2025-11-22,Johnston,,56.0
West Johnston Co.,2025-11-23,Johnston,,40.0
West Johnston Co.,2025-11-24,Johnston,,41.0
West Johnston Co.,2025-11-25,Johnston,,47.0
West Johnston Co.,2025-11-26,Johnston,,33.0
West Johnston Co.,2025-11-27,Johnston,,11.0
West Johnston Co.,2025-11-28,Johnston,,23.0
West Johnston Co.,2025-11-29,Johnston,,36.0
West Johnston Co.,2025-11-30,Johnston,,41.0
West Johnston Co.,2025-12-01,Johnston,,22.0
West Johnston Co.,2025-12-02,Johnston,,31.0
West Johnston Co.,2025-12-03,Johnston,,32.0
West Johnston Co.,2025-12-04,Johnston,,58.0
West Johnston Co.,2025-12-05,Johnston,,33.0
West Johnston Co.,2025-12-06,Johnston,,44.0
West Johnston Co.,2025-12-07,Johnston,,59.0
West Johnston Co.,2025-12-08,Johnston,,44.0
West Johnston Co.,2025-12-09,Johnston,,28.0
West Johnston Co.,2025-12-10,Johnston,,43.0
West Johnston Co.,2025-12-11,Johnston,,17.0
West Johnston Co.,2025-12-12,Johnston,,34.0
West Johnston Co.,2025-12-13,Johnston,,58.0
West Johnston Co.,2025-12-14,Johnston,,31.0
West Johnston Co.,2025-12-15,Johnston,,24.0
West Johnston Co.,2025-12-16,Johnston,,34.0
West Johnston Co.,2025-12-17,Johnston,,56.0
West Johnston Co.,2025-12-18,Johnston,,55.0
West Johnston Co.,2025-12-19,Johnston,,7.0
West Johnston Co.,2025-12-20,Johnston,,26.0
West Johnston Co.,2025-12-21,Johnston,,30.0
West Johnston Co.,2025-12-22,Johnston,,21.0
West Johnston Co.,2025-12-23,Johnston,,50.0
West Johnston Co.,2025-12-24,Johnston,,41.0
West Johnston Co.,2025-12-25,Johnston,,55.0
West Johnston Co.,2025-12-26,Johnston,,34.0
West Johnston Co.,2025-12-27,Johnston,,41.0
West Johnston Co.,2025-12-28,Johnston,,34.0
West Johnston Co.,2025-12-29,Johnston,,21.0
West Johnston Co.,2025-12-30,Johnston,,21.0
West Johnston Co.,2025-12-31,Johnston,,25.0
